Query,Best Match,Similarity Score
10autauga,10autauga,1.0
10baldwin,10baldwin,0.9999998807907104
10barbour,10barbour,1.0000001192092896
10bibb,10bibb,1.0
10blount,10blount,1.0
10bullock,10bullock,0.9999999403953552
10butler,10butler,1.0
10calhoun,10calhoun,1.0000001192092896
10chambers,10chambers,1.0
10cherokee,10cherokee,1.0
10chilton,10chilton,1.0000001192092896
10choctaw,10choctaw,0.9999999403953552
10clarke,10clarke,1.0
10clay,10clay,1.000000238418579
10cleburne,10cleburne,1.0
10coffee,10coffee,1.0000001192092896
10colbert,10colbert,1.0
10conecuh,10conecuh,1.0
10coosa,10coosa,1.0
10covington,10covington,1.0000001192092896
10crenshaw,10crenshaw,1.0
10cullman,10cullman,1.000000238418579
10dale,10dale,1.0
10dallas,10dallas,1.0
10dekalb,10dekalb,1.0
10elmore,10elmore,1.0
10escambia,10escambia,1.000000238418579
10etowah,10etowah,1.0
10fayette,10fayette,1.0
10franklin,10franklin,1.0000001192092896
10geneva,10geneva,1.0
10greene,10greene,1.0
10hale,10hale,1.0
10henry,10henry,1.0
10houston,10houston,1.0
10jackson,10jackson,1.0
10jefferson,10jefferson,1.0000001192092896
10kent,10kent,1.0
10lamar,10lamar,0.9999999403953552
10lauderdale,10lauderdale,1.0000001192092896
10lawrence,10lawrence,1.0
10lee,10lee,1.000000238418579
10limestone,10limestone,1.0000001192092896
10lowndes,10lowndes,1.0
10macon,10macon,1.0
10madison,10madison,1.000000238418579
10marengo,10marengo,1.0
10marion,10marion,1.0000001192092896
10marshall,10marshall,0.9999999403953552
10mobile,10mobile,1.0
10monroe,10monroe,1.0000001192092896
10new castle,10new,0.5131672620773315
10sussex,10sussex,1.0
11district of columbia ,11district,0.6149439811706543
11montgomery,11montgomery,1.0
11morgan,11morgan,1.0
11perry,11perry,1.0
11pickens,11pickens,1.0
11pike,11pike,1.0000001192092896
11randolph,11randolph,1.0
11russell,11russell,1.0
11shelby,11shelby,1.0000001192092896
11st. clair,11st.,0.732846736907959
11sumter,11sumter,1.000000238418579
11talladega,11talladega,1.0
11tallapoosa,11tallapoosa,1.0000001192092896
11tuscaloosa,11tuscaloosa,1.0
11walker,11walker,1.0000001192092896
11washington,11washington,1.0
11wilcox,11wilcox,1.0000001192092896
11winston,11winston,0.9999999403953552
12alachua,12alachua,1.0
12baker,12baker,1.0000001192092896
12bay,12bay,1.0
12bradford,12bradford,1.0
12brevard,12brevard,1.0000001192092896
12broward,12broward,1.000000238418579
12calhoun,12calhoun,1.0
12charlotte,12charlotte,1.0
12citrus,12citrus,1.0
12clay,12clay,1.0000001192092896
12collier,12collier,1.0
12columbia,12columbia,1.0000001192092896
12desoto,12desoto,1.0
12dixie,12dixie,1.0000001192092896
12duval,12duval,1.0
12escambia,12escambia,1.0
12flagler,12flagler,1.0
12franklin,12franklin,1.0000001192092896
12gadsden,12gadsden,1.0
12gilchrist,12gilchrist,1.000000238418579
12glades,12glades,1.0
12gulf,12gulf,0.9999999403953552
12hamilton,12hamilton,0.9999999403953552
12hardee,12hardee,1.0
12hendry,12hendry,1.0
12hernando,12hernando,0.9999999403953552
12highlands,12highlands,1.0
12hillsborough,12hillsborough,1.0
12holmes,12holmes,1.0
12indian river,12indian,0.6909874677658081
12jackson,12jackson,1.0000001192092896
12jefferson,12jefferson,1.0
12lafayette,12lafayette,1.0
12lake,12lake,1.0
12lee,12lee,1.0
12leon,12leon,0.9999998807907104
12levy,12levy,0.9999999403953552
12liberty,12liberty,1.0
12madison,12madison,1.0000001192092896
12manatee,12manatee,1.0
12marion,12marion,1.0
12martin,12martin,0.9999999403953552
12miami-dade,12miami-dade,1.0
12monroe,12monroe,1.0000001192092896
12nassau,12nassau,1.0
12okaloosa,12okaloosa,1.0000001192092896
12okeechobee,12okeechobee,1.0
12orange,12orange,1.0
12osceola,12osceola,1.0
12palm beach,12palm,0.5977960824966431
12pasco,12pasco,1.0
12pinellas,12pinellas,1.0
12polk,12polk,1.0000001192092896
12putnam,12putnam,1.0
12santa rosa,12santa,0.7852803468704224
12sarasota,12sarasota,1.0
12seminole,12seminole,1.0
12st. johns,12st.,0.7097421884536743
12st. lucie,12st.,0.4909656047821045
12sumter,12sumter,1.0
12suwannee,12suwannee,0.9999999403953552
12taylor,12taylor,1.0
12union,12union,1.0
12volusia,12volusia,1.0
12wakulla,12wakulla,1.0
12walton,12walton,1.0
12washington,12washington,1.0
13appling,13appling,1.0000001192092896
13atkinson,13atkinson,1.0
13bacon,13bacon,1.0000001192092896
13baker,13baker,1.0
13baldwin,13baldwin,1.0
13banks,13banks,1.0000001192092896
13barrow,13barrow,1.0000001192092896
13bartow,13bartow,1.0000001192092896
13ben hill,13ben,0.7741820812225342
13berrien,13berrien,1.0000001192092896
13bibb,13bibb,1.0
13bleckley,13bleckley,1.0
13brantley,13brantley,1.0000001192092896
13brooks,13brooks,1.0
13bryan,13bryan,1.0
13bulloch,13bulloch,1.0
13burke,13burke,1.0
13butts,13butts,1.0
13calhoun,13calhoun,1.0
13camden,13camden,1.0
13candler,13candler,1.0000001192092896
13carroll,13carroll,1.0000001192092896
13catoosa,13catoosa,1.000000238418579
13charlton,13charlton,1.0
13chatham,13chatham,1.0000001192092896
13chattahoochee,13chattahoochee,1.0000001192092896
13chattooga,13chattooga,1.0
13cherokee,13cherokee,1.0
13clarke,13clarke,1.0
13clay,13clay,1.000000238418579
13clayton,13clayton,1.0
13clinch,13clinch,1.0
13cobb,13cobb,1.0
13coffee,13coffee,1.0
13colquitt,13colquitt,1.000000238418579
13columbia,13columbia,1.0
13cook,13cook,0.9999999403953552
13coweta,13coweta,1.0000001192092896
13crawford,13crawford,1.0
13crisp,13crisp,1.0
13dade,13dade,1.0
13dawson,13dawson,1.0
13decatur,13decatur,1.0
13dekalb,13dekalb,0.9999999403953552
13dodge,13dodge,1.0
13dooly,13dooly,1.0
13dougherty,13dougherty,1.0
13douglas,13douglas,1.000000238418579
13early,13early,1.0
13echols,13echols,1.0
13effingham,13effingham,1.0000001192092896
13elbert,13elbert,1.0
13emanuel,13emanuel,1.000000238418579
13evans,13evans,1.0000001192092896
13fannin,13fannin,0.9999999403953552
13fayette,13fayette,1.0
13floyd,13floyd,1.000000238418579
13forsyth,13forsyth,1.0
13franklin,13franklin,1.0000001192092896
13fulton,13fulton,1.0
13gilmer,13gilmer,1.0000001192092896
13glascock,13glascock,1.0000001192092896
13glynn,13glynn,1.0
13gordon,13gordon,1.0
13grady,13grady,1.0
13greene,13greene,1.0
13gwinnett,13gwinnett,1.0
13habersham,13habersham,1.0
13hall,13hall,1.0
13hancock,13hancock,1.0
13haralson,13haralson,1.000000238418579
13harris,13harris,1.0000001192092896
13hart,13hart,1.0
13heard,13heard,1.0
13henry,13henry,1.0000001192092896
13houston,13houston,1.0
13irwin,13irwin,1.0
13jackson,13jackson,1.0000001192092896
13jasper,13jasper,1.0000001192092896
13jeff davis,13jeff,0.730104923248291
13jefferson,13jefferson,1.0
13jenkins,13jenkins,1.0
13johnson,13johnson,1.0
13jones,13jones,1.0000001192092896
13lamar,13lamar,1.0000001192092896
13lanier,13lanier,1.0
13laurens,13laurens,1.0000001192092896
13lee,13lee,1.0
13liberty,13liberty,1.0000001192092896
13lincoln,13lincoln,1.0000001192092896
13long,13long,0.9999999403953552
13lowndes,13lowndes,1.0
13lumpkin,13lumpkin,1.0
13macon,13macon,1.0
13madison,13madison,1.0
13marion,13marion,1.0000001192092896
13mcduffie,13mcduffie,1.0000001192092896
13mcintosh,13mcintosh,1.0
13meriwether,13meriwether,1.0
13miller,13miller,1.0
13mitchell,13mitchell,1.0
13monroe,13monroe,1.0
13montgomery,13montgomery,1.0
13morgan,13morgan,1.0
13murray,13murray,1.0
13muscogee,13muscogee,1.0
13newton,13newton,1.0000001192092896
13oconee,13oconee,1.0
13oglethorpe,13oglethorpe,1.0000001192092896
13paulding,13paulding,1.0
13peach,13peach,1.0
13pickens,13pickens,1.0000001192092896
13pierce,13pierce,1.0
13pike,13pike,1.0
13polk,13polk,1.0000001192092896
13pulaski,13pulaski,1.0
13putnam,13putnam,0.9999999403953552
13quitman,13quitman,1.0
13rabun,13rabun,1.0
13randolph,13randolph,1.0000001192092896
13richmond,13richmond,1.0
13rockdale,13rockdale,1.0000001192092896
13schley,13schley,0.9999999403953552
13screven,13screven,1.0
13seminole,13seminole,1.0
13spalding,13spalding,0.9999998807907104
13stephens,13stephens,1.0000001192092896
13stewart,13stewart,1.0
13sumter,13sumter,0.9999999403953552
13talbot,13talbot,1.0
13taliaferro,13taliaferro,1.0
13tattnall,13tattnall,1.0
13taylor,13taylor,1.0
13telfair,13telfair,0.9999999403953552
13terrell,13terrell,1.0
13thomas,13thomas,1.0
13tift,13tift,1.0
13toombs,13toombs,1.0000001192092896
13towns,13towns,1.0000001192092896
13treutlen,13treutlen,1.0
13troup,13troup,1.0000001192092896
13turner,13turner,1.0
13twiggs,13twiggs,1.0
13union,13union,1.0000001192092896
13upson,13upson,1.0
13walker,13walker,1.0
13walton,13walton,1.0
13ware,13ware,1.0
13warren,13warren,0.9999999403953552
13washington,13washington,1.0
13wayne,13wayne,0.9999999403953552
13webster,13webster,1.0
13wheeler,13wheeler,1.0
13white,13white,1.0
13whitfield,13whitfield,0.9999999403953552
13wilcox,13wilcox,1.0000001192092896
13wilkes,13wilkes,1.0
13wilkinson,13wilkinson,1.0
13worth,13worth,1.0000001192092896
15hawaiʻi,15hawaii,0.7619161009788513
15honolulu,15honolulu,1.0000001192092896
15kalawao ,15kalawao,1.0000001192092896
15kauaʻi,15kauai,0.790812611579895
15maui,15maui,0.9999998807907104
16ada,16ada,1.0
16adams,16adams,1.0000001192092896
16bannock,16bannock,1.0000001192092896
16bear lake,16bear,0.6699344515800476
16benewah,16benewah,1.0
16bingham,16bingham,1.0
16blaine,16blaine,0.9999999403953552
16boise,16boise,1.0
16bonner,16bonner,1.0
16bonneville,16bonneville,0.9999999403953552
16boundary,16boundary,1.0000001192092896
16butte,16butte,1.0
16camas,16camas,1.0
16canyon,16canyon,0.9999998807907104
16caribou,16caribou,1.0
16cassia,16cassia,1.0
16clark,16clark,0.9999999403953552
16clearwater,16clearwater,1.0
16custer,16custer,0.9999998807907104
16elmore,16elmore,1.0
16franklin,16franklin,1.0
16fremont,16fremont,1.0000001192092896
16gem,16gem,0.9999999403953552
16gooding,16gooding,1.0
16idaho,16idaho,1.0
16jefferson,16jefferson,1.0
16jerome,16jerome,1.0
16kootenai,16kootenai,1.0
16latah,16latah,0.9999999403953552
16lemhi,16lemhi,0.9999999403953552
16lewis,16lewis,1.0
16lincoln,16lincoln,1.0000001192092896
16madison,16madison,0.9999999403953552
16minidoka,16minidoka,1.0
16nez perce,16nez,0.7890799045562744
16oneida,16oneida,1.0
16owyhee,16owyhee,1.0
16payette,16payette,1.0
16power,16power,1.0
16shoshone,16shoshone,1.0
16teton,16teton,1.0
16twin falls,16twin,0.696370005607605
16valley,16valley,1.0
16washington,16washington,1.0
17adams,17adams,1.0
17alexander,17alexander,1.0000001192092896
17bond,17bond,1.0
17boone,17boone,1.0
17brown,17brown,0.9999999403953552
17bureau,17bureau,1.0000001192092896
17calhoun,17calhoun,1.0
17carroll,17carroll,1.000000238418579
17cass,17cass,1.0
17champaign,17champaign,1.0000001192092896
17christian,17christian,1.0
17clark,17clark,1.0
17clay,17clay,1.0
17clinton,17clinton,1.0
17coles,17coles,1.0
17cook,17cook,1.0000001192092896
17crawford,17crawford,1.0
17cumberland,17cumberland,1.0
17de witt,17de,0.8047916889190674
17dekalb,17dekalb,1.0
17douglas,17douglas,0.9999999403953552
17dupage,17dupage,1.0
17edgar,17edgar,1.0000001192092896
17edwards,17edwards,1.0
17effingham,17effingham,1.0
17fayette,17fayette,1.0000001192092896
17ford,17ford,1.0
17franklin,17franklin,1.0
17fulton,17fulton,1.0
17gallatin,17gallatin,1.0
17greene,17greene,1.0
17grundy,17grundy,1.0
17hamilton,17hamilton,1.0000001192092896
17hancock,17hancock,1.0000001192092896
17hardin,17hardin,1.0
17henderson,17henderson,0.9999998807907104
17henry,17henry,1.0000001192092896
17iroquois,17iroquois,1.0
17jackson,17jackson,1.0
17jasper,17jasper,1.0
17jefferson,17jefferson,1.0
17jersey,17jersey,1.0
17jo daviess,17jo,0.6442074179649353
17johnson,17johnson,1.0000001192092896
17kane,17kane,1.0
17kankakee,17kankakee,0.9999999403953552
17kendall,17kendall,0.9999999403953552
17knox,17knox,1.0
17la salle,17lake,0.4960850179195404
17lake,17lake,1.0
17lawrence,17lawrence,1.0
17lee,17lee,1.0
17livingston,17livingston,1.0
17logan,17logan,1.0
17macon,17macon,0.9999999403953552
17macoupin,17macoupin,1.0
17madison,17madison,1.0000001192092896
17marion,17marion,1.0
17marshall,17marshall,1.0
17mason,17mason,1.0
17massac,17massac,1.0000001192092896
17mcdonough,17mcdonough,1.0
17mchenry,17mchenry,1.0
17mclean,17mclean,1.0
17menard,17menard,1.0
17mercer,17mercer,1.0
17monroe,17monroe,1.0
17montgomery,17montgomery,0.9999999403953552
17morgan,17morgan,1.0
17moultrie,17moultrie,1.0
17ogle,17ogle,1.0
17peoria,17peoria,0.9999999403953552
17perry,17perry,1.0000001192092896
17piatt,17piatt,1.0
17pike,17pike,1.0000001192092896
17pope,17pope,1.0
17pulaski,17pulaski,1.0000001192092896
17putnam,17putnam,1.0
17randolph,17randolph,1.0
17richland,17richland,1.0000001192092896
17rock island,17rock,0.7407562732696533
17saline,17saline,1.0
17sangamon,17sangamon,1.0
17schuyler,17schuyler,1.0
17scott,17scott,1.0000001192092896
17shelby,17shelby,1.0
17st. clair,17st.,0.7299706935882568
17stark,17stark,0.9999999403953552
17stephenson,17stephenson,1.0000001192092896
17tazewell,17tazewell,1.0
17union,17union,0.9999998807907104
17vermilion,17vermilion,1.0
17wabash,17wabash,1.0
17warren,17warren,1.0
17washington,17washington,1.0
17wayne,17wayne,1.0000001192092896
17white,17white,1.0000001192092896
17whiteside,17whiteside,1.0
17will,17will,1.0
17williamson,17williamson,1.0000001192092896
17winnebago,17winnebago,1.0
17woodford,17woodford,1.0000001192092896
18adams,18adams,1.0
18allen,18allen,1.0000001192092896
18bartholomew,18bartholomew,1.0
18benton,18benton,1.0
18blackford,18blackford,1.0000001192092896
18boone,18boone,1.0000001192092896
18brown,18brown,1.0000001192092896
18carroll,18carroll,1.0
18cass,18cass,1.000000238418579
18clark,18clark,1.0
18clay,18clay,1.0
18clinton,18clinton,1.0
18crawford,18crawford,1.000000238418579
18daviess,18daviess,1.0
18dearborn,18dearborn,1.0
18decatur,18decatur,1.0
18dekalb,18dekalb,1.0
18delaware,18delaware,1.0
18dubois,18dubois,1.0
18elkhart,18elkhart,1.0000001192092896
18fayette,18fayette,1.0000001192092896
18floyd,18floyd,1.0000001192092896
18fountain,18fountain,1.0000001192092896
18franklin,18franklin,1.0000001192092896
18fulton,18fulton,1.0
18gibson,18gibson,1.0000001192092896
18grant,18grant,0.9999999403953552
18greene,18greene,0.9999999403953552
18hamilton,18hamilton,1.0000001192092896
18hancock,18hancock,1.0
18harrison,18harrison,1.0000001192092896
18hendricks,18hendricks,1.0
18henry,18henry,0.9999999403953552
18howard,18howard,1.0
18huntington,18huntington,0.9999999403953552
18jackson,18jackson,1.0
18jasper,18jasper,1.000000238418579
18jay,18jay,0.9999999403953552
18jefferson,18jefferson,1.0000001192092896
18jennings,18jennings,1.0
18johnson,18johnson,1.0000001192092896
18knox,18knox,0.9999999403953552
18kosciusko,18kosciusko,1.0
18lagrange,18lagrange,1.0
18lake,18lake,1.0
18laporte,18laporte,1.0
18lawrence,18lawrence,1.0
18madison,18madison,1.0
18marion,18marion,1.0
18marshall,18marshall,1.0
18martin,18martin,1.0000001192092896
18miami,18miami,1.0000001192092896
18monroe,18monroe,0.9999999403953552
18montgomery,18montgomery,1.0000001192092896
18morgan,18morgan,1.0
18newton,18newton,1.0
18noble,18noble,1.0
18ohio,18ohio,1.0
18orange,18orange,1.0000001192092896
18owen,18owen,1.0
18parke,18parke,1.0
18perry,18perry,0.9999999403953552
18pike,18pike,0.9999999403953552
18porter,18porter,1.0
18posey,18posey,1.0
18pulaski,18pulaski,1.0
18putnam,18putnam,1.0
18randolph,18randolph,1.0
18ripley,18ripley,1.0
18rush,18rush,1.0
18scott,18scott,0.9999999403953552
18shelby,18shelby,1.0
18spencer,18spencer,1.0000001192092896
18st. joseph,18st.,0.687893271446228
18starke,18starke,1.0
18steuben,18steuben,1.0
18sullivan,18sullivan,1.0000001192092896
18switzerland,18switzerland,1.0
18tippecanoe,18tippecanoe,1.0
18tipton,18tipton,1.0
18union,18union,1.0
18vanderburgh,18vanderburgh,1.0
18vermillion,18vermillion,1.0
18vigo,18vigo,1.0
18wabash,18wabash,1.0000001192092896
18warren,18warren,1.0
18warrick,18warrick,1.0000001192092896
18washington,18washington,1.0
18wayne,18wayne,1.0000001192092896
18wells,18wells,1.0
18white,18white,1.0
18whitley,18whitley,1.0000001192092896
19adair,19adair,1.0000001192092896
19adams,19adams,1.0
19allamakee,19allamakee,1.0
19appanoose,19appanoose,1.000000238418579
19audubon,19audubon,1.0000001192092896
19benton,19benton,1.0000001192092896
19black hawk,19black,0.7722102403640747
19boone,19boone,1.0
19bremer,19bremer,1.0000001192092896
19buchanan,19buchanan,1.0000001192092896
19buena vista,19buena,0.7275837659835815
19butler,19butler,1.0000001192092896
19calhoun,19calhoun,1.0
19carroll,19carroll,1.000000238418579
19cass,19cass,1.0
19cedar,19cedar,1.0
19cerro gordo,19cerro,0.7758866548538208
19cherokee,19cherokee,0.9999999403953552
19chickasaw,19chickasaw,1.0
19clarke,19clarke,1.0
19clay,19clay,1.0000001192092896
19clayton,19clayton,1.0000001192092896
19clinton,19clinton,0.9999999403953552
19crawford,19crawford,1.0000001192092896
19dallas,19dallas,1.0
19davis,19davis,1.0
19decatur,19decatur,1.0000001192092896
19delaware,19delaware,1.0
19des moines,19des,0.53353351354599
19dickinson,19dickinson,1.0
19dubuque,19dubuque,1.0000001192092896
19emmet,19emmet,0.9999999403953552
19fayette,19fayette,1.0
19floyd,19floyd,0.9999999403953552
19franklin,19franklin,1.0
19fremont,19fremont,1.0
19greene,19greene,1.0
19grundy,19grundy,1.0
19guthrie,19guthrie,0.9999999403953552
19hamilton,19hamilton,1.0
19hancock,19hancock,1.0
19hardin,19hardin,1.0
19harrison,19harrison,1.0000001192092896
19henry,19henry,1.0000001192092896
19howard,19howard,1.0000001192092896
19humboldt,19humboldt,1.000000238418579
19ida,19ida,1.0
19iowa,19iowa,1.0000001192092896
19jackson,19jackson,1.0
19jasper,19jasper,1.0000001192092896
19jefferson,19jefferson,0.9999998807907104
19johnson,19johnson,1.0
19jones,19jones,1.0
19keokuk,19keokuk,1.0000001192092896
19kossuth,19kossuth,1.0000001192092896
19lee,19lee,1.0000001192092896
19linn,19linn,1.0
19louisa,19louisa,1.0
19lucas,19lucas,1.0
19lyon,19lyon,1.0000001192092896
19madison,19madison,1.0000001192092896
19mahaska,19mahaska,1.0
19marion,19marion,0.9999999403953552
19marshall,19marshall,1.0
19mills,19mills,1.0
19mitchell,19mitchell,1.0
19monona,19monona,1.0000001192092896
19monroe,19monroe,1.0
19montgomery,19montgomery,1.000000238418579
19muscatine,19muscatine,1.0
19o'brien,19o'brien,1.0000001192092896
19osceola,19osceola,1.0000001192092896
19page,19page,1.0
19palo alto,19palo,0.7429695129394531
19plymouth,19plymouth,1.0
19pocahontas,19pocahontas,1.0
19polk,19polk,1.0
19pottawattamie,19pottawattamie,1.0000001192092896
19poweshiek,19poweshiek,1.0
19ringgold,19ringgold,1.0
19sac,19sac,1.000000238418579
19scott,19scott,1.0
19shelby,19shelby,1.0000001192092896
19sioux,19sioux,1.0000001192092896
19story,19story,1.0
19tama,19tama,1.0
19taylor,19taylor,1.0
19union,19union,1.0
19van buren,19van,0.6577126979827881
19wapello,19wapello,1.0000001192092896
19warren,19warren,1.0
19washington,19washington,1.0000001192092896
19wayne,19wayne,1.0
19webster,19webster,0.9999998807907104
19winnebago,19winnebago,1.0
19winneshiek,19winneshiek,1.0
19woodbury,19woodbury,1.0
19worth,19worth,1.0000001192092896
19wright,19wright,1.0
20aleutians east,20aleutians,0.7636051774024963
20aleutians west ,20aleutians,0.7588828802108765
20allen,20allen,1.0
20anchorage,20anchorage,1.0000001192092896
20anderson,20anderson,1.0
20atchison,20atchison,1.0
20barber,20barber,1.0
20barton,20barton,1.0000001192092896
20bethel ,20bethel,1.0
20bourbon,20bourbon,1.0000001192092896
20bristol bay,20bristol,0.7044639587402344
20brown,20brown,1.0000001192092896
20butler,20butler,0.9999999403953552
20chase,20chase,1.0
20chautauqua,20chautauqua,1.0
20cherokee,20cherokee,1.0
20cheyenne,20cheyenne,1.0
20clark,20clark,1.0000001192092896
20clay,20clay,1.0
20cloud,20cloud,1.0
20coffey,20coffey,1.0
20comanche,20comanche,1.0
20cowley,20cowley,1.0000001192092896
20crawford,20crawford,1.0
20decatur,20decatur,1.0
20denali,20denali,1.0
20dickinson,20dickinson,1.000000238418579
20dillingham ,20dillingham,1.0
20doniphan,20doniphan,1.0000001192092896
20douglas,20douglas,1.0
20edwards,20edwards,1.0000001192092896
20elk,20elk,1.0000001192092896
20ellis,20ellis,1.0
20ellsworth,20ellsworth,1.0000001192092896
20fairbanks north star,20fairbanks,0.7850415110588074
20finney,20finney,1.0000001192092896
20ford,20ford,1.0000001192092896
20franklin,20franklin,1.0
20geary,20geary,1.0
20gove,20gove,1.0000001192092896
20graham,20graham,1.0
20grant,20grant,0.9999999403953552
20gray,20gray,1.000000238418579
20greeley,20greeley,1.0
20greenwood,20greenwood,1.0
20hamilton,20hamilton,1.0
20harper,20harper,1.0000001192092896
20harvey,20harvey,1.0
20haskell,20haskell,1.0000001192092896
20hodgeman,20hodgeman,1.0000001192092896
20jackson,20jackson,1.0
20jefferson,20jefferson,1.0
20jewell,20jewell,1.0
20johnson,20johnson,0.9999999403953552
20kearny,20kearny,1.0
20kingman,20kingman,1.0
20kiowa,20kiowa,1.0000001192092896
20labette,20labette,1.0
20lane,20lane,1.0
20leavenworth,20leavenworth,1.0000001192092896
20lincoln,20lincoln,1.0000001192092896
20linn,20linn,0.9999999403953552
20logan,20logan,0.9999998807907104
20lyon,20lyon,1.0
20marion,20marion,0.9999999403953552
20marshall,20marshall,1.0
20mcpherson,20mcpherson,0.9999999403953552
20meade,20meade,1.000000238418579
20miami,20miami,1.0
20mitchell,20mitchell,1.0000001192092896
20montgomery,20montgomery,1.0000001192092896
20morris,20morris,1.0
20morton,20morton,1.0000001192092896
20nemaha,20nemaha,1.0
20neosho,20neosho,1.0
20ness,20ness,1.000000238418579
20norton,20norton,1.0000001192092896
20osage,20osage,0.9999999403953552
20osborne,20osborne,1.0
20ottawa,20ottawa,1.0
20pawnee,20pawnee,1.0
20phillips,20phillips,1.000000238418579
20pottawatomie,20pottawatomie,1.0000001192092896
20pratt,20pratt,1.0
20rawlins,20rawlins,1.000000238418579
20reno,20reno,1.0
20republic,20republic,0.9999998807907104
20rice,20rice,1.0
20riley,20riley,1.0
20rooks,20rooks,1.0000001192092896
20rush,20rush,1.0
20russell,20russell,1.0000001192092896
20saline,20saline,1.0
20scott,20scott,1.0
20sedgwick,20sedgwick,1.0
20seward,20seward,1.0
20shawnee,20shawnee,1.0
20sheridan,20sheridan,0.9999999403953552
20sherman,20sherman,0.9999999403953552
20smith,20smith,0.9999998807907104
20stafford,20stafford,1.0000001192092896
20stanton,20stanton,1.0
20stevens,20stevens,1.000000238418579
20sumner,20sumner,1.000000238418579
20thomas,20thomas,0.9999999403953552
20trego,20trego,1.0
20wabaunsee,20wabaunsee,1.0
20wallace,20wallace,0.9999999403953552
20washington,20washington,1.0
20wichita,20wichita,1.0
20wilson,20wilson,1.0
20woodson,20woodson,1.0
20wyandotte,20wyandotte,1.0000001192092896
21adair,21adair,1.0
21allen,21allen,1.0
21anderson,21anderson,0.9999999403953552
21ballard,21ballard,1.0000001192092896
21barren,21barren,1.0
21bath,21bath,1.0000001192092896
21bell,21bell,1.0
21boone,21boone,1.0000001192092896
21bourbon,21bourbon,1.0000001192092896
21boyd,21boyd,1.0000001192092896
21boyle,21boyle,1.0
21bracken,21bracken,1.0
21breathitt,21breathitt,1.0000001192092896
21breckinridge,21breckinridge,1.0
21bullitt,21bullitt,1.0
21butler,21butler,1.0000001192092896
21caldwell,21caldwell,1.0
21calloway,21calloway,1.0
21campbell,21campbell,1.0
21carlisle,21carlisle,1.0
21carroll,21carroll,1.0
21carter,21carter,1.0
21casey,21casey,1.0000001192092896
21christian,21christian,1.0000001192092896
21clark,21clark,1.0000001192092896
21clay,21clay,1.0
21clinton,21clinton,1.0000001192092896
21crittenden,21crittenden,1.0000001192092896
21cumberland,21cumberland,1.0
21daviess,21daviess,1.0
21edmonson,21edmonson,1.0
21elliott,21elliott,1.0
21estill,21estill,1.0
21fayette,21fayette,1.0
21fleming,21fleming,1.0000001192092896
21floyd,21floyd,1.0
21franklin,21franklin,1.0
21fulton,21fulton,1.0
21gallatin,21gallatin,1.0
21garrard,21garrard,1.0
21grant,21grant,1.0
21graves,21graves,1.0
21grayson,21grayson,1.0
21green,21green,1.0000001192092896
21greenup,21greenup,1.0
21haines,21haines,1.0
21hancock,21hancock,1.0
21hardin,21hardin,1.0
21harlan,21harlan,0.9999998807907104
21harrison,21harrison,1.0
21hart,21hart,1.0000001192092896
21henderson,21henderson,1.0
21henry,21henry,1.0000001192092896
21hickman,21hickman,1.0000001192092896
21hoonah-angoon ,21hopkins,0.4628039598464966
21hopkins,21hopkins,1.000000238418579
21jackson,21jackson,1.0
21jefferson,21jefferson,1.0000001192092896
21jessamine,21jessamine,1.0
21johnson,21johnson,1.0
21juneau,21juneau,1.0
21kenai peninsula,21kenai,0.7694593071937561
21kenton,21kenton,1.0
21ketchikan gateway,21ketchikan,0.7340482473373413
21knott,21knott,1.0
21knox,21knox,1.0
21kodiak island,21kodiak,0.7461220622062683
21lake and peninsula,21lake,0.7855229377746582
21larue,21larue,1.0000001192092896
21laurel,21laurel,1.0000001192092896
21lawrence,21lawrence,0.9999999403953552
21lee,21lee,1.0000001192092896
21leslie,21leslie,1.0000001192092896
21letcher,21letcher,1.0000001192092896
21lewis,21lewis,1.0
21lincoln,21lincoln,1.0
21livingston,21livingston,1.0
21logan,21logan,1.0
21lyon,21lyon,0.9999999403953552
21madison,21madison,1.0000001192092896
21magoffin,21magoffin,1.0
21marion,21marion,1.0
21marshall,21marshall,1.0
21martin,21martin,1.0
21mason,21mason,1.0
21matanuska-susitna,21matanuska-susitna,1.0
21mccracken,21mccracken,1.0
21mccreary,21mccreary,1.0000001192092896
21mclean,21mclean,1.0
21meade,21meade,1.0
21menifee,21menifee,1.0
21mercer,21mercer,1.0
21metcalfe,21metcalfe,1.0
21monroe,21monroe,1.0
21montgomery,21montgomery,1.0000001192092896
21morgan,21morgan,1.0
21muhlenberg,21muhlenberg,1.0000001192092896
21nelson,21nelson,1.0
21nicholas,21nicholas,1.0000001192092896
21nome ,21nome,1.000000238418579
21north slope,21north,0.6831381320953369
21northwest arctic,21northwest,0.7890413999557495
21ohio,21ohio,1.0000001192092896
21oldham,21oldham,1.0
21owen,21owen,1.0
21owsley,21owsley,1.0
21pendleton,21pendleton,1.0
21perry,21perry,1.0
21petersburg ,21pendleton,0.6768550872802734
21pike,21pike,0.9999998807907104
21powell,21powell,1.0000001192092896
21prince of wales-hyder ,21pendleton,0.4380323886871338
21pulaski,21pulaski,1.0
21robertson,21robertson,1.0000001192092896
21rockcastle,21rockcastle,1.0
21rowan,21rowan,1.0000001192092896
21russell,21russell,1.0
21scott,21scott,1.0
21shelby,21shelby,1.0
21simpson,21simpson,1.0
21spencer,21spencer,1.0
21taylor,21taylor,1.0
21todd,21todd,1.0
21trigg,21trigg,1.0
21trimble,21trimble,1.0
21union,21union,1.0
21warren,21warren,1.0000001192092896
21washington,21washington,1.0
21wayne,21wayne,1.0
21webster,21webster,1.0
21whitley,21whitley,1.0000001192092896
21wolfe,21wolfe,1.0000001192092896
21woodford,21woodford,1.0
22acadia,22acadia,1.0
22allen,22allen,1.0
22ascension,22ascension,1.0000001192092896
22assumption,22assumption,1.0000001192092896
22avoyelles,22avoyelles,0.9999999403953552
22beauregard,22beauregard,1.0
22bienville,22bienville,1.0000001192092896
22bossier,22bossier,1.0
22caddo,22caddo,1.0000001192092896
22calcasieu,22calcasieu,1.0
22caldwell,22caldwell,1.0
22cameron,22cameron,1.0
22catahoula,22catahoula,1.0
22claiborne,22claiborne,1.0000001192092896
22concordia,22concordia,1.0
22de soto,22de,0.594456672668457
22east baton rouge,22east,0.5633434653282166
22east carroll,22east,0.6401773691177368
22east feliciana,22east,0.7042370438575745
22evangeline,22evangeline,1.0000001192092896
22franklin,22franklin,1.0
22grant,22grant,1.0000001192092896
22iberia,22iberia,1.0
22iberville,22iberville,1.0000001192092896
22jackson,22jackson,1.0
22jefferson,22jefferson,1.0000001192092896
22jefferson davis,22jefferson,0.7752954363822937
22la salle,22lafayette,0.5568704605102539
22lafayette,22lafayette,1.000000238418579
22lafourche,22lafourche,1.000000238418579
22lincoln,22lincoln,1.0
22livingston,22livingston,1.0000001192092896
22madison,22madison,1.0
22morehouse,22morehouse,1.000000238418579
22natchitoches,22natchitoches,1.0
22orleans,22orleans,1.0000001192092896
22ouachita,22ouachita,1.0
22plaquemines,22plaquemines,1.0000001192092896
22pointe coupee,22pointe,0.7646129131317139
22rapides,22rapides,1.000000238418579
22red river,22red,0.6607891321182251
22richland,22richland,0.9999999403953552
22sabine,22sabine,1.0
22sitka,22sitka,1.0
22skagway,22sabine,0.5430681109428406
22southeast fairbanks ,22southeast,0.5616296529769897
22st. bernard,22st.,0.7600185871124268
22st. charles,22st.,0.7723837494850159
22st. helena,22st.,0.6956616044044495
22st. james,22st.,0.8044564723968506
22st. john the baptist,22st.,0.6825369596481323
22st. landry,22st.,0.75071120262146
22st. martin,22st.,0.7804855704307556
22st. mary,22st.,0.7946549654006958
22st. tammany,22st.,0.7594731450080872
22tangipahoa,22tangipahoa,1.0
22tensas,22tensas,1.0
22terrebonne,22terrebonne,1.0
22union,22union,0.9999998807907104
22valdez-cordova ,22vermilion,0.5071099400520325
22vermilion,22vermilion,1.0000001192092896
22vernon,22vernon,1.0
22wade hampton ,22washington,0.577219545841217
22washington,22washington,1.0
22webster,22webster,1.0
22west baton rouge,22west,0.6313080787658691
22west carroll,22west,0.8304382562637329
22west feliciana,22west,0.7870630025863647
22winn,22winn,1.0000001192092896
22wrangell,22washington,0.6732748746871948
22yakutat,22yakutat,0.9999999403953552
22yukon-koyukuk ,22yukon-koyukuk,1.0000001192092896
23androscoggin,23androscoggin,1.0
23aroostook,23aroostook,1.0
23cumberland,23cumberland,1.0
23franklin,23franklin,1.000000238418579
23hancock,23hancock,1.0
23kennebec,23kennebec,1.0000001192092896
23knox,23knox,1.0000001192092896
23lincoln,23lincoln,0.9999998807907104
23oxford,23oxford,1.0
23penobscot,23penobscot,1.0000001192092896
23piscataquis,23piscataquis,1.0
23sagadahoc,23sagadahoc,1.0
23somerset,23somerset,1.0000001192092896
23waldo,23waldo,1.0
23washington,23washington,1.0
23york,23york,1.0
24allegany,24allegany,1.0
24anne arundel,24anne,0.7228029370307922
24baltimore,24baltimore,1.0
24baltimore ,24baltimore,1.0
24calvert,24calvert,1.0
24caroline,24caroline,1.0
24carroll,24carroll,1.0
24cecil,24cecil,1.0000001192092896
24charles,24charles,1.0
24dorchester,24dorchester,1.0
24frederick,24frederick,1.0
24garrett,24garrett,1.0
24harford,24harford,1.0
24howard,24howard,1.0
24kent,24kent,1.0000001192092896
24montgomery,24montgomery,1.0000001192092896
24prince george's,24prince,0.6522148847579956
24queen anne's,24queen,0.676291286945343
24somerset,24somerset,1.0
24st. mary's,24st.,0.6830053329467773
24talbot,24talbot,1.0
24washington,24washington,1.0
24wicomico,24wicomico,1.0000001192092896
24worcester,24worcester,1.0000001192092896
25barnstable,25barnstable,0.9999998807907104
25berkshire,25berkshire,1.0
25bristol,25bristol,1.000000238418579
25dukes,25dukes,1.0000001192092896
25essex,25essex,1.0
25franklin,25franklin,1.0000001192092896
25hampden,25hampden,1.0000001192092896
25hampshire,25hampshire,1.0000001192092896
25middlesex,25middlesex,1.0000001192092896
25nantucket,25nantucket,1.0
25norfolk,25norfolk,1.0000001192092896
25plymouth,25plymouth,1.0
25suffolk,25suffolk,1.000000238418579
25worcester,25worcester,1.0
26alcona,26alcona,0.9999999403953552
26alger,26alger,1.0000001192092896
26allegan,26allegan,1.0
26alpena,26alpena,1.0000001192092896
26antrim,26antrim,1.0
26arenac,26arenac,0.9999999403953552
26baraga,26baraga,1.0
26barry,26barry,1.0
26bay,26bay,0.9999999403953552
26benzie,26benzie,1.0000001192092896
26berrien,26berrien,1.0
26branch,26branch,1.0
26calhoun,26calhoun,0.9999999403953552
26cass,26cass,0.9999998807907104
26charlevoix,26charlevoix,1.0
26cheboygan,26cheboygan,1.0
26chippewa,26chippewa,1.0
26clare,26clare,1.0
26clinton,26clinton,1.0
26crawford,26crawford,1.0000001192092896
26delta,26delta,1.0000001192092896
26dickinson,26dickinson,1.0000001192092896
26eaton,26eaton,1.0
26emmet,26emmet,1.0
26genesee,26genesee,0.9999999403953552
26gladwin,26gladwin,1.0
26gogebic,26gogebic,1.0
26grand traverse,26grand,0.6765642166137695
26gratiot,26gratiot,0.9999998807907104
26hillsdale,26hillsdale,1.0000001192092896
26houghton,26houghton,1.0000001192092896
26huron,26huron,1.0
26ingham,26ingham,1.0
26ionia,26ionia,1.0000001192092896
26iosco,26iosco,1.0000001192092896
26iron,26iron,1.0
26isabella,26isabella,1.0000001192092896
26jackson,26jackson,1.0
26kalamazoo,26kalamazoo,1.0
26kalkaska,26kalkaska,1.0
26kent,26kent,1.0000001192092896
26keweenaw,26keweenaw,1.0000001192092896
26lake,26lake,0.9999999403953552
26lapeer,26lapeer,1.0
26leelanau,26leelanau,1.0
26lenawee,26lenawee,1.0
26livingston,26livingston,1.0
26luce,26luce,1.0
26mackinac,26mackinac,1.0
26macomb,26macomb,1.0
26manistee,26manistee,1.0
26marquette,26marquette,1.0
26mason,26mason,1.0
26mecosta,26mecosta,1.0
26menominee,26menominee,1.0
26midland,26midland,1.0000001192092896
26missaukee,26missaukee,1.0
26monroe,26monroe,1.0000001192092896
26montcalm,26montcalm,1.0
26montmorency,26montmorency,1.0
26muskegon,26muskegon,1.0
26newaygo,26newaygo,0.9999998807907104
26oakland,26oakland,1.0
26oceana,26oceana,1.0000001192092896
26ogemaw,26ogemaw,1.0
26ontonagon,26ontonagon,1.0
26osceola,26osceola,1.000000238418579
26oscoda,26oscoda,1.0
26otsego,26otsego,1.0
26ottawa,26ottawa,1.0000001192092896
26presque isle,26presque,0.6896568536758423
26roscommon,26roscommon,1.0
26saginaw,26saginaw,1.0
26sanilac,26sanilac,1.0000001192092896
26schoolcraft,26schoolcraft,1.0
26shiawassee,26shiawassee,1.0000001192092896
26st. clair,26st.,0.7190659046173096
26st. joseph,26st.,0.7140320539474487
26tuscola,26tuscola,1.0000001192092896
26van buren,26van,0.6438771486282349
26washtenaw,26washtenaw,1.0
26wayne,26wayne,1.0000001192092896
26wexford,26wexford,1.0000001192092896
27aitkin,27aitkin,1.0000001192092896
27anoka,27anoka,1.0000001192092896
27becker,27becker,1.0
27beltrami,27beltrami,1.0000001192092896
27benton,27benton,0.9999999403953552
27big stone,27big,0.7937769889831543
27blue earth,27blue,0.6721096038818359
27brown,27brown,1.0000001192092896
27carlton,27carlton,1.0000001192092896
27carver,27carver,1.0
27cass,27cass,1.0
27chippewa,27chippewa,1.0
27chisago,27chisago,1.0000001192092896
27clay,27clay,1.000000238418579
27clearwater,27clearwater,1.0
27cook,27cook,1.0
27cottonwood,27cottonwood,1.000000238418579
27crow wing,27crow,0.7528815269470215
27dakota,27dakota,1.0
27dodge,27dodge,1.0
27douglas,27douglas,1.0
27faribault,27faribault,1.0
27fillmore,27fillmore,1.0
27freeborn,27freeborn,1.0000001192092896
27goodhue,27goodhue,0.9999999403953552
27grant,27grant,1.0
27hennepin,27hennepin,1.000000238418579
27houston,27houston,1.000000238418579
27hubbard,27hubbard,1.0
27isanti,27isanti,1.0
27itasca,27itasca,1.0
27jackson,27jackson,1.0
27kanabec,27kanabec,1.0000001192092896
27kandiyohi,27kandiyohi,1.0
27kittson,27kittson,1.0000001192092896
27koochiching,27koochiching,1.0000001192092896
27lac qui parle,27lac,0.6391107439994812
27lake,27lake,1.0
27lake of the woods,27lake,0.7805167436599731
27le sueur,27le,0.737585186958313
27lincoln,27lincoln,1.0
27lyon,27lyon,0.9999999403953552
27mahnomen,27mahnomen,1.0
27marshall,27marshall,0.9999999403953552
27martin,27martin,1.0000001192092896
27mcleod,27mcleod,1.0
27meeker,27meeker,1.0
27mille lacs,27mille,0.767421305179596
27morrison,27morrison,1.0000001192092896
27mower,27mower,1.0000001192092896
27murray,27murray,1.0
27nicollet,27nicollet,1.0
27nobles,27nobles,0.9999999403953552
27norman,27norman,1.0
27olmsted,27olmsted,1.0
27otter tail,27otter,0.8481998443603516
27pennington,27pennington,1.000000238418579
27pine,27pine,1.0
27pipestone,27pipestone,1.0
27polk,27polk,1.0
27pope,27pope,1.0
27ramsey,27ramsey,1.0
27red lake,27red,0.6234303712844849
27redwood,27redwood,1.0
27renville,27renville,1.0000001192092896
27rice,27rice,1.0
27rock,27rock,0.9999998807907104
27roseau,27roseau,1.0
27scott,27scott,1.0
27sherburne,27sherburne,0.9999999403953552
27sibley,27sibley,1.0
27st. louis,27st.,0.7103305459022522
27stearns,27stearns,1.0
27steele,27steele,1.0000001192092896
27stevens,27stevens,0.9999999403953552
27swift,27swift,1.0000001192092896
27todd,27todd,1.0000001192092896
27traverse,27traverse,1.0
27wabasha,27wabasha,1.0
27wadena,27wadena,1.0000001192092896
27waseca,27waseca,1.0000001192092896
27washington,27washington,0.9999999403953552
27watonwan,27watonwan,1.0
27wilkin,27wilkin,1.0
27winona,27winona,1.0
27wright,27wright,1.0000001192092896
27yellow medicine,27yellow,0.6060580611228943
28adams,28adams,0.9999999403953552
28alcorn,28alcorn,0.9999999403953552
28amite,28amite,1.0
28attala,28attala,1.0000001192092896
28benton,28benton,1.000000238418579
28bolivar,28bolivar,1.0
28calhoun,28calhoun,1.0
28carroll,28carroll,1.0000001192092896
28chickasaw,28chickasaw,1.0
28choctaw,28choctaw,1.0
28claiborne,28claiborne,1.0
28clarke,28clarke,1.0000001192092896
28clay,28clay,1.0000001192092896
28coahoma,28coahoma,0.9999999403953552
28copiah,28copiah,1.000000238418579
28covington,28covington,1.0000001192092896
28desoto,28desoto,1.0
28forrest,28forrest,0.9999999403953552
28franklin,28franklin,1.0
28george,28george,1.0
28greene,28greene,1.0000001192092896
28grenada,28grenada,1.0000001192092896
28hancock,28hancock,1.0
28harrison,28harrison,1.0000001192092896
28hinds,28hinds,1.0
28holmes,28holmes,1.0
28humphreys,28humphreys,1.0000001192092896
28issaquena,28issaquena,1.0
28itawamba,28itawamba,1.0
28jackson,28jackson,1.0
28jasper,28jasper,1.0
28jefferson,28jefferson,1.0
28jefferson davis,28jefferson,0.7691761255264282
28jones,28jones,1.0
28kemper,28kemper,1.0
28lafayette,28lafayette,1.0
28lamar,28lamar,1.0000001192092896
28lauderdale,28lauderdale,1.0
28lawrence,28lawrence,1.0
28leake,28leake,0.9999999403953552
28lee,28lee,1.0
28leflore,28leflore,1.0
28lincoln,28lincoln,1.0000001192092896
28lowndes,28lowndes,1.0
28madison,28madison,1.0000001192092896
28marion,28marion,0.9999999403953552
28marshall,28marshall,1.0000001192092896
28monroe,28monroe,1.0
28montgomery,28montgomery,1.0
28neshoba,28neshoba,1.0
28newton,28newton,1.0
28noxubee,28noxubee,1.0
28oktibbeha,28oktibbeha,1.0
28panola,28panola,1.0
28pearl river,28pearl,0.654927134513855
28perry,28perry,1.0
28pike,28pike,1.0
28pontotoc,28pontotoc,1.0
28prentiss,28prentiss,1.000000238418579
28quitman,28quitman,1.0
28rankin,28rankin,1.0000001192092896
28scott,28scott,1.0000001192092896
28sharkey,28sharkey,1.0
28simpson,28simpson,1.0000001192092896
28smith,28smith,1.0
28stone,28stone,1.0
28sunflower,28sunflower,1.0
28tallahatchie,28tallahatchie,1.0
28tate,28tate,1.0
28tippah,28tippah,1.0
28tishomingo,28tishomingo,1.0
28tunica,28tunica,1.0
28union,28union,1.0
28walthall,28walthall,1.0
28warren,28warren,1.0000001192092896
28washington,28washington,1.0000001192092896
28wayne,28wayne,1.0000001192092896
28webster,28webster,1.0000001192092896
28wilkinson,28wilkinson,1.0
28winston,28winston,1.0
28yalobusha,28yalobusha,1.0
28yazoo,28yazoo,1.0
29adair,29adair,1.0
29andrew,29andrew,1.0
29atchison,29atchison,1.0
29audrain,29audrain,0.9999998807907104
29barry,29barry,1.0
29barton,29barton,1.0000001192092896
29bates,29bates,1.0
29benton,29benton,1.0000001192092896
29bollinger,29bollinger,1.0
29boone,29boone,1.0
29buchanan,29buchanan,1.0
29butler,29butler,1.0
29caldwell,29caldwell,1.0
29callaway,29callaway,1.0000001192092896
29camden,29camden,1.0000001192092896
29cape girardeau,29cape,0.7529621124267578
29carroll,29carroll,1.0000001192092896
29carter,29carter,1.0
29cass,29cass,1.0
29cedar,29cedar,1.0
29chariton,29chariton,0.9999999403953552
29christian,29christian,1.0
29clark,29clark,1.0000001192092896
29clay,29clay,1.0
29clinton,29clinton,1.0
29cole,29cole,1.0000001192092896
29cooper,29cooper,1.0
29crawford,29crawford,1.0
29dade,29dade,1.0
29dallas,29dallas,1.0
29daviess,29daviess,1.0
29dekalb,29dekalb,1.0
29dent,29dent,1.0
29douglas,29douglas,1.0000001192092896
29dunklin,29dunklin,1.0000001192092896
29franklin,29franklin,1.0
29gasconade,29gasconade,1.0
29gentry,29gentry,1.0
29greene,29greene,1.0
29grundy,29grundy,1.0000001192092896
29harrison,29harrison,0.9999999403953552
29henry,29henry,1.0
29hickory,29hickory,1.0000001192092896
29holt,29holt,1.0000001192092896
29howard,29howard,1.0
29howell,29howell,1.0
29iron,29iron,1.0
29jackson,29jackson,1.0
29jasper,29jasper,1.0
29jefferson,29jefferson,1.0
29johnson,29johnson,0.9999999403953552
29knox,29knox,1.0000001192092896
29laclede,29laclede,1.0
29lafayette,29lafayette,0.9999999403953552
29lawrence,29lawrence,0.9999999403953552
29lewis,29lewis,1.0
29lincoln,29lincoln,1.0000001192092896
29linn,29linn,1.0
29livingston,29livingston,1.0
29macon,29macon,1.0
29madison,29madison,1.0
29maries,29maries,1.0000001192092896
29marion,29marion,1.0
29mcdonald,29mcdonald,1.0
29mercer,29mercer,1.0000001192092896
29miller,29miller,1.0
29mississippi,29mississippi,1.0
29moniteau,29moniteau,1.0
29monroe,29monroe,1.0000001192092896
29montgomery,29montgomery,1.0000001192092896
29morgan,29morgan,1.0000001192092896
29new madrid,29new,0.6572683453559875
29newton,29newton,1.0000001192092896
29nodaway,29nodaway,1.0000001192092896
29oregon,29oregon,1.0
29osage,29osage,1.000000238418579
29ozark,29ozark,1.0
29pemiscot,29pemiscot,1.0
29perry,29perry,1.0
29pettis,29pettis,1.0
29phelps,29phelps,1.0
29pike,29pike,1.0000001192092896
29platte,29platte,1.0
29polk,29polk,1.0
29pulaski,29pulaski,1.0
29putnam,29putnam,1.0000001192092896
29ralls,29ralls,1.0
29randolph,29randolph,1.0
29ray,29ray,1.0
29reynolds,29reynolds,1.0
29ripley,29ripley,1.0
29saline,29saline,1.0000001192092896
29schuyler,29schuyler,1.0
29scotland,29scotland,1.0000001192092896
29scott,29scott,1.0
29shannon,29shannon,1.0
29shelby,29shelby,1.0000001192092896
29st. charles,29st.,0.7479928731918335
29st. clair,29st.,0.7403279542922974
29st. francois,29st.,0.7575771808624268
29st. louis,29st.,0.7361382246017456
29st. louis ,29st.,0.7361382246017456
29ste. genevieve,29ste.,0.7638058662414551
29stoddard,29stoddard,1.0
29stone,29stone,1.0
29sullivan,29sullivan,1.000000238418579
29taney,29taney,1.0000001192092896
29texas,29texas,0.9999999403953552
29vernon,29vernon,1.0
29warren,29warren,1.0000001192092896
29washington,29washington,1.0
29wayne,29wayne,1.0
29webster,29webster,1.0
29worth,29worth,1.0
29wright,29wright,1.0
30beaverhead,30beaverhead,1.0
30big horn,30big,0.7014473676681519
30blaine,30blaine,1.0000001192092896
30broadwater,30broadwater,1.0000001192092896
30carbon,30carbon,1.0
30carter,30carter,1.0000001192092896
30cascade,30cascade,1.0000001192092896
30chouteau,30chouteau,1.0000001192092896
30custer,30custer,1.0
30daniels,30daniels,1.0000001192092896
30dawson,30dawson,1.0000001192092896
30deer lodge,30deer,0.6583658456802368
30fallon,30fallon,1.0
30fergus,30fergus,1.0
30flathead,30flathead,1.0
30gallatin,30gallatin,0.9999999403953552
30garfield,30garfield,0.9999998807907104
30glacier,30glacier,1.0
30golden valley,30golden,0.7024601697921753
30granite,30granite,0.9999998807907104
30hill,30hill,1.0
30jefferson,30jefferson,1.0
30judith basin,30judith,0.6405391693115234
30lake,30lake,1.0
30lewis and clark,30lewis,0.6808730363845825
30liberty,30liberty,1.0
30lincoln,30lincoln,1.0
30madison,30madison,1.0
30mccone,30mccone,1.0
30meagher,30meagher,1.0
30mineral,30mineral,1.0
30missoula,30missoula,1.0000001192092896
30musselshell,30musselshell,1.0000001192092896
30park,30park,1.0
30petroleum,30petroleum,1.0000001192092896
30phillips,30phillips,1.0000001192092896
30pondera,30pondera,1.0
30powder river,30powder,0.5917775630950928
30powell,30powell,1.0000001192092896
30prairie,30prairie,1.0
30ravalli,30ravalli,1.0000001192092896
30richland,30richland,1.0
30roosevelt,30roosevelt,1.0
30rosebud,30rosebud,1.0
30sanders,30sanders,1.0000001192092896
30sheridan,30sheridan,1.0
30silver bow,30silver,0.7483564615249634
30stillwater,30stillwater,1.0000001192092896
30sweet grass,30sweet,0.6701372861862183
30teton,30teton,1.0000001192092896
30toole,30toole,1.0
30treasure,30treasure,1.0
30valley,30valley,1.0
30wheatland,30wheatland,1.0
30wibaux,30wibaux,1.0
30yellowstone,30yellowstone,0.9999999403953552
31adams,31adams,1.0
31antelope,31antelope,1.0
31arthur,31arthur,1.0
31banner,31banner,0.9999999403953552
31blaine,31blaine,1.0
31boone,31boone,1.0
31box butte,31box,0.6957368850708008
31boyd,31boyd,1.0
31brown,31brown,1.0
31buffalo,31buffalo,1.0
31burt,31burt,1.0
31butler,31butler,1.0000001192092896
31cass,31cass,1.0
31cedar,31cedar,1.0
31chase,31chase,1.0
31cherry,31cherry,1.0000001192092896
31cheyenne,31cheyenne,1.0
31clay,31clay,1.0
31colfax,31colfax,1.0
31cuming,31cuming,1.0
31custer,31custer,0.9999999403953552
31dakota,31dakota,1.0
31dawes,31dawes,1.0
31dawson,31dawson,1.0
31deuel,31deuel,1.0
31dixon,31dixon,1.0000001192092896
31dodge,31dodge,1.0
31douglas,31douglas,1.0
31dundy,31dundy,1.0
31fillmore,31fillmore,1.0
31franklin,31franklin,1.0
31frontier,31frontier,1.0000001192092896
31furnas,31furnas,0.9999999403953552
31gage,31gage,1.0
31garden,31garden,1.0
31garfield,31garfield,1.0
31gosper,31gosper,1.0
31grant,31grant,1.0000001192092896
31greeley,31greeley,1.0
31hall,31hall,1.0
31hamilton,31hamilton,1.0
31harlan,31harlan,1.0
31hayes,31hayes,1.0
31hitchcock,31hitchcock,0.9999998807907104
31holt,31holt,1.000000238418579
31hooker,31hooker,1.0000001192092896
31howard,31howard,1.0
31jefferson,31jefferson,1.0
31johnson,31johnson,1.0
31kearney,31kearney,1.0
31keith,31keith,1.0
31keya paha,31keya,0.8516294956207275
31kimball,31kimball,1.0
31knox,31knox,1.0000001192092896
31lancaster,31lancaster,1.0
31lincoln,31lincoln,1.0000001192092896
31logan,31logan,1.0
31loup,31loup,1.0
31madison,31madison,1.0
31mcpherson,31mcpherson,1.0000001192092896
31merrick,31merrick,1.000000238418579
31morrill,31morrill,1.0000001192092896
31nance,31nance,1.0
31nemaha,31nemaha,1.0
31nuckolls,31nuckolls,1.0
31otoe,31otoe,1.000000238418579
31pawnee,31pawnee,1.0000001192092896
31perkins,31perkins,1.0
31phelps,31phelps,1.0
31pierce,31pierce,1.0
31platte,31platte,1.0000001192092896
31polk,31polk,1.0
31red willow,31red,0.6403071284294128
31richardson,31richardson,1.0
31rock,31rock,1.0
31saline,31saline,1.0
31sarpy,31sarpy,1.0
31saunders,31saunders,1.0000001192092896
31scotts bluff,31scotts,0.7352124452590942
31seward,31seward,1.0000001192092896
31sheridan,31sheridan,1.0000001192092896
31sherman,31sherman,1.0
31sioux,31sioux,1.0000001192092896
31stanton,31stanton,1.0000001192092896
31thayer,31thayer,1.0000001192092896
31thomas,31thomas,1.0000001192092896
31thurston,31thurston,1.0000001192092896
31valley,31valley,1.0
31washington,31washington,1.0
31wayne,31wayne,1.0
31webster,31webster,1.0000001192092896
31wheeler,31wheeler,0.9999999403953552
31york,31york,1.0
32carson city ,32carson,0.8138916492462158
32churchill,32churchill,1.0000001192092896
32clark,32clark,1.0000001192092896
32douglas,32douglas,1.0
32elko,32elko,1.0
32esmeralda,32esmeralda,1.0000001192092896
32eureka,32eureka,1.0
32humboldt,32humboldt,1.0
32lander,32lander,1.0000001192092896
32lincoln,32lincoln,1.0
32lyon,32lyon,1.0
32mineral,32mineral,1.0
32nye,32nye,1.0000001192092896
32pershing,32pershing,1.0
32storey,32storey,1.0
32washoe,32washoe,1.0000001192092896
32white pine,32white,0.6922715902328491
33belknap,33belknap,1.0000001192092896
33carroll,33carroll,1.0
33cheshire,33cheshire,1.0000001192092896
33coos,33coos,1.0
33grafton,33grafton,1.0000001192092896
33hillsborough,33hillsborough,1.0
33merrimack,33merrimack,1.0
33rockingham,33rockingham,1.0
33strafford,33strafford,1.0
33sullivan,33sullivan,1.0
34atlantic,34atlantic,1.0
34bergen,34bergen,1.0000001192092896
34burlington,34burlington,1.0000001192092896
34camden,34camden,1.0000001192092896
34cape may,34cape,0.8525400161743164
34cumberland,34cumberland,1.0
34essex,34essex,1.0
34gloucester,34gloucester,1.0000001192092896
34hudson,34hudson,1.0000001192092896
34hunterdon,34hunterdon,1.0
34mercer,34mercer,1.0
34middlesex,34middlesex,1.0
34monmouth,34monmouth,1.0
34morris,34morris,1.0
34ocean,34ocean,1.0000001192092896
34passaic,34passaic,1.0
34salem,34salem,1.0
34somerset,34somerset,1.0
34sussex,34sussex,1.0
34union,34union,1.0
34warren,34warren,1.0
35bernalillo,35bernalillo,0.9999999403953552
35catron,35catron,1.0
35chaves,35chaves,1.0000001192092896
35cibola,35cibola,0.9999999403953552
35colfax,35colfax,0.9999999403953552
35curry,35curry,1.0000001192092896
35de baca,35de,0.7049928903579712
35dona ana,35do??a,0.6072068214416504
35eddy,35eddy,1.0000001192092896
35grant,35grant,0.9999999403953552
35guadalupe,35guadalupe,1.0
35harding,35harding,1.0
35hidalgo,35hidalgo,1.0
35lea,35lea,1.000000238418579
35lincoln,35lincoln,1.0
35los alamos,35los,0.6640392541885376
35luna,35luna,1.000000238418579
35mckinley,35mckinley,1.0
35mora,35mora,1.0000001192092896
35otero,35otero,1.0
35quay,35quay,1.0
35rio arriba,35rio,0.744158148765564
35roosevelt,35roosevelt,1.0
35san juan,35san,0.7873072624206543
35san miguel,35san,0.7887887954711914
35sandoval,35sandoval,1.0
35santa fe,35santa,0.890842080116272
35sierra,35sierra,1.0
35socorro,35socorro,1.0
35taos,35taos,1.0
35torrance,35torrance,1.0
35union,35union,1.0000001192092896
35valencia,35valencia,1.0
36albany,36albany,1.0000001192092896
36allegany,36allegany,1.000000238418579
36bronx ,36bronx,1.0
36broome,36broome,1.0
36cattaraugus,36cattaraugus,1.0
36cayuga,36cayuga,0.9999999403953552
36chautauqua,36chautauqua,1.0000001192092896
36chemung,36chemung,1.0
36chenango,36chenango,1.0
36clinton,36clinton,1.0
36columbia,36columbia,1.0
36cortland,36cortland,1.000000238418579
36delaware,36delaware,1.0
36dutchess,36dutchess,1.0
36erie,36erie,1.0
36essex,36essex,1.0
36franklin,36franklin,1.0
36fulton,36fulton,1.0
36genesee,36genesee,1.0
36greene,36greene,1.0
36hamilton,36hamilton,1.0
36herkimer,36herkimer,1.0000001192092896
36jefferson,36jefferson,1.0
36kings ,36kings,1.0000001192092896
36lewis,36lewis,1.0
36livingston,36livingston,1.0000001192092896
36madison,36madison,1.0000001192092896
36monroe,36monroe,1.0000001192092896
36montgomery,36montgomery,1.0000001192092896
36nassau,36nassau,1.0
36new york ,36new,0.743028998374939
36niagara,36niagara,1.0000001192092896
36oneida,36oneida,1.0000001192092896
36onondaga,36onondaga,1.0
36ontario,36ontario,1.0
36orange,36orange,1.0000001192092896
36orleans,36orleans,0.9999998807907104
36oswego,36oswego,1.0
36otsego,36otsego,1.0000001192092896
36putnam,36putnam,1.0
36queens ,36queens,1.0000001192092896
36rensselaer,36rensselaer,1.0
36richmond ,36richmond,1.0000001192092896
36rockland,36rockland,1.0
36saratoga,36saratoga,1.0000001192092896
36schenectady,36schenectady,1.0
36schoharie,36schoharie,1.0
36schuyler,36schuyler,1.0
36seneca,36seneca,0.9999999403953552
36st. lawrence,36st.,0.763354480266571
36steuben,36steuben,1.0
36suffolk,36suffolk,0.9999999403953552
36sullivan,36sullivan,1.0000001192092896
36tioga,36tioga,1.0
36tompkins,36tompkins,1.0
36ulster,36ulster,0.9999999403953552
36warren,36warren,1.0
36washington,36washington,1.0
36wayne,36wayne,1.0
36westchester,36westchester,1.0000001192092896
36wyoming,36wyoming,1.0
36yates,36yates,1.0
37alamance,37alamance,1.0
37alexander,37alexander,1.0
37alleghany,37alleghany,1.0
37anson,37anson,1.000000238418579
37ashe,37ashe,1.000000238418579
37avery,37avery,1.0000001192092896
37beaufort,37beaufort,1.0000001192092896
37bertie,37bertie,1.0
37bladen,37bladen,1.0
37brunswick,37brunswick,1.0
37buncombe,37buncombe,1.0000001192092896
37burke,37burke,1.0
37cabarrus,37cabarrus,1.0
37caldwell,37caldwell,1.0
37camden,37camden,1.0000001192092896
37carteret,37carteret,1.0000001192092896
37caswell,37caswell,1.0
37catawba,37catawba,0.9999999403953552
37chatham,37chatham,1.0
37cherokee,37cherokee,1.0
37chowan,37chowan,1.0
37clay,37clay,1.0000001192092896
37cleveland,37cleveland,1.0
37columbus,37columbus,1.0
37craven,37craven,1.0
37cumberland,37cumberland,1.0000001192092896
37currituck,37currituck,1.0
37dare,37dare,1.0
37davidson,37davidson,1.0
37davie,37davie,1.0
37duplin,37duplin,1.0
37durham,37durham,1.0
37edgecombe,37edgecombe,1.0000001192092896
37forsyth,37forsyth,1.0
37franklin,37franklin,1.0
37gaston,37gaston,1.0
37gates,37gates,1.0
37graham,37graham,1.0
37granville,37granville,1.0
37greene,37greene,1.0
37guilford,37guilford,0.9999999403953552
37halifax,37halifax,1.0
37harnett,37harnett,1.0
37haywood,37haywood,1.0
37henderson,37henderson,1.0
37hertford,37hertford,1.0
37hoke,37hoke,1.0
37hyde,37hyde,0.9999999403953552
37iredell,37iredell,1.000000238418579
37jackson,37jackson,0.9999999403953552
37johnston,37johnston,1.0
37jones,37jones,1.0000001192092896
37lee,37lee,0.9999999403953552
37lenoir,37lenoir,0.9999998807907104
37lincoln,37lincoln,1.0
37macon,37macon,1.0
37madison,37madison,1.0000001192092896
37martin,37martin,1.0
37mcdowell,37mcdowell,0.9999998807907104
37mecklenburg,37mecklenburg,1.0000001192092896
37mitchell,37mitchell,1.0
37montgomery,37montgomery,1.0
37moore,37moore,1.0
37nash,37nash,1.0
37new hanover,37new,0.5609664916992188
37northampton,37northampton,1.0000001192092896
37onslow,37onslow,1.0
37orange,37orange,1.0
37pamlico,37pamlico,1.0000001192092896
37pasquotank,37pasquotank,1.0000001192092896
37pender,37pender,1.0
37perquimans,37perquimans,1.0000001192092896
37person,37person,1.0000001192092896
37pitt,37pitt,1.0
37polk,37polk,0.9999998807907104
37randolph,37randolph,1.0
37richmond,37richmond,1.0000001192092896
37robeson,37robeson,1.0
37rockingham,37rockingham,1.0
37rowan,37rowan,1.0000001192092896
37rutherford,37rutherford,1.0
37sampson,37sampson,1.0000001192092896
37scotland,37scotland,1.0
37stanly,37stanly,1.0000001192092896
37stokes,37stokes,1.0
37surry,37surry,1.0
37swain,37swain,1.0000001192092896
37transylvania,37transylvania,1.0
37tyrrell,37tyrrell,1.000000238418579
37union,37union,1.0000001192092896
37vance,37vance,0.9999999403953552
37wake,37wake,1.0
37warren,37warren,1.0
37washington,37washington,1.0
37watauga,37watauga,0.9999999403953552
37wayne,37wayne,1.0000001192092896
37wilkes,37wilkes,1.000000238418579
37wilson,37wilson,1.0
37yadkin,37yadkin,1.0
37yancey,37yancey,1.0
38adams,38adams,1.000000238418579
38barnes,38barnes,1.000000238418579
38benson,38benson,1.0
38billings,38billings,1.0
38bottineau,38bottineau,1.0000001192092896
38bowman,38bowman,1.0
38burke,38burke,1.0
38burleigh,38burleigh,1.0
38cass,38cass,1.0
38cavalier,38cavalier,1.0
38dickey,38dickey,1.0
38divide,38divide,1.0
38dunn,38dunn,1.0
38eddy,38eddy,1.0
38emmons,38emmons,1.0
38foster,38foster,1.0000001192092896
38golden valley,38golden,0.6927094459533691
38grand forks,38grand,0.6064361333847046
38grant,38grant,1.0
38griggs,38griggs,1.0
38hettinger,38hettinger,1.0
38kidder,38kidder,1.0
38lamoure,38lamoure,1.000000238418579
38logan,38logan,1.0
38mchenry,38mchenry,1.0
38mcintosh,38mcintosh,1.0
38mckenzie,38mckenzie,1.0000001192092896
38mclean,38mclean,1.0000001192092896
38mercer,38mercer,1.0
38morton,38morton,1.0000001192092896
38mountrail,38mountrail,1.0
38nelson,38nelson,1.0
38oliver,38oliver,1.0
38pembina,38pembina,1.0
38pierce,38pierce,1.0000001192092896
38ramsey,38ramsey,1.000000238418579
38ransom,38ransom,1.0
38renville,38renville,1.0
38richland,38richland,1.0
38rolette,38rolette,1.0
38sargent,38sargent,1.0000001192092896
38sheridan,38sheridan,1.0
38sioux,38sioux,1.0
38slope,38slope,1.0000001192092896
38stark,38stark,0.9999999403953552
38steele,38steele,1.0
38stutsman,38stutsman,1.0
38towner,38towner,0.9999998807907104
38traill,38traill,1.0
38walsh,38walsh,0.9999999403953552
38ward,38ward,1.0
38wells,38wells,1.0
38williams,38williams,1.0
39adams,39adams,1.0000001192092896
39allen,39allen,1.0
39ashland,39ashland,1.0
39ashtabula,39ashtabula,1.0000001192092896
39athens,39athens,1.0000001192092896
39auglaize,39auglaize,1.0
39belmont,39belmont,1.000000238418579
39brown,39brown,1.0
39butler,39butler,1.0
39carroll,39carroll,1.0000001192092896
39champaign,39champaign,1.0000001192092896
39clark,39clark,1.0
39clermont,39clermont,1.0000001192092896
39clinton,39clinton,1.0000001192092896
39columbiana,39columbiana,1.0
39coshocton,39coshocton,1.0000001192092896
39crawford,39crawford,1.0
39cuyahoga,39cuyahoga,1.0
39darke,39darke,1.0000001192092896
39defiance,39defiance,1.0
39delaware,39delaware,1.0
39erie,39erie,1.0
39fairfield,39fairfield,1.0000001192092896
39fayette,39fayette,1.0
39franklin,39franklin,1.0
39fulton,39fulton,1.0000001192092896
39gallia,39gallia,0.9999999403953552
39geauga,39geauga,1.0000001192092896
39greene,39greene,1.0000001192092896
39guernsey,39guernsey,1.0
39hamilton,39hamilton,1.0000001192092896
39hancock,39hancock,1.0
39hardin,39hardin,1.0
39harrison,39harrison,1.0000001192092896
39henry,39henry,0.9999999403953552
39highland,39highland,1.0000001192092896
39hocking,39hocking,1.0000001192092896
39holmes,39holmes,1.0
39huron,39huron,1.0
39jackson,39jackson,1.0
39jefferson,39jefferson,1.0
39knox,39knox,1.0
39lake,39lake,1.0
39lawrence,39lawrence,1.0
39licking,39licking,1.0
39logan,39logan,0.9999998807907104
39lorain,39lorain,1.0
39lucas,39lucas,0.9999999403953552
39madison,39madison,0.9999999403953552
39mahoning,39mahoning,1.0
39marion,39marion,1.0
39medina,39medina,0.9999999403953552
39meigs,39meigs,1.0
39mercer,39mercer,1.0
39miami,39miami,1.0000001192092896
39monroe,39monroe,1.0
39montgomery,39montgomery,1.0
39morgan,39morgan,1.0
39morrow,39morrow,1.0
39muskingum,39muskingum,1.0
39noble,39noble,0.9999999403953552
39ottawa,39ottawa,1.000000238418579
39paulding,39paulding,1.0000001192092896
39perry,39perry,1.0
39pickaway,39pickaway,1.0
39pike,39pike,1.0
39portage,39portage,1.0000001192092896
39preble,39preble,1.0000001192092896
39putnam,39putnam,1.0
39richland,39richland,1.0
39ross,39ross,1.0000001192092896
39sandusky,39sandusky,1.0000001192092896
39scioto,39scioto,1.0
39seneca,39seneca,0.9999999403953552
39shelby,39shelby,1.0
39stark,39stark,1.0000001192092896
39summit,39summit,1.0000001192092896
39trumbull,39trumbull,1.0
39tuscarawas,39tuscarawas,1.0
39union,39union,1.0
39van wert,39van,0.841853141784668
39vinton,39vinton,1.0
39warren,39warren,0.9999998807907104
39washington,39washington,0.9999999403953552
39wayne,39wayne,1.0
39williams,39williams,1.0000001192092896
39wood,39wood,1.0000001192092896
39wyandot,39wyandot,1.0
40adair,40adair,1.0
40alfalfa,40alfalfa,1.0000001192092896
40apache,40apache,1.0000001192092896
40atoka,40atoka,1.000000238418579
40beaver,40beaver,1.0
40beckham,40beckham,1.0000001192092896
40blaine,40blaine,1.0000001192092896
40bryan,40bryan,1.0000001192092896
40caddo,40caddo,1.0
40canadian,40canadian,1.0000001192092896
40carter,40carter,1.0
40cherokee,40cherokee,1.0000001192092896
40choctaw,40choctaw,1.0000001192092896
40cimarron,40cimarron,1.0
40cleveland,40cleveland,1.0
40coal,40coal,1.0
40cochise,40cochise,1.0000001192092896
40coconino,40coconino,1.0000001192092896
40comanche,40comanche,1.0000001192092896
40cotton,40cotton,1.0
40craig,40craig,1.0
40creek,40creek,0.9999999403953552
40custer,40custer,1.0000001192092896
40delaware,40delaware,1.0
40dewey,40dewey,1.0
40ellis,40ellis,1.0000001192092896
40garfield,40garfield,1.0
40garvin,40garvin,1.0
40gila,40gila,1.0000001192092896
40grady,40grady,1.0
40graham,40graham,1.0
40grant,40grant,1.0
40greenlee,40greenlee,0.9999998807907104
40greer,40greer,1.0
40harmon,40harmon,1.0
40harper,40harper,1.0
40haskell,40haskell,1.0
40hughes,40hughes,1.0
40jackson,40jackson,0.9999999403953552
40jefferson,40jefferson,1.0000001192092896
40johnston,40johnston,1.0
40kay,40kay,1.0000001192092896
40kingfisher,40kingfisher,1.000000238418579
40kiowa,40kiowa,0.9999999403953552
40la paz,40la,0.7283563613891602
40latimer,40latimer,1.0000001192092896
40le flore,40le,0.7434793710708618
40lincoln,40lincoln,1.0
40logan,40logan,1.0
40love,40love,1.0
40major,40major,1.0
40maricopa,40maricopa,1.0
40marshall,40marshall,1.0000001192092896
40mayes,40mayes,1.0
40mcclain,40mcclain,1.0
40mccurtain,40mccurtain,1.0
40mcintosh,40mcintosh,0.9999998807907104
40mohave,40mohave,1.0
40murray,40murray,1.0
40muskogee,40muskogee,1.0000001192092896
40navajo,40navajo,1.0
40noble,40noble,1.0000001192092896
40nowata,40nowata,1.000000238418579
40okfuskee,40okfuskee,1.0
40oklahoma,40oklahoma,1.0
40okmulgee,40okmulgee,1.0
40osage,40osage,1.0
40ottawa,40ottawa,1.0
40pawnee,40pawnee,1.0
40payne,40payne,1.0
40pima,40pima,0.9999999403953552
40pinal,40pinal,1.0
40pittsburg,40pittsburg,1.0
40pontotoc,40pontotoc,1.0
40pottawatomie,40pottawatomie,1.0000001192092896
40pushmataha,40pushmataha,1.0000001192092896
40roger mills,40roger,0.7195050716400146
40rogers,40rogers,1.0000001192092896
40santa cruz,40santa,0.7737262845039368
40seminole,40seminole,1.0
40sequoyah,40sequoyah,1.0
40stephens,40stephens,1.0000001192092896
40texas,40texas,1.0
40tillman,40tillman,0.9999999403953552
40tulsa,40tulsa,1.0000001192092896
40wagoner,40wagoner,1.0
40washington,40washington,1.0000001192092896
40washita,40washita,1.000000238418579
40woods,40woods,1.0000001192092896
40woodward,40woodward,1.0
40yavapai,40yavapai,1.0000001192092896
40yuma,40yuma,1.0000001192092896
41baker,41baker,1.0
41benton,41benton,1.0
41clackamas,41clackamas,0.9999999403953552
41clatsop,41clatsop,1.0
41columbia,41columbia,1.0
41coos,41coos,1.000000238418579
41crook,41crook,1.0
41curry,41curry,1.0
41deschutes,41deschutes,1.0
41douglas,41douglas,1.0000001192092896
41gilliam,41gilliam,1.0
41grant,41grant,1.0000001192092896
41harney,41harney,1.0000001192092896
41hood river,41hood,0.6929649114608765
41jackson,41jackson,1.000000238418579
41jefferson,41jefferson,1.0
41josephine,41josephine,1.0000001192092896
41klamath,41klamath,1.0000001192092896
41lake,41lake,0.9999999403953552
41lane,41lane,1.0
41lincoln,41lincoln,1.0
41linn,41linn,1.0
41malheur,41malheur,1.0000001192092896
41marion,41marion,1.0
41morrow,41morrow,0.9999998807907104
41multnomah,41multnomah,1.0
41polk,41polk,1.0
41sherman,41sherman,1.0000001192092896
41tillamook,41tillamook,1.0
41umatilla,41umatilla,1.0
41union,41union,1.0
41wallowa,41wallowa,1.0
41wasco,41wasco,1.0
41washington,41washington,1.0
41wheeler,41wheeler,1.0
41yamhill,41yamhill,1.0
42adams,42adams,1.0
42allegheny,42allegheny,0.9999999403953552
42armstrong,42armstrong,1.0
42beaver,42beaver,1.0000001192092896
42bedford,42bedford,1.0000001192092896
42berks,42berks,1.0
42blair,42blair,1.0
42bradford,42bradford,0.9999999403953552
42bucks,42bucks,1.0
42butler,42butler,1.0000001192092896
42cambria,42cambria,0.9999999403953552
42cameron,42cameron,0.9999999403953552
42carbon,42carbon,1.0
42centre,42centre,1.0
42chester,42chester,1.0
42clarion,42clarion,1.0
42clearfield,42clearfield,1.0
42clinton,42clinton,1.0000001192092896
42columbia,42columbia,1.0
42crawford,42crawford,0.9999998807907104
42cumberland,42cumberland,1.0
42dauphin,42dauphin,1.0
42delaware,42delaware,1.0
42elk,42elk,1.0000001192092896
42erie,42erie,0.9999999403953552
42fayette,42fayette,1.0
42forest,42forest,1.0000001192092896
42franklin,42franklin,1.0
42fulton,42fulton,1.0
42greene,42greene,1.0000001192092896
42huntingdon,42huntingdon,1.0
42indiana,42indiana,1.0
42jefferson,42jefferson,1.0
42juniata,42juniata,1.0000001192092896
42lackawanna,42lackawanna,1.0
42lancaster,42lancaster,1.0
42lawrence,42lawrence,1.0
42lebanon,42lebanon,1.0
42lehigh,42lehigh,1.0
42luzerne,42luzerne,1.0
42lycoming,42lycoming,1.0
42mckean,42mckean,1.0
42mercer,42mercer,0.9999998807907104
42mifflin,42mifflin,1.0
42monroe,42monroe,1.0000001192092896
42montgomery,42montgomery,1.0
42montour,42montour,1.0000001192092896
42northampton,42northampton,1.0
42northumberland,42northumberland,1.0
42perry,42perry,1.0000001192092896
42philadelphia,42philadelphia,0.9999998807907104
42pike,42pike,1.0
42potter,42potter,1.0000001192092896
42schuylkill,42schuylkill,1.0000001192092896
42snyder,42snyder,1.0
42somerset,42somerset,1.0
42sullivan,42sullivan,1.0
42susquehanna,42susquehanna,1.0
42tioga,42tioga,1.0000001192092896
42union,42union,1.0000001192092896
42venango,42venango,1.0
42warren,42warren,1.0
42washington,42washington,1.0
42wayne,42wayne,0.9999998807907104
42westmoreland,42westmoreland,1.000000238418579
42wyoming,42wyoming,1.0000001192092896
42york,42york,1.0
44bristol ,44bristol,1.0000001192092896
44kent ,44kent,1.0
44newport ,44newport,1.0
44providence ,44providence,1.0000001192092896
44washington ,44washington,1.000000238418579
45abbeville,45abbeville,1.0
45aiken,45aiken,1.0
45allendale,45allendale,1.0
45anderson,45anderson,1.0
45bamberg,45bamberg,1.0
45barnwell,45barnwell,1.0
45beaufort,45beaufort,1.0000001192092896
45berkeley,45berkeley,1.0
45calhoun,45calhoun,1.0
45charleston,45charleston,1.0
45cherokee,45cherokee,1.0
45chester,45chester,1.0
45chesterfield,45chesterfield,1.0
45clarendon,45clarendon,1.0
45colleton,45colleton,1.0
45darlington,45darlington,1.0000001192092896
45dillon,45dillon,1.0000001192092896
45dorchester,45dorchester,1.0
45edgefield,45edgefield,1.0
45fairfield,45fairfield,1.0000001192092896
45florence,45florence,1.0
45georgetown,45georgetown,0.9999999403953552
45greenville,45greenville,1.0
45greenwood,45greenwood,1.0
45hampton,45hampton,1.0000001192092896
45horry,45horry,1.0
45jasper,45jasper,1.0
45kershaw,45kershaw,1.0000001192092896
45lancaster,45lancaster,1.0
45laurens,45laurens,1.0
45lee,45lee,0.9999999403953552
45lexington,45lexington,1.0000001192092896
45marion,45marion,1.0
45marlboro,45marlboro,1.0000001192092896
45mccormick,45mccormick,1.0000001192092896
45newberry,45newberry,1.0
45oconee,45oconee,1.0
45orangeburg,45orangeburg,1.0
45pickens,45pickens,1.0000001192092896
45richland,45richland,1.0000001192092896
45saluda,45saluda,1.0
45spartanburg,45spartanburg,1.0
45sumter,45sumter,1.0000001192092896
45union,45union,1.0
45williamsburg,45williamsburg,1.0000001192092896
45york,45york,1.0
46aurora,46aurora,1.0000001192092896
46beadle,46beadle,1.0
46bennett,46bennett,1.0
46bon homme,46bon,0.6632294058799744
46brookings,46brookings,1.0000001192092896
46brown,46brown,1.0
46brule,46brule,1.0
46buffalo,46buffalo,1.0
46butte,46butte,1.0
46campbell,46campbell,1.0
46charles mix,46charles,0.8445329070091248
46clark,46clark,0.9999998807907104
46clay,46clay,1.0000001192092896
46codington,46codington,1.000000238418579
46corson,46corson,1.0
46custer,46custer,1.0
46davison,46davison,1.0000001192092896
46day,46day,1.0000001192092896
46deuel,46deuel,1.0
46dewey,46dewey,1.0
46douglas,46douglas,1.0
46edmunds,46edmunds,1.0
46fall river,46fall,0.7324729561805725
46faulk,46faulk,1.0000001192092896
46grant,46grant,1.0000001192092896
46gregory,46gregory,1.000000238418579
46haakon,46haakon,1.0
46hamlin,46hamlin,1.0
46hand,46hand,1.0
46hanson,46hanson,1.0000001192092896
46harding,46harding,1.0
46hughes,46hughes,1.0
46hutchinson,46hutchinson,1.0
46hyde,46hyde,1.0
46jackson,46jackson,1.0000001192092896
46jerauld,46jerauld,1.0
46jones,46jones,1.0
46kingsbury,46kingsbury,1.0
46lake,46lake,0.9999999403953552
46lawrence,46lawrence,0.9999999403953552
46lincoln,46lincoln,1.0
46lyman,46lyman,1.0
46marshall,46marshall,0.9999999403953552
46mccook,46mccook,0.9999999403953552
46mcpherson,46mcpherson,1.0
46meade,46meade,0.9999998807907104
46mellette,46mellette,1.0
46miner,46miner,1.0
46minnehaha,46minnehaha,1.0000001192092896
46moody,46moody,1.0
46oglala lakota ,46oglala,0.677566647529602
46pennington,46pennington,1.0
46perkins,46perkins,1.0
46potter,46potter,1.0
46roberts,46roberts,1.0000001192092896
46sanborn,46sanborn,1.0
46spink,46spink,1.0000001192092896
46stanley,46stanley,1.0000001192092896
46sully,46sully,1.0
46todd ,46todd,1.0
46tripp,46tripp,1.0
46turner,46turner,1.0
46union,46union,1.0
46walworth,46walworth,1.0
46yankton,46yankton,1.0
46ziebach,46ziebach,1.000000238418579
47anderson,47anderson,1.0000001192092896
47bedford,47bedford,1.0
47benton,47benton,1.0
47bledsoe,47bledsoe,1.0000001192092896
47blount,47blount,1.0000001192092896
47bradley,47bradley,1.0000001192092896
47campbell,47campbell,1.0000001192092896
47cannon,47cannon,1.0
47carroll,47carroll,0.9999999403953552
47carter,47carter,1.0
47cheatham,47cheatham,1.0000001192092896
47chester,47chester,1.0
47claiborne,47claiborne,1.0
47clay,47clay,1.000000238418579
47cocke,47cocke,1.0
47coffee,47coffee,1.0
47crockett,47crockett,1.0000001192092896
47cumberland,47cumberland,1.0
47davidson,47davidson,1.0
47decatur,47decatur,1.0000001192092896
47dekalb,47dekalb,1.0000001192092896
47dickson,47dickson,1.0000001192092896
47dyer,47dyer,1.0
47fayette,47fayette,1.0
47fentress,47fentress,1.0
47franklin,47franklin,1.0
47gibson,47gibson,1.0
47giles,47giles,1.0
47grainger,47grainger,0.9999999403953552
47greene,47greene,1.0
47grundy,47grundy,1.000000238418579
47hamblen,47hamblen,0.9999999403953552
47hamilton,47hamilton,1.0
47hancock,47hancock,1.0
47hardeman,47hardeman,1.0
47hardin,47hardin,1.0000001192092896
47hawkins,47hawkins,1.0000001192092896
47haywood,47haywood,1.0000001192092896
47henderson,47henderson,1.0
47henry,47henry,1.0
47hickman,47hickman,1.0000001192092896
47houston,47houston,1.0
47humphreys,47humphreys,1.0
47jackson,47jackson,0.9999998807907104
47jefferson,47jefferson,1.0000001192092896
47johnson,47johnson,1.0
47knox,47knox,1.0
47lake,47lake,0.9999999403953552
47lauderdale,47lauderdale,1.0
47lawrence,47lawrence,1.0
47lewis,47lewis,1.0
47lincoln,47lincoln,1.0
47loudon,47loudon,1.0
47macon,47macon,1.0000001192092896
47madison,47madison,1.0
47marion,47marion,1.0
47marshall,47marshall,1.0
47maury,47maury,1.0000001192092896
47mcminn,47mcminn,1.0
47mcnairy,47mcnairy,1.0
47meigs,47meigs,1.0
47monroe,47monroe,1.0
47montgomery,47montgomery,1.0
47moore,47moore,1.0000001192092896
47morgan,47morgan,1.0
47obion,47obion,1.0000001192092896
47overton,47overton,1.0000001192092896
47perry,47perry,1.0
47pickett,47pickett,1.0
47polk,47polk,1.0000001192092896
47putnam,47putnam,0.9999998807907104
47rhea,47rhea,1.0
47roane,47roane,1.0000001192092896
47robertson,47robertson,1.0
47rutherford,47rutherford,1.0000001192092896
47scott,47scott,1.0
47sequatchie,47sequatchie,1.0
47sevier,47sevier,1.000000238418579
47shelby,47shelby,1.0
47smith,47smith,1.0
47stewart,47stewart,1.0000001192092896
47sullivan,47sullivan,1.0
47sumner,47sumner,1.0000001192092896
47tipton,47tipton,1.0
47trousdale,47trousdale,1.0
47unicoi,47unicoi,1.0000001192092896
47union,47union,1.0
47van buren,47van,0.6461870074272156
47warren,47warren,1.0000001192092896
47washington,47washington,1.000000238418579
47wayne,47wayne,1.0000001192092896
47weakley,47weakley,1.0000001192092896
47white,47white,1.0
47williamson,47williamson,1.0
47wilson,47wilson,1.0000001192092896
48anderson,48anderson,1.000000238418579
48andrews,48andrews,1.0000001192092896
48angelina,48angelina,1.0
48aransas,48aransas,0.9999998807907104
48archer,48archer,1.0
48armstrong,48armstrong,1.0000001192092896
48atascosa,48atascosa,1.0000001192092896
48austin,48austin,0.9999999403953552
48bailey,48bailey,1.0
48bandera,48bandera,1.0
48bastrop,48bastrop,1.0
48baylor,48baylor,1.0
48bee,48bee,1.0000001192092896
48bell,48bell,1.0
48bexar,48bexar,1.0
48blanco,48blanco,0.9999999403953552
48borden,48borden,1.0
48bosque,48bosque,1.0
48bowie,48bowie,1.0
48brazoria,48brazoria,1.0
48brazos,48brazos,1.0
48brewster,48brewster,1.0
48briscoe,48briscoe,0.9999999403953552
48brooks,48brooks,1.0
48brown,48brown,1.0
48burleson,48burleson,1.0
48burnet,48burnet,1.0000001192092896
48caldwell,48caldwell,1.0
48calhoun,48calhoun,1.0
48callahan,48callahan,1.0
48cameron,48cameron,1.0
48camp,48camp,1.0
48carson,48carson,1.000000238418579
48cass,48cass,1.0
48castro,48castro,1.0
48chambers,48chambers,1.0000001192092896
48cherokee,48cherokee,1.0
48childress,48childress,1.0000001192092896
48clay,48clay,1.0000001192092896
48cochran,48cochran,1.0
48coke,48coke,1.0
48coleman,48coleman,0.9999999403953552
48collin,48collin,1.0
48collingsworth,48collingsworth,1.0
48colorado,48colorado,1.0
48comal,48comal,1.0000001192092896
48comanche,48comanche,0.9999999403953552
48concho,48concho,1.0
48cooke,48cooke,1.0
48coryell,48coryell,1.0000001192092896
48cottle,48cottle,1.0
48crane,48crane,1.0000001192092896
48crockett,48crockett,1.0
48crosby,48crosby,1.0
48culberson,48culberson,1.0000001192092896
48dallam,48dallam,1.0
48dallas,48dallas,1.0
48dawson,48dawson,1.0
48deaf smith,48deaf,0.7158313989639282
48delta,48delta,1.0
48denton,48denton,1.0000001192092896
48dewitt,48dewitt,1.0
48dickens,48dickens,1.0
48dimmit,48dimmit,1.0000001192092896
48donley,48donley,1.0
48duval,48duval,1.0000001192092896
48eastland,48eastland,1.0
48ector,48ector,1.0
48edwards,48edwards,1.0
48el paso,48el,0.5711376667022705
48ellis,48ellis,1.0000001192092896
48erath,48erath,1.0
48falls,48falls,1.0
48fannin,48fannin,1.0
48fayette,48fayette,1.0
48fisher,48fisher,1.000000238418579
48floyd,48floyd,1.0
48foard,48foard,1.0
48fort bend,48fort,0.7490907311439514
48franklin,48franklin,1.0
48freestone,48freestone,1.0000001192092896
48frio,48frio,1.0
48gaines,48gaines,1.0
48galveston,48galveston,1.0000001192092896
48garza,48garza,1.0
48gillespie,48gillespie,1.0000001192092896
48glasscock,48glasscock,0.9999999403953552
48goliad,48goliad,1.0
48gonzales,48gonzales,1.0000001192092896
48gray,48gray,1.0
48grayson,48grayson,1.0000001192092896
48gregg,48gregg,1.0
48grimes,48grimes,0.9999999403953552
48guadalupe,48guadalupe,1.0
48hale,48hale,1.0000001192092896
48hall,48hall,1.0
48hamilton,48hamilton,1.0
48hansford,48hansford,1.0000001192092896
48hardeman,48hardeman,1.0000001192092896
48hardin,48hardin,1.0
48harris,48harris,1.0
48harrison,48harrison,1.0
48hartley,48hartley,1.0
48haskell,48haskell,1.0
48hays,48hays,1.0
48hemphill,48hemphill,1.0
48henderson,48henderson,1.0
48hidalgo,48hidalgo,1.0
48hill,48hill,0.9999999403953552
48hockley,48hockley,1.000000238418579
48hood,48hood,1.0
48hopkins,48hopkins,1.0000001192092896
48houston,48houston,1.0000001192092896
48howard,48howard,1.0
48hudspeth,48hudspeth,1.0
48hunt,48hunt,1.0
48hutchinson,48hutchinson,1.0000001192092896
48irion,48irion,1.0000001192092896
48jack,48jack,1.0
48jackson,48jackson,1.0
48jasper,48jasper,1.0
48jeff davis,48jeff,0.7273709774017334
48jefferson,48jefferson,1.0000001192092896
48jim hogg,48jim,0.7373861074447632
48jim wells,48jim,0.6179294586181641
48johnson,48johnson,1.000000238418579
48jones,48jones,1.0
48karnes,48karnes,1.0000001192092896
48kaufman,48kaufman,1.0000001192092896
48kendall,48kendall,1.0
48kenedy,48kenedy,1.0
48kent,48kent,1.0
48kerr,48kerr,0.9999999403953552
48kimble,48kimble,1.000000238418579
48king,48king,1.000000238418579
48kinney,48kinney,1.0
48kleberg,48kleberg,1.0
48knox,48knox,1.0
48la salle,48la,0.6200177073478699
48lamar,48lamar,1.0000001192092896
48lamb,48lamb,1.0
48lampasas,48lampasas,1.0000001192092896
48lavaca,48lavaca,1.0
48lee,48lee,1.0000001192092896
48leon,48leon,1.0
48liberty,48liberty,1.0
48limestone,48limestone,1.0000001192092896
48lipscomb,48lipscomb,1.0
48live oak,48live,0.6413705348968506
48llano,48llano,1.0000001192092896
48loving,48loving,0.9999998807907104
48lubbock,48lubbock,0.9999999403953552
48lynn,48lynn,1.000000238418579
48madison,48madison,1.0
48marion,48marion,1.0
48martin,48martin,1.0000001192092896
48mason,48mason,1.0
48matagorda,48matagorda,1.0000001192092896
48maverick,48maverick,0.9999999403953552
48mcculloch,48mcculloch,1.0000001192092896
48mclennan,48mclennan,1.0000001192092896
48mcmullen,48mcmullen,1.0
48medina,48medina,1.0000001192092896
48menard,48menard,1.0
48midland,48midland,1.0
48milam,48milam,1.0
48mills,48mills,1.0
48mitchell,48mitchell,1.0
48montague,48montague,1.0000001192092896
48montgomery,48montgomery,1.0
48moore,48moore,0.9999999403953552
48morris,48morris,1.0
48motley,48motley,1.0
48nacogdoches,48nacogdoches,1.0000001192092896
48navarro,48navarro,1.0000001192092896
48newton,48newton,0.9999998807907104
48nolan,48nolan,1.0
48nueces,48nueces,1.0
48ochiltree,48ochiltree,1.0000001192092896
48oldham,48oldham,1.0000001192092896
48orange,48orange,1.0000001192092896
48palo pinto,48palo,0.6349061727523804
48panola,48panola,1.0000001192092896
48parker,48parker,1.0
48parmer,48parmer,1.0
48pecos,48pecos,1.0
48polk,48polk,1.0000001192092896
48potter,48potter,0.9999998807907104
48presidio,48presidio,1.0000001192092896
48rains,48rains,1.0
48randall,48randall,1.0000001192092896
48reagan,48reagan,1.0
48real,48real,1.0
48red river,48red,0.6531158685684204
48reeves,48reeves,1.0
48refugio,48refugio,1.0
48roberts,48roberts,1.0
48robertson,48robertson,1.0
48rockwall,48rockwall,1.0000001192092896
48runnels,48runnels,1.0
48rusk,48rusk,1.0000001192092896
48sabine,48sabine,1.0
48san augustine,48san,0.6574156284332275
48san jacinto,48san,0.7596124410629272
48san patricio,48san,0.7498691082000732
48san saba,48san,0.811565637588501
48schleicher,48schleicher,1.0
48scurry,48scurry,1.0000001192092896
48shackelford,48shackelford,1.0
48shelby,48shelby,1.0000001192092896
48sherman,48sherman,0.9999998807907104
48smith,48smith,1.0
48somervell,48somervell,1.0
48starr,48starr,1.0
48stephens,48stephens,1.0
48sterling,48sterling,1.0
48stonewall,48stonewall,1.0
48sutton,48sutton,1.0
48swisher,48swisher,1.0
48tarrant,48tarrant,0.9999999403953552
48taylor,48taylor,1.0
48terrell,48terrell,1.0000001192092896
48terry,48terry,1.0
48throckmorton,48throckmorton,1.0
48titus,48titus,1.0
48tom green,48tom,0.7429168224334717
48travis,48travis,0.9999999403953552
48trinity,48trinity,1.000000238418579
48tyler,48tyler,1.0000001192092896
48upshur,48upshur,1.0
48upton,48upton,1.0
48uvalde,48uvalde,1.0
48val verde,48val,0.7253684401512146
48van zandt,48van,0.6634008288383484
48victoria,48victoria,1.0
48walker,48walker,1.0
48waller,48waller,1.000000238418579
48ward,48ward,1.0
48washington,48washington,1.0
48webb,48webb,0.9999999403953552
48wharton,48wharton,1.0
48wheeler,48wheeler,0.9999999403953552
48wichita,48wichita,1.0
48wilbarger,48wilbarger,1.0
48willacy,48willacy,1.0000001192092896
48williamson,48williamson,0.9999999403953552
48wilson,48wilson,1.0
48winkler,48winkler,1.0000001192092896
48wise,48wise,1.0
48wood,48wood,1.0
48yoakum,48yoakum,1.0000001192092896
48young,48young,1.0
48zapata,48zapata,1.0000001192092896
48zavala,48zavala,1.0
49beaver,49beaver,1.0000001192092896
49box elder,49box,0.8580219745635986
49cache,49cache,1.0
49carbon,49carbon,1.0
49daggett,49daggett,1.0
49davis,49davis,1.0000001192092896
49duchesne,49duchesne,1.0
49emery,49emery,1.0
49garfield,49garfield,1.0
49grand,49grand,1.0
49iron,49iron,1.0
49juab,49juab,1.0
49kane,49kane,1.0000001192092896
49millard,49millard,1.0
49morgan,49morgan,1.0
49piute,49piute,1.0
49rich,49rich,1.0
49salt lake,49salt,0.6955916881561279
49san juan,49san,0.7974245548248291
49sanpete,49sanpete,1.0
49sevier,49sevier,1.0
49summit,49summit,0.9999999403953552
49tooele,49tooele,1.0
49uintah,49uintah,1.0
49utah,49utah,0.9999998807907104
49wasatch,49wasatch,1.0
49washington,49washington,1.0000001192092896
49wayne,49wayne,1.0
49weber,49weber,1.000000238418579
50addison,50addison,1.0
50arkansas,50arkansas,1.0
50ashley,50ashley,1.0
50baxter,50baxter,1.000000238418579
50bennington,50bennington,1.0
50benton,50benton,1.0000001192092896
50boone,50boone,1.0000001192092896
50bradley,50bradley,1.0
50caledonia,50caledonia,1.0000001192092896
50calhoun,50calhoun,1.000000238418579
50carroll,50carroll,1.000000238418579
50chicot,50chicot,1.0
50chittenden,50chittenden,1.0
50clark,50clark,1.0
50clay,50clay,1.0
50cleburne,50cleburne,1.0
50cleveland,50cleveland,0.9999998807907104
50columbia,50columbia,1.0
50conway,50conway,1.0
50craighead,50craighead,1.0
50crawford,50crawford,1.0
50crittenden,50crittenden,1.0
50cross,50cross,1.0
50dallas,50dallas,1.0000001192092896
50desha,50desha,1.0
50drew,50drew,1.0
50essex,50essex,1.0000001192092896
50faulkner,50faulkner,1.0000001192092896
50franklin,50franklin,1.0000001192092896
50franklin,50franklin,1.0000001192092896
50fulton,50fulton,1.0000001192092896
50garland,50garland,1.0000001192092896
50grand isle,50grand,0.6510394811630249
50grant,50grant,1.0000001192092896
50greene,50greene,1.0
50hempstead,50hempstead,1.0
50hot spring,50hot,0.7546910643577576
50howard,50howard,0.9999999403953552
50independence,50independence,0.9999999403953552
50izard,50izard,1.000000238418579
50jackson,50jackson,1.0000001192092896
50jefferson,50jefferson,1.0000001192092896
50johnson,50johnson,1.000000238418579
50lafayette,50lafayette,1.0000001192092896
50lamoille,50lamoille,1.0
50lawrence,50lawrence,0.9999998807907104
50lee,50lee,1.0
50lincoln,50lincoln,0.9999999403953552
50little river,50little,0.7082147002220154
50logan,50logan,1.0
50lonoke,50lonoke,1.0000001192092896
50madison,50madison,1.0
50marion,50marion,1.0
50miller,50miller,1.0
50mississippi,50mississippi,0.9999999403953552
50monroe,50monroe,1.0000001192092896
50montgomery,50montgomery,1.0
50nevada,50nevada,1.0
50orange,50orange,1.0
50orleans,50orleans,1.0
50rutland,50rutland,1.0000001192092896
50washington,50washington,1.0
50windham,50windham,1.0
50windsor,50windsor,1.0000001192092896
51accomack,51accomack,1.0
51albemarle,51albemarle,1.0000001192092896
51alexandria ,51alexandria,1.0000001192092896
51alleghany,51alleghany,1.0
51amelia,51amelia,1.0
51amherst,51amherst,1.000000238418579
51appomattox,51appomattox,1.0
51arlington,51arlington,1.0
51augusta,51augusta,0.9999999403953552
51bath,51bath,1.0
51bedford,51bedford,0.9999999403953552
51bedford ,51bedford,0.9999999403953552
51bland,51bland,1.0000001192092896
51botetourt,51botetourt,1.0
51bristol ,51bristol,1.0
51brunswick,51brunswick,1.0
51buchanan,51buchanan,1.0
51buckingham,51buckingham,1.0000001192092896
51buena vista ,51buena,0.7667893767356873
51campbell,51campbell,1.0000001192092896
51caroline,51caroline,1.0
51carroll,51carroll,1.0000001192092896
51charles city,51charles,0.7638745307922363
51charlotte,51charlotte,1.0000001192092896
51charlottesville ,51charlottesville,0.9999999403953552
51chesapeake ,51chesapeake,1.0
51chesterfield,51chesterfield,1.0
51clarke,51clarke,1.0000001192092896
51colonial heights ,51colonial,0.7073513269424438
51covington ,51covington,1.000000238418579
51craig,51craig,1.0000001192092896
51culpeper,51culpeper,1.0000001192092896
51cumberland,51cumberland,1.0
51danville ,51danville,1.0
51dickenson,51dickenson,1.0000001192092896
51dinwiddie,51dinwiddie,1.0000001192092896
51emporia ,51emporia,1.0
51essex,51essex,1.0
51fairfax,51fairfax,1.0
51fairfax ,51fairfax,1.0
51falls church ,51falls,0.7101659178733826
51fauquier,51fauquier,1.0
51floyd,51floyd,1.0
51fluvanna,51fluvanna,1.0
51franklin,51franklin,1.0000001192092896
51franklin ,51franklin,1.0000001192092896
51frederick,51frederick,1.0
51fredericksburg ,51fredericksburg,1.000000238418579
51galax ,51galax,1.0
51giles,51giles,1.0
51gloucester,51gloucester,1.0
51goochland,51goochland,1.0
51grayson,51grayson,1.0000001192092896
51greene,51greene,1.0
51greensville,51greensville,1.0000001192092896
51halifax,51halifax,1.0
51hampton ,51hampton,1.0
51hanover,51hanover,1.0
51harrisonburg ,51harrisonburg,1.0
51henrico,51henrico,1.0
51henry,51henry,1.0000001192092896
51highland,51highland,1.0000001192092896
51hopewell ,51hopewell,0.9999998807907104
51isle of wight,51isle,0.5859395265579224
51james city,51james,0.7792743444442749
51king and queen,51king,0.748630166053772
51king george,51king,0.7480793595314026
51king william,51king,0.6820003986358643
51lancaster,51lancaster,1.0
51lee,51lee,1.0
51lexington ,51lexington,1.0
51loudoun,51loudoun,1.0000001192092896
51louisa,51louisa,1.0
51lunenburg,51lunenburg,1.0
51lynchburg ,51lynchburg,1.0
51madison,51madison,1.0
51manassas ,51manassas,1.0
51manassas park ,51manassas,0.7490710020065308
51martinsville ,51martinsville,1.0
51mathews,51mathews,0.9999998807907104
51mecklenburg,51mecklenburg,1.0
51middlesex,51middlesex,1.0
51montgomery,51montgomery,1.0000001192092896
51nelson,51nelson,1.0
51new kent,51new,0.6784269213676453
51newport news ,51newport,0.8492966294288635
51newton,51newton,1.0
51norfolk ,51norfolk,1.0000001192092896
51northampton,51northampton,1.0000001192092896
51northumberland,51northumberland,1.0
51norton ,51norton,0.9999999403953552
51nottoway,51nottoway,1.0
51orange,51orange,0.9999999403953552
51ouachita,51ouachita,1.000000238418579
51page,51page,1.0
51patrick,51patrick,1.0000001192092896
51perry,51perry,1.0
51petersburg ,51petersburg,1.0000001192092896
51phillips,51phillips,1.0
51pike,51pike,1.0
51pittsylvania,51pittsylvania,1.0
51poinsett,51poinsett,1.0
51polk,51polk,1.0000001192092896
51pope,51pope,1.0
51poquoson ,51poquoson,1.0
51portsmouth ,51portsmouth,1.0
51powhatan,51powhatan,1.0000001192092896
51prairie,51prairie,1.0
51prince edward,51prince,0.7747315168380737
51prince george,51prince,0.7779121398925781
51prince william,51prince,0.737515926361084
51pulaski,51pulaski,1.000000238418579
51pulaski,51pulaski,1.000000238418579
51radford ,51radford,1.0000001192092896
51randolph,51randolph,1.0
51rappahannock,51rappahannock,1.0000001192092896
51richmond,51richmond,1.0
51richmond ,51richmond,1.0
51roanoke,51roanoke,0.9999999403953552
51roanoke ,51roanoke,0.9999999403953552
51rockbridge,51rockbridge,1.0
51rockingham,51rockingham,1.0000001192092896
51russell,51russell,1.0
51salem ,51salem,1.0
51saline,51saline,1.0
51scott,51scott,0.9999999403953552
51scott,51scott,0.9999999403953552
51searcy,51searcy,1.0
51sebastian,51sebastian,1.0
51sevier,51sevier,1.0
51sharp,51sharp,1.0
51shenandoah,51shenandoah,1.000000238418579
51smyth,51smyth,1.0
51southampton,51southampton,1.0
51spotsylvania,51spotsylvania,1.0
51st. francis,51st.,0.8351233005523682
51stafford,51stafford,1.0000001192092896
51staunton ,51staunton,1.0
51stone,51stone,1.0
51suffolk ,51suffolk,1.0
51surry,51surry,1.0
51sussex,51sussex,1.0
51tazewell,51tazewell,0.9999999403953552
51union,51union,1.0
51van buren,51van,0.658576250076294
51virginia beach ,51virginia,0.7949461936950684
51warren,51warren,1.0
51washington,51washington,1.0
51washington,51washington,1.0
51waynesboro ,51waynesboro,1.0
51westmoreland,51westmoreland,1.0
51white,51white,1.0
51williamsburg ,51williamsburg,1.0
51winchester ,51winchester,1.0000001192092896
51wise,51wise,1.0
51woodruff,51woodruff,1.0
51wythe,51wythe,1.0
51yell,51yell,1.0000001192092896
51york,51york,1.0000001192092896
53adams,53adams,1.0
53asotin,53asotin,1.0000001192092896
53benton,53benton,1.0
53chelan,53chelan,1.0
53clallam,53clallam,1.0000001192092896
53clark,53clark,1.0
53columbia,53columbia,1.0000001192092896
53cowlitz,53cowlitz,1.0
53douglas,53douglas,1.0
53ferry,53ferry,1.0000001192092896
53franklin,53franklin,1.0
53garfield,53garfield,1.0000001192092896
53grant,53grant,1.0
53grays harbor,53grays,0.6510788202285767
53island,53island,1.0000001192092896
53jefferson,53jefferson,1.0000001192092896
53king,53king,0.9999999403953552
53kitsap,53kitsap,1.0000001192092896
53kittitas,53kittitas,1.0
53klickitat,53klickitat,1.0
53lewis,53lewis,1.0000001192092896
53lincoln,53lincoln,1.0000001192092896
53mason,53mason,1.0
53okanogan,53okanogan,0.9999999403953552
53pacific,53pacific,1.0
53pend oreille,53pend,0.7483712434768677
53pierce,53pierce,1.0000001192092896
53san juan,53san,0.7730440497398376
53skagit,53skagit,1.0000001192092896
53skamania,53skamania,1.0
53snohomish,53snohomish,1.0
53spokane,53spokane,1.0
53stevens,53stevens,1.0
53thurston,53thurston,1.0
53wahkiakum,53wahkiakum,1.0
53walla walla,53walla,0.8622534275054932
53whatcom,53whatcom,1.0
53whitman,53whitman,1.0
53yakima,53yakima,1.0
54barbour,54barbour,1.0
54berkeley,54berkeley,1.0
54boone,54boone,1.0000001192092896
54braxton,54braxton,1.0
54brooke,54brooke,1.0000001192092896
54cabell,54cabell,1.0
54calhoun,54calhoun,1.0000001192092896
54clay,54clay,1.0
54doddridge,54doddridge,1.0
54fayette,54fayette,1.0
54gilmer,54gilmer,1.0000001192092896
54grant,54grant,1.0
54greenbrier,54greenbrier,1.0
54hampshire,54hampshire,1.0
54hancock,54hancock,1.0
54hardy,54hardy,1.0
54harrison,54harrison,1.0000001192092896
54jackson,54jackson,1.0
54jefferson,54jefferson,1.0
54kanawha,54kanawha,1.0
54lewis,54lewis,1.0000001192092896
54lincoln,54lincoln,1.0
54logan,54logan,1.0
54marion,54marion,0.9999999403953552
54marshall,54marshall,1.0000001192092896
54mason,54mason,1.0000001192092896
54mcdowell,54mcdowell,1.0000001192092896
54mercer,54mercer,1.0
54mineral,54mineral,1.0
54mingo,54mingo,1.000000238418579
54monongalia,54monongalia,1.0
54monroe,54monroe,0.9999999403953552
54morgan,54morgan,0.9999999403953552
54nicholas,54nicholas,1.0
54ohio,54ohio,1.0000001192092896
54pendleton,54pendleton,1.0
54pleasants,54pleasants,1.0
54pocahontas,54pocahontas,1.0
54preston,54preston,1.0000001192092896
54putnam,54putnam,1.0
54raleigh,54raleigh,1.0
54randolph,54randolph,1.000000238418579
54ritchie,54ritchie,1.0000001192092896
54roane,54roane,0.9999999403953552
54summers,54summers,1.0000001192092896
54taylor,54taylor,1.0
54tucker,54tucker,1.0000001192092896
54tyler,54tyler,1.0
54upshur,54upshur,1.0
54wayne,54wayne,1.0000001192092896
54webster,54webster,1.0
54wetzel,54wetzel,1.0000001192092896
54wirt,54wirt,1.0
54wood,54wood,1.0
54wyoming,54wyoming,1.0
55adams,55adams,1.0000001192092896
55ashland,55ashland,1.0000001192092896
55barron,55barron,1.0
55bayfield,55bayfield,1.0
55brown,55brown,1.0000001192092896
55buffalo,55buffalo,1.0
55burnett,55burnett,1.0
55calumet,55calumet,1.0
55chippewa,55chippewa,1.0
55clark,55clark,1.0
55columbia,55columbia,1.0
55crawford,55crawford,1.0
55dane,55dane,1.0
55dodge,55dodge,1.0
55door,55door,1.0
55douglas,55douglas,1.000000238418579
55dunn,55dunn,1.0
55eau claire,55eau,0.7886660099029541
55florence,55florence,1.0
55fond du lac,55fond,0.583141565322876
55forest,55forest,1.0
55grant,55grant,1.0
55green,55green,1.0
55green lake,55green,0.6386909484863281
55iowa,55iowa,1.0
55iron,55iron,1.0
55jackson,55jackson,1.0
55jefferson,55jefferson,1.0
55juneau,55juneau,1.0
55kenosha,55kenosha,1.0000001192092896
55kewaunee,55kewaunee,1.0
55la crosse,55la,0.7939616441726685
55lafayette,55lafayette,0.9999999403953552
55langlade,55langlade,1.0
55lincoln,55lincoln,1.0
55manitowoc,55manitowoc,1.0
55marathon,55marathon,1.0000001192092896
55marinette,55marinette,1.0
55marquette,55marquette,1.0
55menominee,55menominee,1.0000001192092896
55milwaukee,55milwaukee,0.9999998807907104
55monroe,55monroe,1.0
55oconto,55oconto,1.0
55oneida,55oneida,1.0
55outagamie,55outagamie,0.9999998807907104
55ozaukee,55ozaukee,0.9999999403953552
55pepin,55pepin,1.0
55pierce,55pierce,1.0
55polk,55polk,1.0000001192092896
55portage,55portage,1.0000001192092896
55price,55price,1.0
55racine,55racine,1.0000001192092896
55richland,55richland,1.000000238418579
55rock,55rock,1.0
55rusk,55rusk,1.0
55sauk,55sauk,1.0
55sawyer,55sawyer,1.0
55shawano,55shawano,1.0
55sheboygan,55sheboygan,1.0
55st. croix,55st.,0.7001444101333618
55taylor,55taylor,1.0000001192092896
55trempealeau,55trempealeau,1.0000001192092896
55vernon,55vernon,1.0
55vilas,55vilas,1.0
55walworth,55walworth,1.0
55washburn,55washburn,1.0
55washington,55washington,1.0
55waukesha,55waukesha,1.0
55waupaca,55waupaca,1.0000001192092896
55waushara,55waushara,1.0
55winnebago,55winnebago,1.0
55wood,55wood,1.0
56albany,56albany,1.0000001192092896
56big horn,56big,0.7105136513710022
56campbell,56campbell,1.0000001192092896
56carbon,56carbon,1.0
56converse,56converse,1.0000001192092896
56crook,56crook,1.0
56fremont,56fremont,1.0
56goshen,56goshen,0.9999999403953552
56hot springs,56hot,0.6810879707336426
56johnson,56johnson,1.0
56laramie,56laramie,1.0
56lincoln,56lincoln,1.0
56natrona,56natrona,1.0000001192092896
56niobrara,56niobrara,1.0
56park,56park,0.9999998807907104
56platte,56platte,0.9999999403953552
56sheridan,56sheridan,1.0
56sublette,56sublette,0.9999999403953552
56sweetwater,56sweetwater,1.0000001192092896
56teton,56teton,1.0
56uinta,56uinta,1.0
56washakie,56washakie,1.0000001192092896
56weston,56weston,1.0
60alameda,60alameda,1.000000238418579
60alpine,60alpine,1.0
60amador,60amador,1.0
60butte,60butte,1.0000001192092896
60calaveras,60calaveras,1.0000001192092896
60colusa,60colusa,0.9999999403953552
60contra costa,60contra,0.7836559414863586
60del norte,60del,0.6560268998146057
60el dorado,60el,0.7091937065124512
60fresno,60fresno,0.9999999403953552
60glenn,60glenn,0.9999998807907104
60humboldt,60humboldt,1.0
60imperial,60imperial,1.0
60inyo,60inyo,1.0000001192092896
60kern,60kern,1.0000001192092896
60kings,60kings,1.0
60lake,60lake,1.0
60lassen,60lassen,1.0
60los angeles,60los,0.6705777645111084
60madera,60madera,1.0
60marin,60marin,1.0000001192092896
60mariposa,60mariposa,1.0
60mendocino,60mendocino,1.0
60merced,60merced,1.0
60modoc,60modoc,1.0
60mono,60mono,1.0000001192092896
60monterey,60monterey,1.0000001192092896
60napa,60napa,1.0
60nevada,60nevada,1.0
60orange,60orange,1.0000001192092896
60placer,60placer,1.0
60plumas,60plumas,1.0
60riverside,60riverside,1.0
60sacramento,60sacramento,1.0
60san benito,60san,0.5934432148933411
60san bernardino,60san,0.5755582451820374
60san diego,60san,0.7192092537879944
60san francisco,60san,0.7582917213439941
60san joaquin,60san,0.6922997236251831
60san luis obispo,60san,0.5599051117897034
60san mateo,60san,0.6804186105728149
60santa barbara,60santa,0.6760847568511963
60santa clara,60santa,0.6442958116531372
60santa cruz,60santa,0.6709455251693726
60shasta,60shasta,1.0
60sierra,60sierra,1.0000001192092896
60siskiyou,60siskiyou,1.0
60solano,60solano,1.0000001192092896
60sonoma,60sonoma,1.0000001192092896
60stanislaus,60stanislaus,1.0
61sutter,61sutter,1.0
61tehama,61tehama,1.0000001192092896
61trinity,61trinity,1.0
61tulare,61tulare,1.0
61tuolumne,61tuolumne,1.0
61ventura,61ventura,1.0
61yolo,61yolo,1.0
61yuba,61yuba,1.0
80adams,80adams,1.0
80alamosa,80alamosa,1.0
80arapahoe,80arapahoe,0.9999999403953552
80archuleta,80archuleta,1.0
80baca,80baca,1.0
80bent,80bent,1.0
80boulder,80boulder,1.0
80broomfield,80broomfield,1.0
80chaffee,80chaffee,1.0000001192092896
80cheyenne,80cheyenne,1.0000001192092896
80clear creek,80clear,0.5924821496009827
80conejos,80conejos,1.0000001192092896
80costilla,80costilla,1.0000001192092896
80crowley,80crowley,1.0000001192092896
80custer,80custer,1.0
80delta,80delta,1.0000001192092896
80denver,80denver,1.0
80dolores,80dolores,1.0
80douglas,80douglas,1.0
80eagle,80eagle,1.0000001192092896
80el paso,80el,0.5807952880859375
80elbert,80elbert,1.0
80fremont,80fremont,1.0000001192092896
80garfield,80garfield,0.9999998807907104
80gilpin,80gilpin,0.9999999403953552
80grand,80grand,1.0
80gunnison,80gunnison,1.0
80hinsdale,80hinsdale,1.0
80huerfano,80huerfano,1.0
80jackson,80jackson,1.0
80jefferson,80jefferson,1.0
80kiowa,80kiowa,1.0
80kit carson,80kit,0.6829268932342529
80la plata,80la,0.6855553388595581
80lake,80lake,1.0
80larimer,80larimer,1.0
80las animas,80las,0.8170574307441711
80lincoln,80lincoln,1.0000001192092896
80logan,80logan,1.0000001192092896
80mesa,80mesa,1.0
80mineral,80mineral,1.0
80moffat,80moffat,1.0
80montezuma,80montezuma,1.0
80montrose,80montrose,1.0000001192092896
80morgan,80morgan,1.0
80otero,80otero,1.0
80ouray,80ouray,1.0
80park,80park,1.0000001192092896
80phillips,80phillips,0.9999999403953552
80pitkin,80pitkin,1.0000001192092896
80prowers,80prowers,1.0
81pueblo,81pueblo,1.0
81rio blanco,81rio,0.7051106095314026
81rio grande,81rio,0.7374237775802612
81routt,81routt,1.0
81saguache,81saguache,0.9999999403953552
81san juan,81san,0.7841768264770508
81san miguel,81san,0.7870379090309143
81sedgwick,81sedgwick,1.0000001192092896
81summit,81summit,0.9999999403953552
81teller,81teller,1.0000001192092896
81washington,81washington,1.0
81weld,81weld,1.0
81yuma,81yuma,1.0000001192092896
90fairfield ,90fairfield,1.0000001192092896
90hartford ,90hartford,1.0
90litchfield ,90litchfield,1.0
90middlesex ,90middlesex,1.0
90new haven ,90new,0.7517898082733154
90new london ,90new,0.6817049980163574
90tolland ,90tolland,1.0
90windham ,90windham,1.0
