,statecounty,allrace_cvd_mortality_per_100k_2018_2020,api_cvd_mortality_per_100k_2018_2020
0,02Aleutians East,182.4,
1,02Aleutians West,172.6,
2,02Anchorage,255.6,179.7
3,02Bethel,343.4,
4,02Bristol Bay,,
5,02Denali,218.6,
6,02Dillingham,363.3,
7,02Fairbanks North Star,283.5,218.1
8,02Haines,225.4,
9,02Hoonah-Angoon,211.5,
10,02Juneau,228.9,
11,02Kenai Peninsula,260.9,188.4
12,02Ketchikan Gateway,275.3,
13,02Kodiak Island,268.2,233.2
14,02Kusilvak,52.2,
15,02Lake and Peninsula,277.9,
16,02Matanuska-Susitna,223.2,181.2
17,02Nome,442.1,
18,02North Slope,278.8,
19,02Northwest Arctic,404.7,
20,02Petersburg,218.8,
21,02Prince of Wales-Hyder,279.5,
22,02Sitka,148.6,
23,02Skagway,,
24,02Southeast Fairbanks,290.3,
25,02Valdez-Cordova,273.8,179.9
26,02Wrangell,265.4,
27,02Yakutat,,
28,02Yukon-Koyukuk,273.4,
29,01Autauga County,401.0,
30,01Baldwin County,353.7,205.4
31,01Barbour County,575.2,
32,01Bibb County,503.7,107.2
33,01Blount County,463.6,104.7
34,01Bullock County,473.7,
35,01Butler County,425.9,
36,01Calhoun County,616.2,
37,01Chambers County,377.3,
38,01Cherokee County,421.9,
39,01Chilton County,481.5,
40,01Choctaw County,545.8,
41,01Clarke County,461.4,
42,01Clay County,516.2,
43,01Cleburne County,534.9,
44,01Coffee County,526.7,
45,01Colbert County,484.8,
46,01Conecuh County,480.3,
47,01Coosa County,453.2,
48,01Covington County,524.2,
49,01Crenshaw County,523.4,
50,01Cullman County,559.4,
51,01Dale County,427.8,
52,01Dallas County,638.5,
53,01DeKalb County,478.6,
54,01Elmore County,480.4,
55,01Escambia County,432.7,201.0
56,01Etowah County,528.0,
57,01Fayette County,432.2,
58,01Franklin County,501.8,
59,01Geneva County,432.1,
60,01Greene County,476.8,
61,01Hale County,476.3,
62,01Henry County,385.3,
63,01Houston County,374.9,
64,01Jackson County,548.8,191.7
65,01Jefferson County,383.5,106.4
66,01Lamar County,416.1,
67,01Lauderdale County,373.9,
68,01Lawrence County,468.9,
69,01Lee County,294.6,90.5
70,01Limestone County,462.9,181.2
71,01Lowndes County,468.2,
72,01Macon County,612.1,
73,01Madison County,404.6,190.0
74,01Marengo County,539.3,
75,01Marion County,494.4,
76,01Marshall County,461.8,214.8
77,01Mobile County,470.1,221.9
78,01Monroe County,396.1,
79,01Montgomery County,330.5,103.3
80,01Morgan County,491.4,185.1
81,01Perry County,526.2,
82,01Pickens County,491.0,
83,01Pike County,461.9,
84,01Randolph County,534.1,
85,01Russell County,347.0,214.6
86,01St. Clair County,400.4,81.6
87,01Shelby County,304.3,105.0
88,01Sumter County,457.5,
89,01Talladega County,522.7,
90,01Tallapoosa County,482.1,
91,01Tuscaloosa County,441.1,134.7
92,01Walker County,802.6,337.4
93,01Washington County,410.5,213.1
94,01Wilcox County,591.6,
95,01Winston County,466.3,
96,05Arkansas County,421.3,
97,05Ashley County,473.8,
98,05Baxter County,374.4,
99,05Benton County,335.5,237.6
100,05Boone County,522.8,
101,05Bradley County,534.2,
102,05Calhoun County,454.6,
103,05Carroll County,430.4,258.4
104,05Chicot County,458.7,
105,05Clark County,445.2,
106,05Clay County,441.8,
107,05Cleburne County,307.8,
108,05Cleveland County,446.8,
109,05Columbia County,436.9,
110,05Conway County,383.2,
111,05Craighead County,459.6,
112,05Crawford County,421.1,241.7
113,05Crittenden County,454.6,220.9
114,05Cross County,455.8,
115,05Dallas County,449.4,
116,05Desha County,590.3,
117,05Drew County,410.9,
118,05Faulkner County,382.1,188.5
119,05Franklin County,463.2,453.3
120,05Fulton County,388.6,
121,05Garland County,434.9,
122,05Grant County,396.5,196.1
123,05Greene County,375.4,
124,05Hempstead County,463.1,
125,05Hot Spring County,462.6,
126,05Howard County,521.2,
127,05Independence County,535.8,
128,05Izard County,411.6,
129,05Jackson County,459.1,
130,05Jefferson County,487.4,193.5
131,05Johnson County,447.7,
132,05Lafayette County,455.3,
133,05Lawrence County,444.3,
134,05Lee County,457.6,
135,05Lincoln County,506.9,
136,05Little River County,495.3,
137,05Logan County,456.7,345.2
138,05Lonoke County,322.5,188.3
139,05Madison County,567.2,
140,05Marion County,423.8,
141,05Miller County,525.7,
142,05Mississippi County,576.6,
143,05Monroe County,567.9,
144,05Montgomery County,396.0,
145,05Nevada County,449.3,
146,05Newton County,472.1,
147,05Ouachita County,435.4,
148,05Perry County,391.1,
149,05Phillips County,330.7,
150,05Pike County,436.3,
151,05Poinsett County,585.0,
152,05Polk County,448.5,
153,05Pope County,419.7,
154,05Prairie County,425.9,
155,05Pulaski County,344.0,194.8
156,05Randolph County,392.2,
157,05St. Francis County,482.9,
158,05Saline County,348.2,206.0
159,05Scott County,429.5,246.8
160,05Searcy County,399.8,
161,05Sebastian County,431.0,261.3
162,05Sevier County,455.4,
163,05Sharp County,459.1,
164,05Stone County,336.0,
165,05Union County,412.6,
166,05Van Buren County,340.0,
167,05Washington County,671.6,581.6
168,05White County,490.7,
169,05Woodruff County,507.5,
170,05Yell County,509.7,
171,60American Samoa County,9.1,
172,04Apache County,272.1,
173,04Cochise County,301.9,127.2
174,04Coconino County,211.1,243.1
175,04Gila County,350.8,164.7
176,04Graham County,294.2,151.4
177,04Greenlee County,305.1,
178,04La Paz County,382.4,185.9
179,04Maricopa County,262.5,157.0
180,04Mohave County,383.0,211.7
181,04Navajo County,307.0,
182,04Pima County,265.0,157.0
183,04Pinal County,237.8,158.0
184,04Santa Cruz County,222.6,126.3
185,04Yavapai County,268.6,162.0
186,04Yuma County,258.5,156.2
187,06Alameda County,213.4,131.2
188,06Alpine County,336.9,
189,06Amador County,312.6,178.6
190,06Butte County,326.9,208.0
191,06Calaveras County,300.0,213.5
192,06Colusa County,304.8,157.3
193,06Contra Costa County,200.5,118.9
194,06Del Norte County,305.8,187.9
195,06El Dorado County,248.4,157.1
196,06Fresno County,341.7,273.3
197,06Glenn County,316.8,188.8
198,06Humboldt County,308.4,202.4
199,06Imperial County,257.7,174.7
200,06Inyo County,333.6,234.2
201,06Kern County,383.2,222.9
202,06Kings County,334.4,269.4
203,06Lake County,314.4,132.2
204,06Lassen County,354.6,239.7
205,06Los Angeles County,292.7,189.5
206,06Madera County,287.6,272.8
207,06Marin County,170.1,110.7
208,06Mariposa County,312.0,263.9
209,06Mendocino County,278.1,165.7
210,06Merced County,308.5,248.1
211,06Modoc County,345.4,235.0
212,06Mono County,223.8,203.2
213,06Monterey County,213.6,169.1
214,06Napa County,243.8,141.9
215,06Nevada County,251.3,196.6
216,06Orange County,252.2,162.0
217,06Placer County,235.5,164.7
218,06Plumas County,342.6,254.2
219,06Riverside County,338.7,204.4
220,06Sacramento County,280.4,188.2
221,06San Benito County,230.9,160.5
222,06San Bernardino County,368.5,195.2
223,06San Diego County,243.1,167.8
224,06San Francisco County,211.8,158.5
225,06San Joaquin County,304.1,207.4
226,06San Luis Obispo County,217.3,190.4
227,06San Mateo County,204.4,146.7
228,06Santa Barbara County,251.1,198.0
229,06Santa Clara County,182.8,120.7
230,06Santa Cruz County,195.4,144.1
231,06Shasta County,375.7,270.1
232,06Sierra County,320.2,
233,06Siskiyou County,310.0,161.2
234,06Solano County,218.0,154.4
235,06Sonoma County,229.9,139.0
236,06Stanislaus County,355.3,242.7
237,06Sutter County,284.7,187.7
238,06Tehama County,362.6,219.1
239,06Trinity County,315.7,244.7
240,06Tulare County,361.3,272.6
241,06Tuolumne County,302.6,359.5
242,06Ventura County,254.3,174.7
243,06Yolo County,242.3,146.8
244,06Yuba County,348.5,213.9
245,08Adams County,266.1,148.8
246,08Alamosa County,288.8,
247,08Arapahoe County,220.9,134.2
248,08Archuleta County,258.2,
249,08Baca County,296.9,
250,08Bent County,369.9,
251,08Boulder County,211.5,82.7
252,08Broomfield County,221.5,176.7
253,08Chaffee County,206.5,
254,08Cheyenne County,296.9,
255,08Clear Creek County,214.5,119.7
256,08Conejos County,273.6,
257,08Costilla County,224.3,
258,08Crowley County,275.7,152.8
259,08Custer County,262.1,
260,08Delta County,323.7,
261,08Denver County,264.3,129.0
262,08Dolores County,245.1,
263,08Douglas County,178.3,133.2
264,08Eagle County,97.6,
265,08Elbert County,206.7,134.8
266,08El Paso County,274.3,147.4
267,08Fremont County,302.5,144.6
268,08Garfield County,262.7,
269,08Gilpin County,232.5,97.8
270,08Grand County,167.4,79.8
271,08Gunnison County,240.9,
272,08Hinsdale County,228.6,
273,08Huerfano County,268.2,
274,08Jackson County,214.5,
275,08Jefferson County,261.0,127.8
276,08Kiowa County,362.1,
277,08Kit Carson County,273.3,
278,08Lake County,129.9,
279,08La Plata County,250.0,
280,08Larimer County,224.9,92.8
281,08Las Animas County,261.9,
282,08Lincoln County,281.9,
283,08Logan County,259.5,
284,08Mesa County,328.2,
285,08Mineral County,226.3,
286,08Moffat County,315.5,
287,08Montezuma County,254.0,
288,08Montrose County,284.0,
289,08Morgan County,253.6,165.3
290,08Otero County,404.2,
291,08Ouray County,179.9,
292,08Park County,184.8,135.6
293,08Phillips County,282.3,
294,08Pitkin County,93.4,
295,08Prowers County,329.6,
296,08Pueblo County,256.7,136.7
297,08Rio Blanco County,274.2,
298,08Rio Grande County,272.1,
299,08Routt County,128.5,
300,08Saguache County,223.9,
301,08San Juan County,215.3,
302,08San Miguel County,118.9,
303,08Sedgwick County,279.5,
304,08Summit County,76.6,
305,08Teller County,241.9,143.6
306,08Washington County,246.6,
307,08Weld County,235.5,132.7
308,08Yuma County,279.1,
309,09Fairfield County,249.5,118.8
310,09Hartford County,283.2,163.3
311,09Litchfield County,267.0,119.2
312,09Middlesex County,276.5,116.5
313,09New Haven County,280.2,108.8
314,09New London County,280.0,129.4
315,09Tolland County,297.4,188.2
316,09Windham County,332.8,135.1
317,11District of Columbia County,352.3,137.8
318,10Kent County,341.7,120.0
319,10New Castle County,291.6,120.0
320,10Sussex County,305.5,163.4
321,12Alachua County,243.2,118.2
322,12Baker County,317.0,142.3
323,12Bay County,348.6,168.7
324,12Bradford County,307.2,120.0
325,12Brevard County,306.7,151.5
326,12Broward County,264.9,162.1
327,12Calhoun County,359.1,180.9
328,12Charlotte County,217.0,104.3
329,12Citrus County,399.9,160.8
330,12Clay County,278.4,128.8
331,12Collier County,161.4,148.0
332,12Columbia County,301.9,119.5
333,12DeSoto County,224.3,107.1
334,12Dixie County,302.2,
335,12Duval County,330.5,132.9
336,12Escambia County,333.8,160.1
337,12Flagler County,279.3,118.8
338,12Franklin County,340.9,
339,12Gadsden County,315.0,
340,12Gilchrist County,271.0,112.4
341,12Glades County,240.5,129.3
342,12Gulf County,348.7,
343,12Hamilton County,326.4,
344,12Hardee County,283.1,147.9
345,12Hendry County,331.0,144.6
346,12Hernando County,335.2,144.7
347,12Highlands County,290.5,169.0
348,12Hillsborough County,311.9,151.1
349,12Holmes County,521.0,
350,12Indian River County,262.8,166.6
351,12Jackson County,386.2,208.6
352,12Jefferson County,306.4,
353,12Lafayette County,385.4,
354,12Lake County,297.7,165.9
355,12Lee County,214.4,100.6
356,12Leon County,281.5,113.8
357,12Levy County,345.4,140.6
358,12Liberty County,326.7,
359,12Madison County,391.5,
360,12Manatee County,247.6,132.4
361,12Marion County,398.3,281.0
362,12Martin County,216.4,139.7
363,12Miami-Dade County,278.2,163.3
364,12Monroe County,239.3,156.9
365,12Nassau County,311.4,142.1
366,12Okaloosa County,288.6,89.1
367,12Okeechobee County,357.6,153.0
368,12Orange County,281.4,154.3
369,12Osceola County,297.9,149.4
370,12Palm Beach County,243.2,150.4
371,12Pasco County,306.6,154.5
372,12Pinellas County,272.4,153.8
373,12Polk County,301.9,147.5
374,12Putnam County,313.8,165.8
375,12St. Johns County,216.5,126.5
376,12St. Lucie County,262.9,162.7
377,12Santa Rosa County,302.5,125.4
378,12Sarasota County,210.8,94.7
379,12Seminole County,254.7,149.6
380,12Sumter County,248.9,146.9
381,12Suwannee County,338.2,
382,12Taylor County,357.9,
383,12Union County,512.5,118.3
384,12Volusia County,336.3,171.4
385,12Wakulla County,323.4,
386,12Walton County,276.9,142.6
387,12Washington County,468.6,280.9
388,13Appling County,421.2,
389,13Atkinson County,478.5,
390,13Bacon County,486.0,
391,13Baker County,398.5,
392,13Baldwin County,548.9,
393,13Banks County,363.4,
394,13Barrow County,306.8,144.7
395,13Bartow County,436.0,160.4
396,13Ben Hill County,503.0,
397,13Berrien County,432.4,
398,13Bibb County,514.8,183.4
399,13Bleckley County,407.0,
400,13Brantley County,437.0,
401,13Brooks County,359.7,
402,13Bryan County,358.2,155.7
403,13Bulloch County,341.8,
404,13Burke County,430.3,236.5
405,13Butts County,372.7,216.6
406,13Calhoun County,410.2,
407,13Camden County,370.4,
408,13Candler County,426.3,
409,13Carroll County,430.7,148.2
410,13Catoosa County,338.6,158.3
411,13Charlton County,315.2,
412,13Chatham County,355.9,201.5
413,13Chattahoochee County,354.7,238.3
414,13Chattooga County,501.8,
415,13Cherokee County,289.8,165.1
416,13Clarke County,342.9,
417,13Clay County,428.3,
418,13Clayton County,366.4,167.5
419,13Clinch County,625.5,
420,13Cobb County,266.2,151.8
421,13Coffee County,456.3,
422,13Colquitt County,327.0,
423,13Columbia County,231.3,199.3
424,13Cook County,465.8,
425,13Coweta County,372.4,191.5
426,13Crawford County,460.3,
427,13Crisp County,437.1,
428,13Dade County,491.0,170.9
429,13Dawson County,309.8,102.9
430,13Decatur County,497.2,
431,13DeKalb County,243.9,131.0
432,13Dodge County,390.2,
433,13Dooly County,391.7,
434,13Dougherty County,326.6,
435,13Douglas County,417.3,138.4
436,13Early County,531.6,
437,13Echols County,279.8,
438,13Effingham County,364.8,183.3
439,13Elbert County,443.3,
440,13Emanuel County,534.1,
441,13Evans County,375.5,
442,13Fannin County,345.9,
443,13Fayette County,264.8,164.4
444,13Floyd County,522.5,
445,13Forsyth County,244.9,106.3
446,13Franklin County,528.7,
447,13Fulton County,269.1,130.0
448,13Gilmer County,363.2,
449,13Glascock County,415.3,
450,13Glynn County,340.5,
451,13Gordon County,443.5,197.7
452,13Grady County,375.3,
453,13Greene County,339.8,
454,13Gwinnett County,232.3,136.1
455,13Habersham County,321.3,
456,13Hall County,283.5,123.8
457,13Hancock County,395.2,
458,13Haralson County,500.5,
459,13Harris County,303.0,139.6
460,13Hart County,380.1,
461,13Heard County,396.6,
462,13Henry County,360.7,198.7
463,13Houston County,415.0,194.2
464,13Irwin County,474.5,
465,13Jackson County,392.9,
466,13Jasper County,365.7,
467,13Jeff Davis County,498.3,
468,13Jefferson County,498.3,237.5
469,13Jenkins County,361.0,
470,13Johnson County,451.7,
471,13Jones County,347.8,
472,13Lamar County,411.8,
473,13Lanier County,360.4,
474,13Laurens County,455.1,
475,13Lee County,432.8,
476,13Liberty County,359.0,
477,13Lincoln County,323.5,
478,13Long County,325.3,
479,13Lowndes County,376.0,
480,13Lumpkin County,318.3,
481,13McDuffie County,455.2,199.8
482,13McIntosh County,298.6,
483,13Macon County,440.8,
484,13Madison County,391.0,
485,13Marion County,455.2,
486,13Meriwether County,503.5,
487,13Miller County,451.7,
488,13Mitchell County,374.6,
489,13Monroe County,348.6,
490,13Montgomery County,384.7,
491,13Morgan County,359.8,
492,13Murray County,404.6,
493,13Muscogee County,498.2,223.0
494,13Newton County,369.4,218.5
495,13Oconee County,309.0,
496,13Oglethorpe County,346.3,
497,13Paulding County,352.5,137.1
498,13Peach County,456.7,223.2
499,13Pickens County,369.8,
500,13Pierce County,460.5,
501,13Pike County,329.4,
502,13Polk County,541.9,
503,13Pulaski County,409.2,
504,13Putnam County,381.9,
505,13Quitman County,437.1,
506,13Rabun County,318.3,
507,13Randolph County,352.7,
508,13Richmond County,491.0,202.7
509,13Rockdale County,313.0,156.5
510,13Schley County,310.5,
511,13Screven County,385.0,
512,13Seminole County,430.3,
513,13Spalding County,395.2,209.5
514,13Stephens County,467.6,
515,13Stewart County,309.7,
516,13Sumter County,438.5,
517,13Talbot County,413.0,
518,13Taliaferro County,377.0,
519,13Tattnall County,451.5,
520,13Taylor County,377.7,
521,13Telfair County,298.5,
522,13Terrell County,382.8,
523,13Thomas County,386.0,
524,13Tift County,484.4,
525,13Toombs County,408.1,
526,13Towns County,328.2,
527,13Treutlen County,434.5,
528,13Troup County,513.3,
529,13Turner County,455.1,
530,13Twiggs County,517.8,
531,13Union County,338.4,
532,13Upson County,556.6,
533,13Walker County,545.7,158.9
534,13Walton County,392.3,141.9
535,13Ware County,499.8,
536,13Warren County,453.7,
537,13Washington County,392.2,
538,13Wayne County,383.6,
539,13Webster County,342.7,
540,13Wheeler County,341.8,
541,13White County,314.8,
542,13Whitfield County,387.4,
543,13Wilcox County,387.0,
544,13Wilkes County,427.0,
545,13Wilkinson County,491.9,
546,13Worth County,333.5,
547,66Guam County,557.0,
548,15Hawaii County,266.6,260.7
549,15Honolulu County,232.5,219.6
550,15Kalawao County,229.7,237.0
551,15Kauai County,239.9,237.1
552,15Maui County,232.4,234.1
553,19Adair County,322.1,
554,19Adams County,393.9,
555,19Allamakee County,416.2,
556,19Appanoose County,397.7,
557,19Audubon County,298.5,
558,19Benton County,316.5,
559,19Black Hawk County,320.2,
560,19Boone County,357.0,185.2
561,19Bremer County,317.5,
562,19Buchanan County,317.0,
563,19Buena Vista County,327.7,
564,19Butler County,351.8,
565,19Calhoun County,339.7,
566,19Carroll County,311.6,
567,19Cass County,391.3,
568,19Cedar County,293.5,120.6
569,19Cerro Gordo County,361.3,
570,19Cherokee County,332.8,
571,19Chickasaw County,442.4,
572,19Clarke County,385.2,
573,19Clay County,324.4,
574,19Clayton County,298.4,
575,19Clinton County,352.7,
576,19Crawford County,267.3,
577,19Dallas County,274.8,174.9
578,19Davis County,372.9,
579,19Decatur County,400.4,
580,19Delaware County,317.4,
581,19Des Moines County,354.0,
582,19Dickinson County,319.9,
583,19Dubuque County,304.2,
584,19Emmet County,334.6,
585,19Fayette County,384.7,
586,19Floyd County,348.7,
587,19Franklin County,354.1,
588,19Fremont County,320.6,
589,19Greene County,306.9,
590,19Grundy County,364.9,
591,19Guthrie County,274.5,
592,19Hamilton County,295.9,
593,19Hancock County,357.6,
594,19Hardin County,369.1,
595,19Harrison County,299.5,
596,19Henry County,377.7,
597,19Howard County,538.2,
598,19Humboldt County,338.5,
599,19Ida County,333.4,
600,19Iowa County,327.7,
601,19Jackson County,326.5,
602,19Jasper County,282.2,211.6
603,19Jefferson County,382.6,
604,19Johnson County,277.7,143.6
605,19Jones County,305.7,
606,19Keokuk County,313.5,
607,19Kossuth County,340.5,
608,19Lee County,422.7,
609,19Linn County,294.9,184.1
610,19Louisa County,301.3,
611,19Lucas County,362.1,
612,19Lyon County,249.1,
613,19Madison County,291.3,202.4
614,19Mahaska County,409.0,
615,19Marion County,330.0,225.3
616,19Marshall County,469.1,
617,19Mills County,286.4,
618,19Mitchell County,390.4,
619,19Monona County,540.8,
620,19Monroe County,423.3,
621,19Montgomery County,465.6,
622,19Muscatine County,302.8,181.5
623,19O'Brien County,317.7,
624,19Osceola County,279.6,
625,19Page County,371.4,
626,19Palo Alto County,317.4,
627,19Plymouth County,214.1,
628,19Pocahontas County,368.1,
629,19Polk County,318.2,229.1
630,19Pottawattamie County,341.6,102.5
631,19Poweshiek County,318.0,
632,19Ringgold County,394.3,
633,19Sac County,336.1,
634,19Scott County,328.8,75.6
635,19Shelby County,332.8,
636,19Sioux County,226.4,
637,19Story County,250.4,176.2
638,19Tama County,390.0,
639,19Taylor County,382.4,
640,19Union County,361.9,
641,19Van Buren County,409.2,
642,19Wapello County,446.6,
643,19Warren County,327.0,190.1
644,19Washington County,295.6,
645,19Wayne County,396.6,
646,19Webster County,411.0,
647,19Winnebago County,346.0,
648,19Winneshiek County,264.2,
649,19Woodbury County,308.7,240.1
650,19Worth County,324.6,
651,19Wright County,367.6,
652,16Ada County,267.7,137.7
653,16Adams County,214.0,
654,16Bannock County,369.2,
655,16Bear Lake County,295.3,
656,16Benewah County,282.7,
657,16Bingham County,343.9,
658,16Blaine County,162.8,
659,16Boise County,219.8,129.6
660,16Bonner County,263.4,166.0
661,16Bonneville County,351.3,
662,16Boundary County,249.7,
663,16Butte County,343.5,
664,16Camas County,276.7,
665,16Canyon County,328.5,141.3
666,16Caribou County,353.6,
667,16Cassia County,343.2,
668,16Clark County,325.4,
669,16Clearwater County,251.6,
670,16Custer County,256.6,
671,16Elmore County,314.5,125.5
672,16Franklin County,298.3,
673,16Fremont County,286.9,
674,16Gem County,379.1,137.4
675,16Gooding County,323.5,
676,16Idaho County,263.9,
677,16Jefferson County,355.6,
678,16Jerome County,323.8,
679,16Kootenai County,280.0,166.9
680,16Latah County,240.8,
681,16Lemhi County,313.6,
682,16Lewis County,258.0,
683,16Lincoln County,331.7,
684,16Madison County,450.9,
685,16Minidoka County,312.8,
686,16Nez Perce County,288.6,
687,16Oneida County,342.0,
688,16Owyhee County,312.2,137.2
689,16Payette County,349.2,
690,16Power County,305.2,
691,16Shoshone County,287.9,
692,16Teton County,190.6,
693,16Twin Falls County,330.3,
694,16Valley County,140.6,
695,16Washington County,327.4,
696,17Adams County,295.8,
697,17Alexander County,442.8,
698,17Bond County,385.4,
699,17Boone County,317.8,77.9
700,17Brown County,337.3,
701,17Bureau County,373.0,
702,17Calhoun County,324.4,
703,17Carroll County,350.3,
704,17Cass County,365.2,
705,17Champaign County,274.3,122.3
706,17Christian County,336.2,
707,17Clark County,405.1,
708,17Clay County,429.0,
709,17Clinton County,371.6,
710,17Coles County,329.4,
711,17Cook County,329.7,155.2
712,17Crawford County,395.0,
713,17Cumberland County,312.1,
714,17DeKalb County,309.4,113.9
715,17De Witt County,358.9,
716,17Douglas County,290.0,
717,17DuPage County,250.8,154.9
718,17Edgar County,405.7,117.9
719,17Edwards County,395.2,
720,17Effingham County,296.2,
721,17Fayette County,321.0,
722,17Ford County,363.7,121.5
723,17Franklin County,343.6,
724,17Fulton County,377.9,
725,17Gallatin County,375.4,
726,17Greene County,389.7,
727,17Grundy County,331.3,159.5
728,17Hamilton County,374.9,
729,17Hancock County,349.8,
730,17Hardin County,420.1,
731,17Henderson County,418.2,
732,17Henry County,375.2,
733,17Iroquois County,403.6,
734,17Jackson County,339.8,
735,17Jasper County,317.9,
736,17Jefferson County,390.4,
737,17Jersey County,416.9,198.2
738,17Jo Daviess County,297.6,
739,17Johnson County,305.8,
740,17Kane County,251.7,152.9
741,17Kankakee County,435.2,168.3
742,17Kendall County,248.3,153.7
743,17Knox County,380.5,
744,17Lake County,251.5,148.1
745,17LaSalle County,359.2,
746,17Lawrence County,338.5,
747,17Lee County,356.7,
748,17Livingston County,368.4,
749,17Logan County,334.9,
750,17McDonough County,392.1,
751,17McHenry County,289.5,127.2
752,17McLean County,324.5,116.8
753,17Macon County,337.9,
754,17Macoupin County,370.4,
755,17Madison County,388.3,147.2
756,17Marion County,420.1,
757,17Marshall County,354.5,
758,17Mason County,334.0,
759,17Massac County,330.3,
760,17Menard County,313.7,
761,17Mercer County,345.7,
762,17Monroe County,338.2,165.4
763,17Montgomery County,341.1,
764,17Morgan County,450.3,
765,17Moultrie County,329.2,
766,17Ogle County,326.1,118.8
767,17Peoria County,337.6,133.8
768,17Perry County,349.6,
769,17Piatt County,320.5,115.8
770,17Pike County,314.9,
771,17Pope County,300.7,
772,17Pulaski County,431.7,
773,17Putnam County,359.6,
774,17Randolph County,347.6,
775,17Richland County,374.1,
776,17Rock Island County,350.5,242.2
777,17St. Clair County,363.6,102.7
778,17Saline County,377.6,
779,17Sangamon County,330.4,134.4
780,17Schuyler County,351.3,
781,17Scott County,395.6,
782,17Shelby County,326.9,
783,17Stark County,360.6,
784,17Stephenson County,309.4,
785,17Tazewell County,324.3,137.4
786,17Union County,449.4,
787,17Vermilion County,365.1,
788,17Wabash County,336.5,
789,17Warren County,407.2,
790,17Washington County,359.9,
791,17Wayne County,390.6,
792,17White County,380.3,
793,17Whiteside County,374.1,
794,17Will County,312.6,155.9
795,17Williamson County,301.2,
796,17Winnebago County,359.9,112.9
797,17Woodford County,332.8,141.0
798,18Adams County,296.7,156.6
799,18Allen County,323.1,178.6
800,18Bartholomew County,316.2,218.5
801,18Benton County,384.9,
802,18Blackford County,367.6,
803,18Boone County,347.7,139.2
804,18Brown County,301.0,209.1
805,18Carroll County,267.1,
806,18Cass County,271.0,
807,18Clark County,382.4,210.1
808,18Clay County,441.7,
809,18Clinton County,312.2,127.1
810,18Crawford County,374.9,
811,18Daviess County,369.4,
812,18Dearborn County,337.5,114.2
813,18Decatur County,354.6,
814,18DeKalb County,334.3,177.1
815,18Delaware County,390.1,
816,18Dubois County,362.5,
817,18Elkhart County,332.6,
818,18Fayette County,457.6,
819,18Floyd County,346.8,227.1
820,18Fountain County,387.5,
821,18Franklin County,318.2,
822,18Fulton County,378.2,
823,18Gibson County,377.8,
824,18Grant County,360.6,
825,18Greene County,370.3,
826,18Hamilton County,244.7,142.9
827,18Hancock County,284.9,151.1
828,18Harrison County,322.6,236.4
829,18Hendricks County,309.3,157.3
830,18Henry County,358.7,
831,18Howard County,425.0,
832,18Huntington County,326.7,176.6
833,18Jackson County,359.1,
834,18Jasper County,411.4,214.4
835,18Jay County,321.2,
836,18Jefferson County,399.2,
837,18Jennings County,379.3,
838,18Johnson County,345.6,212.4
839,18Knox County,384.9,
840,18Kosciusko County,348.2,
841,18LaGrange County,339.5,
842,18Lake County,394.3,161.6
843,18LaPorte County,415.7,175.5
844,18Lawrence County,359.9,
845,18Madison County,339.7,127.5
846,18Marion County,347.1,176.1
847,18Marshall County,368.7,
848,18Martin County,368.0,
849,18Miami County,352.1,
850,18Monroe County,303.6,161.2
851,18Montgomery County,426.2,
852,18Morgan County,383.8,183.8
853,18Newton County,405.6,215.0
854,18Noble County,340.9,178.3
855,18Ohio County,275.3,
856,18Orange County,374.2,
857,18Owen County,382.5,
858,18Parke County,361.2,
859,18Perry County,368.2,
860,18Pike County,358.4,
861,18Porter County,326.6,219.5
862,18Posey County,349.5,
863,18Pulaski County,403.6,
864,18Putnam County,336.8,
865,18Randolph County,387.8,
866,18Ripley County,375.6,
867,18Rush County,370.4,
868,18St. Joseph County,334.9,180.1
869,18Scott County,394.4,
870,18Shelby County,330.2,177.8
871,18Spencer County,370.5,
872,18Starke County,460.0,167.7
873,18Steuben County,333.2,
874,18Sullivan County,432.9,
875,18Switzerland County,356.1,
876,18Tippecanoe County,277.9,112.9
877,18Tipton County,344.4,141.9
878,18Union County,361.7,
879,18Vanderburgh County,360.9,
880,18Vermillion County,435.5,
881,18Vigo County,462.1,
882,18Wabash County,338.2,
883,18Warren County,351.5,
884,18Warrick County,361.6,
885,18Washington County,392.2,
886,18Wayne County,450.3,
887,18Wells County,326.1,170.8
888,18White County,352.8,
889,18Whitley County,320.2,167.6
890,20Allen County,367.2,
891,20Anderson County,342.7,
892,20Atchison County,345.0,
893,20Barber County,456.2,
894,20Barton County,341.8,
895,20Bourbon County,383.5,
896,20Brown County,385.0,
897,20Butler County,338.2,130.3
898,20Chase County,346.7,
899,20Chautauqua County,402.1,
900,20Cherokee County,508.2,
901,20Cheyenne County,266.0,
902,20Clark County,374.2,
903,20Clay County,305.4,
904,20Cloud County,349.9,
905,20Coffey County,358.8,
906,20Comanche County,426.4,
907,20Cowley County,373.2,131.4
908,20Crawford County,418.8,
909,20Decatur County,309.5,
910,20Dickinson County,308.9,
911,20Doniphan County,349.1,
912,20Douglas County,269.1,74.5
913,20Edwards County,368.5,
914,20Elk County,384.0,
915,20Ellis County,273.2,
916,20Ellsworth County,311.0,
917,20Finney County,240.9,
918,20Ford County,352.1,
919,20Franklin County,347.0,116.9
920,20Geary County,482.8,
921,20Gove County,296.8,
922,20Graham County,319.5,
923,20Grant County,355.6,
924,20Gray County,250.3,
925,20Greeley County,295.2,
926,20Greenwood County,356.9,
927,20Hamilton County,341.2,
928,20Harper County,369.0,
929,20Harvey County,327.2,123.7
930,20Haskell County,280.3,
931,20Hodgeman County,342.5,
932,20Jackson County,346.8,
933,20Jefferson County,312.9,
934,20Jewell County,350.1,
935,20Johnson County,244.5,135.3
936,20Kearny County,270.3,
937,20Kingman County,441.2,
938,20Kiowa County,378.6,
939,20Labette County,440.0,
940,20Lane County,249.9,
941,20Leavenworth County,338.5,206.6
942,20Lincoln County,298.5,
943,20Linn County,356.6,
944,20Logan County,263.0,
945,20Lyon County,335.6,
946,20McPherson County,294.5,
947,20Marion County,305.5,
948,20Marshall County,281.4,
949,20Meade County,344.7,
950,20Miami County,294.2,119.5
951,20Mitchell County,339.4,
952,20Montgomery County,475.5,
953,20Morris County,347.1,
954,20Morton County,438.1,
955,20Nemaha County,270.4,
956,20Neosho County,414.3,
957,20Ness County,277.4,
958,20Norton County,295.9,
959,20Osage County,319.8,
960,20Osborne County,308.2,
961,20Ottawa County,292.2,
962,20Pawnee County,337.2,
963,20Phillips County,294.5,
964,20Pottawatomie County,310.1,
965,20Pratt County,380.8,
966,20Rawlins County,297.4,
967,20Reno County,308.1,76.0
968,20Republic County,360.4,
969,20Rice County,307.9,
970,20Riley County,279.4,
971,20Rooks County,284.7,
972,20Rush County,311.2,
973,20Russell County,335.9,
974,20Saline County,282.7,
975,20Scott County,246.2,
976,20Sedgwick County,333.3,125.0
977,20Seward County,352.7,
978,20Shawnee County,329.9,
979,20Sheridan County,285.9,
980,20Sherman County,275.4,
981,20Smith County,299.1,
982,20Stafford County,322.5,
983,20Stanton County,329.4,
984,20Stevens County,300.8,
985,20Sumner County,362.1,111.4
986,20Thomas County,274.8,
987,20Trego County,274.1,
988,20Wabaunsee County,306.0,
989,20Wallace County,262.9,
990,20Washington County,308.6,
991,20Wichita County,286.0,
992,20Wilson County,393.2,
993,20Woodson County,369.0,
994,20Wyandotte County,366.7,149.9
995,21Adair County,421.4,
996,21Allen County,365.1,
997,21Anderson County,360.7,
998,21Ballard County,456.4,
999,21Barren County,384.1,
1000,21Bath County,468.0,
1001,21Bell County,569.9,
1002,21Boone County,290.3,121.3
1003,21Bourbon County,373.6,
1004,21Boyd County,512.5,
1005,21Boyle County,349.0,
1006,21Bracken County,380.5,
1007,21Breathitt County,780.2,
1008,21Breckinridge County,355.1,
1009,21Bullitt County,302.2,240.5
1010,21Butler County,374.9,
1011,21Caldwell County,504.9,
1012,21Calloway County,415.4,
1013,21Campbell County,315.3,106.7
1014,21Carlisle County,361.7,
1015,21Carroll County,416.7,
1016,21Carter County,439.3,
1017,21Casey County,296.2,
1018,21Christian County,487.6,
1019,21Clark County,423.4,
1020,21Clay County,556.0,
1021,21Clinton County,401.4,
1022,21Crittenden County,532.8,
1023,21Cumberland County,449.2,
1024,21Daviess County,388.9,
1025,21Edmonson County,367.9,
1026,21Elliott County,385.4,
1027,21Estill County,490.7,
1028,21Fayette County,276.8,141.6
1029,21Fleming County,425.0,
1030,21Floyd County,562.4,
1031,21Franklin County,404.1,
1032,21Fulton County,578.4,
1033,21Gallatin County,416.2,
1034,21Garrard County,325.0,
1035,21Grant County,393.2,
1036,21Graves County,370.2,
1037,21Grayson County,377.2,
1038,21Green County,421.3,
1039,21Greenup County,400.1,
1040,21Hancock County,405.9,
1041,21Hardin County,316.3,234.1
1042,21Harlan County,632.4,
1043,21Harrison County,447.3,
1044,21Hart County,419.5,
1045,21Henderson County,384.2,
1046,21Henry County,321.0,
1047,21Hickman County,448.8,
1048,21Hopkins County,495.6,
1049,21Jackson County,597.3,
1050,21Jefferson County,347.0,235.1
1051,21Jessamine County,274.4,
1052,21Johnson County,409.0,
1053,21Kenton County,305.4,119.1
1054,21Knott County,434.2,
1055,21Knox County,445.8,
1056,21Larue County,342.3,
1057,21Laurel County,473.3,
1058,21Lawrence County,422.2,
1059,21Lee County,485.0,
1060,21Leslie County,544.2,
1061,21Letcher County,455.2,
1062,21Lewis County,461.2,
1063,21Lincoln County,357.6,
1064,21Livingston County,392.0,
1065,21Logan County,424.5,
1066,21Lyon County,384.7,
1067,21McCracken County,354.3,
1068,21McCreary County,545.6,
1069,21McLean County,458.7,
1070,21Madison County,355.3,
1071,21Magoffin County,533.7,
1072,21Marion County,335.8,
1073,21Marshall County,371.1,
1074,21Martin County,478.8,
1075,21Mason County,454.6,
1076,21Meade County,344.2,
1077,21Menifee County,332.5,
1078,21Mercer County,369.3,
1079,21Metcalfe County,429.2,
1080,21Monroe County,455.7,
1081,21Montgomery County,496.1,
1082,21Morgan County,348.5,
1083,21Muhlenberg County,488.9,
1084,21Nelson County,337.8,
1085,21Nicholas County,442.0,
1086,21Ohio County,456.7,
1087,21Oldham County,295.7,212.2
1088,21Owen County,406.7,
1089,21Owsley County,606.9,
1090,21Pendleton County,395.6,
1091,21Perry County,776.8,
1092,21Pike County,474.7,
1093,21Powell County,555.6,
1094,21Pulaski County,399.9,
1095,21Robertson County,464.5,
1096,21Rockcastle County,447.6,
1097,21Rowan County,377.7,
1098,21Russell County,423.5,
1099,21Scott County,415.4,
1100,21Shelby County,333.2,227.8
1101,21Simpson County,447.8,304.8
1102,21Spencer County,346.1,234.2
1103,21Taylor County,418.2,
1104,21Todd County,433.3,
1105,21Trigg County,523.2,
1106,21Trimble County,411.6,
1107,21Union County,370.1,
1108,21Warren County,369.1,250.6
1109,21Washington County,355.7,
1110,21Wayne County,373.6,
1111,21Webster County,449.0,
1112,21Whitley County,602.0,
1113,21Wolfe County,669.7,
1114,21Woodford County,322.5,
1115,22Acadia Parish,487.3,
1116,22Allen Parish,465.9,
1117,22Ascension Parish,357.4,186.4
1118,22Assumption Parish,402.9,270.5
1119,22Avoyelles Parish,553.2,
1120,22Beauregard Parish,502.2,
1121,22Bienville Parish,380.9,
1122,22Bossier Parish,377.2,
1123,22Caddo Parish,329.0,46.6
1124,22Calcasieu Parish,587.9,
1125,22Caldwell Parish,658.2,
1126,22Cameron Parish,512.2,
1127,22Catahoula Parish,667.2,
1128,22Claiborne Parish,368.9,
1129,22Concordia Parish,593.7,
1130,22De Soto Parish,380.6,
1131,22East Baton Rouge Parish,413.0,189.7
1132,22East Carroll Parish,506.2,
1133,22East Feliciana Parish,569.7,171.8
1134,22Evangeline Parish,507.9,
1135,22Franklin Parish,820.8,
1136,22Grant Parish,420.2,
1137,22Iberia Parish,517.1,283.0
1138,22Iberville Parish,361.9,216.9
1139,22Jackson Parish,444.9,
1140,22Jefferson Parish,351.9,173.7
1141,22Jefferson Davis Parish,472.3,365.6
1142,22Lafayette Parish,384.2,164.6
1143,22Lafourche Parish,388.3,178.5
1144,22La Salle Parish,456.5,
1145,22Lincoln Parish,289.9,
1146,22Livingston Parish,409.6,181.8
1147,22Madison Parish,616.4,
1148,22Morehouse Parish,579.0,
1149,22Natchitoches Parish,426.5,
1150,22Orleans Parish,338.9,166.9
1151,22Ouachita Parish,348.5,
1152,22Plaquemines Parish,340.6,151.7
1153,22Pointe Coupee Parish,457.6,
1154,22Rapides Parish,575.3,
1155,22Red River Parish,367.2,
1156,22Richland Parish,577.1,
1157,22Sabine Parish,414.4,
1158,22St. Bernard Parish,335.4,117.7
1159,22St. Charles Parish,392.8,188.2
1160,22St. Helena Parish,417.8,
1161,22St. James Parish,416.8,
1162,22St. John the Baptist Parish,488.6,
1163,22St. Landry Parish,507.6,
1164,22St. Martin Parish,470.4,188.9
1165,22St. Mary Parish,460.3,
1166,22St. Tammany Parish,313.6,69.9
1167,22Tangipahoa Parish,457.0,
1168,22Tensas Parish,707.7,
1169,22Terrebonne Parish,400.6,
1170,22Union Parish,301.9,
1171,22Vermilion Parish,513.2,299.4
1172,22Vernon Parish,585.4,
1173,22Washington Parish,476.5,
1174,22Webster Parish,433.3,
1175,22West Baton Rouge Parish,339.5,173.7
1176,22West Carroll Parish,542.6,
1177,22West Feliciana Parish,337.3,
1178,22Winn Parish,535.8,
1179,25Barnstable County,256.0,96.1
1180,25Berkshire County,281.5,117.9
1181,25Bristol County,272.2,145.8
1182,25Dukes County,230.2,
1183,25Essex County,260.7,106.6
1184,25Franklin County,276.3,115.5
1185,25Hampden County,290.9,131.4
1186,25Hampshire County,270.9,119.7
1187,25Middlesex County,225.8,110.1
1188,25Nantucket County,236.2,
1189,25Norfolk County,225.0,108.9
1190,25Plymouth County,261.2,107.2
1191,25Suffolk County,216.3,109.6
1192,25Worcester County,270.8,126.5
1193,24Allegany County,411.3,
1194,24Anne Arundel County,304.6,155.1
1195,24Baltimore County County,349.4,151.7
1196,24Calvert County,319.0,151.0
1197,24Caroline County,384.4,126.3
1198,24Carroll County,311.5,130.6
1199,24Cecil County,400.8,114.9
1200,24Charles County,321.1,118.1
1201,24Dorchester County,381.5,202.8
1202,24Frederick County,282.3,116.5
1203,24Garrett County,453.1,
1204,24Harford County,326.7,156.0
1205,24Howard County,227.3,142.9
1206,24Kent County,340.8,113.7
1207,24Montgomery County,190.9,129.7
1208,24Prince George's County,327.0,140.2
1209,24Queen Anne's County,299.4,
1210,24St. Mary's County,321.8,127.9
1211,24Somerset County,539.7,
1212,24Talbot County,298.4,
1213,24Washington County,373.3,203.5
1214,24Wicomico County,465.3,180.9
1215,24Worcester County,337.3,177.7
1216,24Baltimore City,436.5,163.9
1217,23Androscoggin County,321.3,171.3
1218,23Aroostook County,283.5,
1219,23Cumberland County,249.5,159.6
1220,23Franklin County,287.0,
1221,23Hancock County,272.3,
1222,23Kennebec County,296.1,
1223,23Knox County,294.6,
1224,23Lincoln County,270.5,
1225,23Oxford County,276.6,150.2
1226,23Penobscot County,319.2,
1227,23Piscataquis County,326.3,
1228,23Sagadahoc County,267.0,173.0
1229,23Somerset County,335.4,
1230,23Waldo County,305.1,
1231,23Washington County,332.0,
1232,23York County,254.1,138.0
1233,26Alcona County,448.1,
1234,26Alger County,334.5,
1235,26Allegan County,317.8,129.1
1236,26Alpena County,435.0,
1237,26Antrim County,309.9,
1238,26Arenac County,451.9,
1239,26Baraga County,319.5,
1240,26Barry County,340.0,111.5
1241,26Bay County,447.6,
1242,26Benzie County,301.8,
1243,26Berrien County,421.4,163.6
1244,26Branch County,369.1,
1245,26Calhoun County,385.6,146.8
1246,26Cass County,369.2,149.5
1247,26Charlevoix County,293.0,
1248,26Cheboygan County,371.3,
1249,26Chippewa County,317.8,
1250,26Clare County,448.0,
1251,26Clinton County,299.2,179.9
1252,26Crawford County,373.1,
1253,26Delta County,373.0,
1254,26Dickinson County,280.2,
1255,26Eaton County,342.9,137.7
1256,26Emmet County,343.4,
1257,26Genesee County,428.8,151.4
1258,26Gladwin County,454.9,
1259,26Gogebic County,352.2,
1260,26Grand Traverse County,310.8,
1261,26Gratiot County,422.9,
1262,26Hillsdale County,421.6,
1263,26Houghton County,324.9,
1264,26Huron County,429.4,
1265,26Ingham County,308.7,146.8
1266,26Ionia County,338.0,98.8
1267,26Iosco County,441.4,
1268,26Iron County,330.6,
1269,26Isabella County,387.2,
1270,26Jackson County,416.5,140.6
1271,26Kalamazoo County,320.9,123.7
1272,26Kalkaska County,403.4,
1273,26Kent County,337.2,109.5
1274,26Keweenaw County,304.1,
1275,26Lake County,342.1,
1276,26Lapeer County,398.7,157.5
1277,26Leelanau County,296.8,
1278,26Lenawee County,451.3,121.8
1279,26Livingston County,364.3,148.3
1280,26Luce County,311.2,
1281,26Mackinac County,307.7,
1282,26Macomb County,372.7,173.4
1283,26Manistee County,315.3,
1284,26Marquette County,319.5,
1285,26Mason County,335.7,
1286,26Mecosta County,388.0,
1287,26Menominee County,394.5,
1288,26Midland County,299.6,
1289,26Missaukee County,380.9,
1290,26Monroe County,393.8,161.4
1291,26Montcalm County,345.2,104.7
1292,26Montmorency County,418.1,
1293,26Muskegon County,329.1,157.5
1294,26Newaygo County,339.8,109.4
1295,26Oakland County,357.1,154.3
1296,26Oceana County,334.6,
1297,26Ogemaw County,431.5,
1298,26Ontonagon County,349.8,
1299,26Osceola County,349.3,
1300,26Oscoda County,425.4,
1301,26Otsego County,354.9,
1302,26Ottawa County,281.4,154.8
1303,26Presque Isle County,412.8,
1304,26Roscommon County,423.6,
1305,26Saginaw County,357.5,160.8
1306,26St. Clair County,435.3,175.2
1307,26St. Joseph County,366.2,147.3
1308,26Sanilac County,431.4,
1309,26Schoolcraft County,328.1,
1310,26Shiawassee County,397.9,170.9
1311,26Tuscola County,410.0,178.9
1312,26Van Buren County,376.4,
1313,26Washtenaw County,317.0,150.8
1314,26Wayne County,489.3,188.3
1315,26Wexford County,315.8,
1316,27Aitkin County,271.1,
1317,27Anoka County,184.2,134.5
1318,27Becker County,249.6,
1319,27Beltrami County,257.7,
1320,27Benton County,233.5,
1321,27Big Stone County,318.5,
1322,27Blue Earth County,258.3,
1323,27Brown County,217.1,
1324,27Carlton County,278.3,
1325,27Carver County,188.3,102.6
1326,27Cass County,233.2,
1327,27Chippewa County,237.2,
1328,27Chisago County,257.4,114.2
1329,27Clay County,244.2,
1330,27Clearwater County,289.0,
1331,27Cook County,191.7,
1332,27Cottonwood County,318.9,
1333,27Crow Wing County,228.4,
1334,27Dakota County,198.2,136.9
1335,27Dodge County,288.2,164.3
1336,27Douglas County,266.3,
1337,27Faribault County,316.4,
1338,27Fillmore County,295.2,187.5
1339,27Freeborn County,289.4,
1340,27Goodhue County,299.5,147.5
1341,27Grant County,274.6,
1342,27Hennepin County,195.9,122.7
1343,27Houston County,292.9,
1344,27Hubbard County,247.2,
1345,27Isanti County,239.7,140.8
1346,27Itasca County,260.4,
1347,27Jackson County,300.7,
1348,27Kanabec County,265.5,
1349,27Kandiyohi County,224.5,
1350,27Kittson County,306.1,
1351,27Koochiching County,260.1,
1352,27Lac qui Parle County,275.9,
1353,27Lake County,245.1,
1354,27Lake of the Woods County,299.2,
1355,27Le Sueur County,244.3,
1356,27Lincoln County,275.0,
1357,27Lyon County,241.7,
1358,27McLeod County,247.4,
1359,27Mahnomen County,306.2,
1360,27Marshall County,297.9,
1361,27Martin County,287.1,
1362,27Meeker County,256.0,
1363,27Mille Lacs County,244.6,
1364,27Morrison County,212.1,
1365,27Mower County,275.0,217.3
1366,27Murray County,253.4,
1367,27Nicollet County,236.8,
1368,27Nobles County,266.1,
1369,27Norman County,248.9,
1370,27Olmsted County,283.7,182.1
1371,27Otter Tail County,318.4,
1372,27Pennington County,285.4,
1373,27Pine County,272.9,
1374,27Pipestone County,272.3,
1375,27Polk County,307.4,
1376,27Pope County,222.0,
1377,27Ramsey County,214.8,164.5
1378,27Red Lake County,306.0,
1379,27Redwood County,258.3,
1380,27Renville County,232.5,
1381,27Rice County,219.5,52.8
1382,27Rock County,301.0,
1383,27Roseau County,318.4,
1384,27St. Louis County,258.2,
1385,27Scott County,195.1,93.5
1386,27Sherburne County,208.4,122.3
1387,27Sibley County,214.1,
1388,27Stearns County,198.7,
1389,27Steele County,276.9,
1390,27Stevens County,275.5,
1391,27Swift County,253.8,
1392,27Todd County,215.3,
1393,27Traverse County,377.8,
1394,27Wabasha County,282.4,180.8
1395,27Wadena County,262.8,
1396,27Waseca County,273.5,
1397,27Washington County,192.7,132.8
1398,27Watonwan County,283.9,
1399,27Wilkin County,371.9,
1400,27Winona County,279.7,181.9
1401,27Wright County,221.5,114.1
1402,27Yellow Medicine County,250.7,
1403,29Adair County,312.0,
1404,29Andrew County,343.7,
1405,29Atchison County,303.1,
1406,29Audrain County,338.0,
1407,29Barry County,461.8,298.2
1408,29Barton County,421.2,
1409,29Bates County,366.7,
1410,29Benton County,336.5,
1411,29Bollinger County,448.6,
1412,29Boone County,284.9,97.3
1413,29Buchanan County,394.8,
1414,29Butler County,445.5,
1415,29Caldwell County,353.1,
1416,29Callaway County,340.0,
1417,29Camden County,301.7,
1418,29Cape Girardeau County,405.3,
1419,29Carroll County,391.3,
1420,29Carter County,442.5,
1421,29Cass County,317.0,141.2
1422,29Cedar County,403.6,
1423,29Chariton County,361.7,
1424,29Christian County,317.9,
1425,29Clark County,402.0,
1426,29Clay County,291.5,159.2
1427,29Clinton County,365.8,
1428,29Cole County,310.7,
1429,29Cooper County,411.5,
1430,29Crawford County,568.4,
1431,29Dade County,427.2,
1432,29Dallas County,365.5,
1433,29Daviess County,399.5,
1434,29DeKalb County,381.2,
1435,29Dent County,345.5,
1436,29Douglas County,445.0,
1437,29Dunklin County,570.9,
1438,29Franklin County,379.2,216.6
1439,29Gasconade County,352.3,
1440,29Gentry County,340.2,
1441,29Greene County,388.9,95.4
1442,29Grundy County,382.1,
1443,29Harrison County,405.1,
1444,29Henry County,452.5,
1445,29Hickory County,323.6,
1446,29Holt County,309.6,
1447,29Howard County,375.8,
1448,29Howell County,402.0,
1449,29Iron County,593.0,
1450,29Jackson County,335.1,162.9
1451,29Jasper County,450.9,
1452,29Jefferson County,385.8,169.5
1453,29Johnson County,374.5,176.6
1454,29Knox County,358.4,
1455,29Laclede County,428.5,
1456,29Lafayette County,378.8,240.9
1457,29Lawrence County,445.5,145.7
1458,29Lewis County,412.1,
1459,29Lincoln County,337.9,238.3
1460,29Linn County,464.9,
1461,29Livingston County,311.1,
1462,29McDonald County,362.9,422.8
1463,29Macon County,428.9,
1464,29Madison County,426.5,
1465,29Maries County,379.1,
1466,29Marion County,365.2,
1467,29Mercer County,366.1,
1468,29Miller County,370.0,
1469,29Mississippi County,549.4,
1470,29Moniteau County,351.6,
1471,29Monroe County,356.1,
1472,29Montgomery County,509.7,
1473,29Morgan County,394.7,
1474,29New Madrid County,495.8,
1475,29Newton County,448.2,377.1
1476,29Nodaway County,332.6,
1477,29Oregon County,422.4,
1478,29Osage County,309.5,
1479,29Ozark County,351.5,
1480,29Pemiscot County,683.8,
1481,29Perry County,389.0,
1482,29Pettis County,404.8,
1483,29Phelps County,311.0,
1484,29Pike County,389.7,
1485,29Platte County,275.1,142.1
1486,29Polk County,393.0,
1487,29Pulaski County,370.5,
1488,29Putnam County,306.4,
1489,29Ralls County,312.7,
1490,29Randolph County,442.2,
1491,29Ray County,362.2,
1492,29Reynolds County,442.6,
1493,29Ripley County,445.1,
1494,29St. Charles County,289.2,182.0
1495,29St. Clair County,390.8,
1496,29Ste. Genevieve County,378.8,
1497,29St. Francois County,421.8,
1498,29St. Louis County County,348.7,176.6
1499,29Saline County,398.3,
1500,29Schuyler County,317.1,
1501,29Scotland County,328.7,
1502,29Scott County,488.6,
1503,29Shannon County,410.6,
1504,29Shelby County,410.2,
1505,29Stoddard County,467.8,
1506,29Stone County,417.8,
1507,29Sullivan County,380.8,
1508,29Taney County,520.1,
1509,29Texas County,422.2,
1510,29Vernon County,383.5,
1511,29Warren County,309.1,241.5
1512,29Washington County,536.8,
1513,29Wayne County,409.8,
1514,29Webster County,410.6,
1515,29Worth County,360.1,
1516,29Wright County,482.5,
1517,29St. Louis City,421.1,152.6
1518,69Mariana Islands County,316.8,
1519,28Adams County,346.4,
1520,28Alcorn County,500.5,
1521,28Amite County,504.5,
1522,28Attala County,443.7,
1523,28Benton County,410.7,
1524,28Bolivar County,464.3,
1525,28Calhoun County,454.3,
1526,28Carroll County,427.8,
1527,28Chickasaw County,444.2,
1528,28Choctaw County,480.1,
1529,28Claiborne County,647.3,
1530,28Clarke County,549.2,
1531,28Clay County,396.0,
1532,28Coahoma County,466.3,
1533,28Copiah County,452.6,
1534,28Covington County,537.7,
1535,28DeSoto County,413.5,220.0
1536,28Forrest County,397.1,
1537,28Franklin County,400.9,
1538,28George County,600.2,196.5
1539,28Greene County,515.9,
1540,28Grenada County,504.7,
1541,28Hancock County,396.2,176.6
1542,28Harrison County,525.5,262.1
1543,28Hinds County,433.3,
1544,28Holmes County,503.2,
1545,28Humphreys County,578.2,
1546,28Issaquena County,411.3,
1547,28Itawamba County,505.0,
1548,28Jackson County,399.7,229.1
1549,28Jasper County,482.6,
1550,28Jefferson County,421.9,
1551,28Jefferson Davis County,390.2,
1552,28Jones County,438.2,
1553,28Kemper County,440.5,
1554,28Lafayette County,417.5,
1555,28Lamar County,325.8,
1556,28Lauderdale County,538.2,
1557,28Lawrence County,469.3,
1558,28Leake County,395.2,
1559,28Lee County,376.1,
1560,28Leflore County,671.8,
1561,28Lincoln County,467.9,
1562,28Lowndes County,449.1,
1563,28Madison County,406.7,
1564,28Marion County,447.4,
1565,28Marshall County,407.3,203.8
1566,28Monroe County,392.0,
1567,28Montgomery County,518.1,
1568,28Neshoba County,704.4,
1569,28Newton County,427.8,
1570,28Noxubee County,585.3,
1571,28Oktibbeha County,375.7,
1572,28Panola County,598.8,
1573,28Pearl River County,442.5,177.2
1574,28Perry County,436.5,
1575,28Pike County,472.0,
1576,28Pontotoc County,375.7,
1577,28Prentiss County,519.8,
1578,28Quitman County,520.6,
1579,28Rankin County,315.4,
1580,28Scott County,425.6,
1581,28Sharkey County,465.4,
1582,28Simpson County,493.9,
1583,28Smith County,364.9,
1584,28Stone County,453.9,259.2
1585,28Sunflower County,449.0,
1586,28Tallahatchie County,380.0,
1587,28Tate County,500.4,
1588,28Tippah County,485.7,
1589,28Tishomingo County,625.0,
1590,28Tunica County,732.7,
1591,28Union County,458.6,
1592,28Walthall County,478.5,
1593,28Warren County,411.6,
1594,28Washington County,443.7,
1595,28Wayne County,464.8,
1596,28Webster County,535.8,
1597,28Wilkinson County,524.7,
1598,28Winston County,443.6,
1599,28Yalobusha County,684.8,
1600,28Yazoo County,367.9,
1601,30Beaverhead County,304.6,
1602,30Big Horn County,353.7,
1603,30Blaine County,430.7,
1604,30Broadwater County,284.7,
1605,30Carbon County,259.7,
1606,30Carter County,314.1,
1607,30Cascade County,282.8,
1608,30Chouteau County,298.0,
1609,30Custer County,331.4,
1610,30Daniels County,352.8,
1611,30Dawson County,202.3,
1612,30Deer Lodge County,411.9,
1613,30Fallon County,296.4,
1614,30Fergus County,361.4,
1615,30Flathead County,301.2,
1616,30Gallatin County,258.5,
1617,30Garfield County,342.3,
1618,30Glacier County,313.4,
1619,30Golden Valley County,328.8,
1620,30Granite County,313.0,
1621,30Hill County,493.5,
1622,30Jefferson County,366.8,
1623,30Judith Basin County,301.6,
1624,30Lake County,306.1,
1625,30Lewis and Clark County,284.0,
1626,30Liberty County,315.5,
1627,30Lincoln County,284.0,
1628,30McCone County,287.3,
1629,30Madison County,246.7,
1630,30Meagher County,272.6,
1631,30Mineral County,331.8,
1632,30Missoula County,314.8,
1633,30Musselshell County,334.7,
1634,30Park County,252.2,
1635,30Petroleum County,359.2,
1636,30Phillips County,377.1,
1637,30Pondera County,305.6,
1638,30Powder River County,324.8,
1639,30Powell County,330.5,
1640,30Prairie County,258.3,
1641,30Ravalli County,306.3,
1642,30Richland County,305.2,
1643,30Roosevelt County,496.8,
1644,30Rosebud County,334.7,
1645,30Sanders County,296.7,
1646,30Sheridan County,249.8,
1647,30Silver Bow County,455.7,
1648,30Stillwater County,289.8,
1649,30Sweet Grass County,250.5,
1650,30Teton County,289.3,
1651,30Toole County,343.2,
1652,30Treasure County,336.4,
1653,30Valley County,394.0,
1654,30Wheatland County,334.7,
1655,30Wibaux County,274.7,
1656,30Yellowstone County,329.6,
1657,37Alamance County,328.5,113.7
1658,37Alexander County,314.4,
1659,37Alleghany County,313.1,
1660,37Anson County,404.9,224.1
1661,37Ashe County,307.8,
1662,37Avery County,340.3,
1663,37Beaufort County,334.5,
1664,37Bertie County,346.5,
1665,37Bladen County,370.3,151.0
1666,37Brunswick County,258.6,148.0
1667,37Buncombe County,293.0,74.2
1668,37Burke County,322.5,262.5
1669,37Cabarrus County,297.4,201.7
1670,37Caldwell County,350.8,
1671,37Camden County,359.9,145.6
1672,37Carteret County,328.0,208.5
1673,37Caswell County,359.9,
1674,37Catawba County,309.7,143.5
1675,37Chatham County,216.8,123.1
1676,37Cherokee County,354.5,
1677,37Chowan County,358.3,
1678,37Clay County,318.5,
1679,37Cleveland County,383.9,146.1
1680,37Columbus County,454.8,259.6
1681,37Craven County,337.8,
1682,37Cumberland County,344.8,135.3
1683,37Currituck County,365.2,144.3
1684,37Dare County,266.2,
1685,37Davidson County,326.5,137.0
1686,37Davie County,281.0,115.8
1687,37Duplin County,325.8,
1688,37Durham County,237.4,109.7
1689,37Edgecombe County,389.5,
1690,37Forsyth County,278.7,110.4
1691,37Franklin County,315.2,97.6
1692,37Gaston County,338.9,144.3
1693,37Gates County,352.7,
1694,37Graham County,333.9,
1695,37Granville County,281.3,408.9
1696,37Greene County,333.7,
1697,37Guilford County,260.6,112.8
1698,37Halifax County,364.6,
1699,37Harnett County,320.7,131.0
1700,37Haywood County,316.6,
1701,37Henderson County,274.0,122.8
1702,37Hertford County,325.9,
1703,37Hoke County,353.6,99.4
1704,37Hyde County,312.3,
1705,37Iredell County,299.3,251.7
1706,37Jackson County,295.4,
1707,37Johnston County,319.3,135.5
1708,37Jones County,328.4,210.5
1709,37Lee County,302.2,
1710,37Lenoir County,446.9,
1711,37Lincoln County,284.0,272.0
1712,37McDowell County,313.0,
1713,37Macon County,289.3,
1714,37Madison County,336.7,
1715,37Martin County,389.6,
1716,37Mecklenburg County,244.0,142.6
1717,37Mitchell County,403.9,
1718,37Montgomery County,326.5,
1719,37Moore County,243.9,136.5
1720,37Nash County,375.3,132.0
1721,37New Hanover County,253.4,205.2
1722,37Northampton County,322.3,
1723,37Onslow County,344.4,144.7
1724,37Orange County,204.1,105.8
1725,37Pamlico County,330.7,
1726,37Pasquotank County,443.6,
1727,37Pender County,300.5,158.0
1728,37Perquimans County,386.5,
1729,37Person County,327.3,134.9
1730,37Pitt County,331.4,224.9
1731,37Polk County,293.5,172.5
1732,37Randolph County,369.5,131.1
1733,37Richmond County,441.2,
1734,37Robeson County,444.5,336.6
1735,37Rockingham County,361.0,104.7
1736,37Rowan County,377.4,171.2
1737,37Rutherford County,353.4,150.3
1738,37Sampson County,341.8,123.1
1739,37Scotland County,432.8,
1740,37Stanly County,383.5,186.0
1741,37Stokes County,325.5,93.3
1742,37Surry County,310.9,
1743,37Swain County,376.8,
1744,37Transylvania County,258.4,131.5
1745,37Tyrrell County,362.6,
1746,37Union County,242.2,242.7
1747,37Vance County,371.7,
1748,37Wake County,225.8,131.5
1749,37Warren County,355.1,
1750,37Washington County,371.1,
1751,37Watauga County,283.8,
1752,37Wayne County,386.4,
1753,37Wilkes County,323.3,
1754,37Wilson County,368.0,
1755,37Yadkin County,313.3,
1756,37Yancey County,312.0,
1757,38Adams County,320.6,
1758,38Barnes County,238.6,
1759,38Benson County,332.3,
1760,38Billings County,270.8,
1761,38Bottineau County,349.4,
1762,38Bowman County,280.9,
1763,38Burke County,236.1,
1764,38Burleigh County,258.5,
1765,38Cass County,231.4,172.3
1766,38Cavalier County,287.0,
1767,38Dickey County,295.1,
1768,38Divide County,249.8,
1769,38Dunn County,292.0,
1770,38Eddy County,323.4,
1771,38Emmons County,238.1,
1772,38Foster County,299.2,
1773,38Golden Valley County,291.0,
1774,38Grand Forks County,307.6,
1775,38Grant County,279.1,
1776,38Griggs County,284.8,
1777,38Hettinger County,266.2,
1778,38Kidder County,244.4,
1779,38LaMoure County,260.2,
1780,38Logan County,208.9,
1781,38McHenry County,282.3,
1782,38McIntosh County,335.9,
1783,38McKenzie County,326.3,
1784,38McLean County,341.5,
1785,38Mercer County,264.3,
1786,38Morton County,283.2,
1787,38Mountrail County,545.0,
1788,38Nelson County,322.1,
1789,38Oliver County,263.3,
1790,38Pembina County,266.7,
1791,38Pierce County,306.9,
1792,38Ramsey County,316.1,
1793,38Ransom County,277.2,
1794,38Renville County,270.1,
1795,38Richland County,290.5,
1796,38Rolette County,496.1,
1797,38Sargent County,275.8,
1798,38Sheridan County,253.9,
1799,38Sioux County,517.4,
1800,38Slope County,271.5,
1801,38Stark County,266.2,
1802,38Steele County,261.0,
1803,38Stutsman County,278.7,
1804,38Towner County,305.7,
1805,38Traill County,262.0,
1806,38Walsh County,306.2,
1807,38Ward County,254.9,
1808,38Wells County,284.1,
1809,38Williams County,335.9,
1810,31Adams County,298.3,
1811,31Antelope County,303.5,
1812,31Arthur County,273.1,
1813,31Banner County,276.6,
1814,31Blaine County,317.1,
1815,31Boone County,314.1,
1816,31Box Butte County,333.3,
1817,31Boyd County,381.8,
1818,31Brown County,297.4,
1819,31Buffalo County,293.5,
1820,31Burt County,315.3,
1821,31Butler County,276.0,
1822,31Cass County,277.9,109.8
1823,31Cedar County,297.7,
1824,31Chase County,263.1,
1825,31Cherry County,282.4,
1826,31Cheyenne County,291.5,
1827,31Clay County,332.6,
1828,31Colfax County,283.5,
1829,31Cuming County,309.5,
1830,31Custer County,291.5,
1831,31Dakota County,276.8,
1832,31Dawes County,314.6,
1833,31Dawson County,287.8,
1834,31Deuel County,261.0,
1835,31Dixon County,345.3,
1836,31Dodge County,262.3,
1837,31Douglas County,257.1,104.4
1838,31Dundy County,288.2,
1839,31Fillmore County,293.0,
1840,31Franklin County,302.0,
1841,31Frontier County,287.4,
1842,31Furnas County,297.2,
1843,31Gage County,280.5,
1844,31Garden County,333.6,
1845,31Garfield County,318.0,
1846,31Gosper County,297.3,
1847,31Grant County,340.4,
1848,31Greeley County,286.8,
1849,31Hall County,284.1,
1850,31Hamilton County,276.3,
1851,31Harlan County,309.8,
1852,31Hayes County,268.2,
1853,31Hitchcock County,307.2,
1854,31Holt County,307.7,
1855,31Hooker County,284.3,
1856,31Howard County,282.8,
1857,31Jefferson County,344.9,
1858,31Johnson County,272.0,
1859,31Kearney County,293.8,
1860,31Keith County,243.6,
1861,31Keya Paha County,296.5,
1862,31Kimball County,264.9,
1863,31Knox County,305.5,
1864,31Lancaster County,271.8,109.7
1865,31Lincoln County,267.0,
1866,31Logan County,282.0,
1867,31Loup County,333.5,
1868,31McPherson County,257.7,
1869,31Madison County,330.4,
1870,31Merrick County,289.0,
1871,31Morrill County,353.5,
1872,31Nance County,297.8,
1873,31Nemaha County,272.7,
1874,31Nuckolls County,333.1,
1875,31Otoe County,276.6,
1876,31Pawnee County,276.2,
1877,31Perkins County,258.5,
1878,31Phelps County,293.1,
1879,31Pierce County,279.2,
1880,31Platte County,305.1,
1881,31Polk County,290.5,
1882,31Red Willow County,305.9,
1883,31Richardson County,283.3,
1884,31Rock County,358.5,
1885,31Saline County,321.6,
1886,31Sarpy County,255.1,105.8
1887,31Saunders County,266.0,107.8
1888,31Scotts Bluff County,279.0,
1889,31Seward County,276.5,
1890,31Sheridan County,350.9,
1891,31Sherman County,287.8,
1892,31Sioux County,287.7,
1893,31Stanton County,289.6,
1894,31Thayer County,367.4,
1895,31Thomas County,303.1,
1896,31Thurston County,416.3,
1897,31Valley County,301.5,
1898,31Washington County,245.1,
1899,31Wayne County,298.1,
1900,31Webster County,323.2,
1901,31Wheeler County,286.1,
1902,31York County,290.4,
1903,33Belknap County,299.3,
1904,33Carroll County,270.0,
1905,33Cheshire County,275.2,100.2
1906,33Coos County,318.5,
1907,33Grafton County,284.4,
1908,33Hillsborough County,279.5,102.6
1909,33Merrimack County,283.3,77.1
1910,33Rockingham County,278.6,86.9
1911,33Strafford County,289.7,84.7
1912,33Sullivan County,280.5,
1913,34Atlantic County,386.4,176.3
1914,34Bergen County,257.9,105.8
1915,34Burlington County,327.3,157.8
1916,34Camden County,355.3,158.5
1917,34Cape May County,388.8,207.7
1918,34Cumberland County,426.2,187.6
1919,34Essex County,312.3,137.2
1920,34Gloucester County,384.9,154.9
1921,34Hudson County,281.8,180.9
1922,34Hunterdon County,252.3,151.7
1923,34Mercer County,309.5,159.6
1924,34Middlesex County,289.7,164.1
1925,34Monmouth County,307.9,161.8
1926,34Morris County,275.0,141.8
1927,34Ocean County,393.9,159.5
1928,34Passaic County,304.7,160.3
1929,34Salem County,433.7,131.8
1930,34Somerset County,256.7,149.3
1931,34Sussex County,339.0,151.0
1932,34Union County,285.6,143.8
1933,34Warren County,335.2,150.3
1934,35Bernalillo County,309.6,149.9
1935,35Catron County,320.6,
1936,35Chaves County,475.3,
1937,35Cibola County,307.0,152.3
1938,35Colfax County,222.5,
1939,35Curry County,361.2,
1940,35De Baca County,415.1,
1941,35Do++___a Ana County,264.1,176.9
1942,35Eddy County,388.4,
1943,35Grant County,335.5,
1944,35Guadalupe County,321.1,
1945,35Harding County,239.4,
1946,35Hidalgo County,349.3,
1947,35Lea County,390.0,
1948,35Lincoln County,288.6,
1949,35Los Alamos County,214.2,
1950,35Luna County,414.1,
1951,35McKinley County,270.7,
1952,35Mora County,218.4,
1953,35Otero County,322.3,191.0
1954,35Quay County,395.6,
1955,35Rio Arriba County,286.8,
1956,35Roosevelt County,370.0,
1957,35Sandoval County,277.8,140.1
1958,35San Juan County,260.9,
1959,35San Miguel County,254.9,
1960,35Santa Fe County,209.9,141.5
1961,35Sierra County,368.4,
1962,35Socorro County,315.7,
1963,35Taos County,206.9,
1964,35Torrance County,313.7,148.6
1965,35Union County,296.3,
1966,35Valencia County,309.5,157.5
1967,32Churchill County,408.2,225.2
1968,32Clark County,386.3,242.3
1969,32Douglas County,253.8,118.9
1970,32Elko County,331.7,
1971,32Esmeralda County,426.9,
1972,32Eureka County,403.3,
1973,32Humboldt County,351.9,226.5
1974,32Lander County,393.6,
1975,32Lincoln County,344.7,242.2
1976,32Lyon County,369.0,227.4
1977,32Mineral County,368.0,273.5
1978,32Nye County,475.3,243.9
1979,32Pershing County,361.3,
1980,32Storey County,332.8,234.2
1981,32Washoe County,356.8,221.7
1982,32White Pine County,327.9,258.6
1983,32Carson City,423.0,189.6
1984,36Albany County,319.5,174.8
1985,36Allegany County,324.0,
1986,36Bronx County,398.9,253.9
1987,36Broome County,326.0,184.9
1988,36Cattaraugus County,385.6,157.5
1989,36Cayuga County,342.7,115.7
1990,36Chautauqua County,366.1,165.9
1991,36Chemung County,407.7,
1992,36Chenango County,446.7,
1993,36Clinton County,314.1,
1994,36Columbia County,318.4,158.6
1995,36Cortland County,315.2,132.1
1996,36Delaware County,373.0,167.1
1997,36Dutchess County,332.8,132.0
1998,36Erie County,330.7,168.8
1999,36Essex County,282.3,
2000,36Franklin County,315.8,
2001,36Fulton County,355.9,
2002,36Genesee County,330.4,146.4
2003,36Greene County,350.9,179.3
2004,36Hamilton County,315.2,
2005,36Herkimer County,342.8,215.8
2006,36Jefferson County,351.6,
2007,36Kings County,406.0,229.7
2008,36Lewis County,344.4,196.1
2009,36Livingston County,280.0,113.5
2010,36Madison County,264.0,143.6
2011,36Monroe County,255.4,119.2
2012,36Montgomery County,362.8,167.6
2013,36Nassau County,361.0,208.5
2014,36New York County,267.3,192.0
2015,36Niagara County,405.8,199.4
2016,36Oneida County,335.2,223.0
2017,36Onondaga County,285.9,135.0
2018,36Ontario County,257.3,111.2
2019,36Orange County,306.1,158.6
2020,36Orleans County,364.1,159.2
2021,36Oswego County,346.7,144.8
2022,36Otsego County,323.1,188.2
2023,36Putnam County,313.5,131.5
2024,36Queens County,353.6,222.8
2025,36Rensselaer County,337.6,168.1
2026,36Richmond County,470.3,246.7
2027,36Rockland County,286.2,131.8
2028,36St. Lawrence County,346.4,
2029,36Saratoga County,279.3,180.0
2030,36Schenectady County,341.5,182.5
2031,36Schoharie County,311.1,186.6
2032,36Schuyler County,311.9,
2033,36Seneca County,292.7,
2034,36Steuben County,347.0,
2035,36Suffolk County,332.2,202.1
2036,36Sullivan County,329.4,198.3
2037,36Tioga County,305.9,141.9
2038,36Tompkins County,253.1,94.3
2039,36Ulster County,319.8,163.5
2040,36Warren County,294.7,
2041,36Washington County,352.8,
2042,36Wayne County,288.7,115.5
2043,36Westchester County,279.1,129.6
2044,36Wyoming County,329.7,157.1
2045,36Yates County,279.5,
2046,39Adams County,424.5,
2047,39Allen County,415.0,
2048,39Ashland County,376.8,
2049,39Ashtabula County,433.6,183.7
2050,39Athens County,357.1,
2051,39Auglaize County,418.7,
2052,39Belmont County,458.3,
2053,39Brown County,397.9,
2054,39Butler County,327.1,124.9
2055,39Carroll County,397.0,
2056,39Champaign County,356.7,
2057,39Clark County,403.2,169.1
2058,39Clermont County,323.9,121.8
2059,39Clinton County,392.6,124.8
2060,39Columbiana County,389.4,
2061,39Coshocton County,389.9,
2062,39Crawford County,405.9,
2063,39Cuyahoga County,398.6,131.3
2064,39Darke County,422.7,802.3
2065,39Defiance County,331.4,181.9
2066,39Delaware County,293.2,229.3
2067,39Erie County,375.4,
2068,39Fairfield County,347.1,151.5
2069,39Fayette County,508.2,
2070,39Franklin County,339.0,150.1
2071,39Fulton County,356.9,
2072,39Gallia County,416.2,
2073,39Geauga County,268.4,135.9
2074,39Greene County,325.0,143.1
2075,39Guernsey County,423.7,
2076,39Hamilton County,348.1,123.7
2077,39Hancock County,327.4,
2078,39Hardin County,404.7,
2079,39Harrison County,441.3,
2080,39Henry County,372.3,
2081,39Highland County,365.8,
2082,39Hocking County,394.8,
2083,39Holmes County,366.8,
2084,39Huron County,391.3,
2085,39Jackson County,463.8,
2086,39Jefferson County,479.0,
2087,39Knox County,371.4,233.1
2088,39Lake County,360.2,129.9
2089,39Lawrence County,439.9,
2090,39Licking County,341.7,204.1
2091,39Logan County,406.6,
2092,39Lorain County,308.3,122.9
2093,39Lucas County,434.5,88.5
2094,39Madison County,367.5,154.7
2095,39Mahoning County,454.2,212.6
2096,39Marion County,401.8,243.0
2097,39Medina County,301.3,136.6
2098,39Meigs County,412.0,
2099,39Mercer County,530.7,
2100,39Miami County,389.9,265.8
2101,39Monroe County,353.3,
2102,39Montgomery County,372.3,137.9
2103,39Morgan County,331.4,
2104,39Morrow County,360.9,
2105,39Muskingum County,368.3,
2106,39Noble County,257.6,
2107,39Ottawa County,370.5,
2108,39Paulding County,327.9,
2109,39Perry County,468.1,
2110,39Pickaway County,399.8,143.8
2111,39Pike County,464.7,
2112,39Portage County,408.1,126.4
2113,39Preble County,373.0,75.0
2114,39Putnam County,354.6,
2115,39Richland County,393.9,
2116,39Ross County,387.0,
2117,39Sandusky County,365.5,
2118,39Scioto County,499.8,
2119,39Seneca County,455.5,
2120,39Shelby County,369.4,
2121,39Stark County,351.1,152.9
2122,39Summit County,360.6,137.9
2123,39Trumbull County,417.1,266.9
2124,39Tuscarawas County,368.5,
2125,39Union County,350.4,193.1
2126,39Van Wert County,357.5,361.4
2127,39Vinton County,397.2,
2128,39Warren County,310.1,128.3
2129,39Washington County,311.7,
2130,39Wayne County,365.4,157.4
2131,39Williams County,360.5,
2132,39Wood County,388.8,
2133,39Wyandot County,391.0,
2134,40Adair County,576.2,426.1
2135,40Alfalfa County,419.8,
2136,40Atoka County,504.1,
2137,40Beaver County,452.4,
2138,40Beckham County,465.9,
2139,40Blaine County,437.6,
2140,40Bryan County,422.1,
2141,40Caddo County,466.8,183.6
2142,40Canadian County,346.8,207.2
2143,40Carter County,472.5,
2144,40Cherokee County,499.7,
2145,40Choctaw County,524.2,
2146,40Cimarron County,356.6,
2147,40Cleveland County,346.7,210.7
2148,40Coal County,615.8,
2149,40Comanche County,398.8,189.0
2150,40Cotton County,401.0,
2151,40Craig County,539.4,
2152,40Creek County,477.2,231.1
2153,40Custer County,463.9,
2154,40Delaware County,472.8,170.4
2155,40Dewey County,463.9,
2156,40Ellis County,420.6,
2157,40Garfield County,426.2,
2158,40Garvin County,479.7,
2159,40Grady County,409.2,166.7
2160,40Grant County,414.2,
2161,40Greer County,459.0,
2162,40Harmon County,434.8,
2163,40Harper County,455.1,
2164,40Haskell County,606.7,
2165,40Hughes County,567.7,
2166,40Jackson County,433.9,
2167,40Jefferson County,473.1,
2168,40Johnston County,412.1,
2169,40Kay County,451.4,
2170,40Kingfisher County,375.5,
2171,40Kiowa County,483.7,
2172,40Latimer County,452.0,
2173,40Le Flore County,551.2,301.3
2174,40Lincoln County,446.1,217.0
2175,40Logan County,374.3,203.1
2176,40Love County,396.4,
2177,40McClain County,403.7,207.6
2178,40McCurtain County,519.1,
2179,40McIntosh County,610.4,
2180,40Major County,443.2,
2181,40Marshall County,406.7,
2182,40Mayes County,495.4,
2183,40Murray County,483.6,
2184,40Muskogee County,658.0,
2185,40Noble County,408.2,
2186,40Nowata County,471.4,
2187,40Okfuskee County,563.7,
2188,40Oklahoma County,424.4,209.0
2189,40Okmulgee County,579.1,250.4
2190,40Osage County,397.5,250.3
2191,40Ottawa County,587.3,
2192,40Pawnee County,512.7,229.4
2193,40Payne County,393.3,
2194,40Pittsburg County,594.7,
2195,40Pontotoc County,481.4,
2196,40Pottawatomie County,481.3,211.2
2197,40Pushmataha County,538.0,
2198,40Roger Mills County,435.1,
2199,40Rogers County,466.2,221.1
2200,40Seminole County,568.4,
2201,40Sequoyah County,562.8,249.9
2202,40Stephens County,481.2,272.2
2203,40Texas County,494.6,
2204,40Tillman County,431.5,
2205,40Tulsa County,473.4,231.8
2206,40Wagoner County,411.5,202.9
2207,40Washington County,492.5,241.6
2208,40Washita County,475.2,
2209,40Woods County,450.2,
2210,40Woodward County,467.3,
2211,41Baker County,327.0,
2212,41Benton County,223.2,118.9
2213,41Clackamas County,229.3,122.7
2214,41Clatsop County,267.1,115.7
2215,41Columbia County,283.3,133.5
2216,41Coos County,335.4,
2217,41Crook County,242.0,
2218,41Curry County,343.7,
2219,41Deschutes County,232.8,169.4
2220,41Douglas County,272.0,152.3
2221,41Gilliam County,250.0,
2222,41Grant County,288.9,
2223,41Harney County,294.0,
2224,41Hood River County,249.2,134.9
2225,41Jackson County,236.7,55.5
2226,41Jefferson County,279.8,191.5
2227,41Josephine County,256.5,
2228,41Klamath County,299.8,140.8
2229,41Lake County,289.8,218.8
2230,41Lane County,259.8,182.4
2231,41Lincoln County,254.2,138.4
2232,41Linn County,317.6,278.7
2233,41Malheur County,352.6,
2234,41Marion County,239.6,181.5
2235,41Morrow County,272.7,
2236,41Multnomah County,259.7,132.1
2237,41Polk County,225.5,124.3
2238,41Sherman County,269.3,
2239,41Tillamook County,239.1,113.9
2240,41Umatilla County,271.5,
2241,41Union County,289.8,
2242,41Wallowa County,288.7,
2243,41Wasco County,252.1,133.3
2244,41Washington County,215.0,126.3
2245,41Wheeler County,279.1,
2246,41Yamhill County,267.8,121.6
2247,42Adams County,339.0,161.0
2248,42Allegheny County,371.0,176.7
2249,42Armstrong County,351.8,180.7
2250,42Beaver County,384.7,176.3
2251,42Bedford County,341.6,
2252,42Berks County,328.3,129.8
2253,42Blair County,440.1,
2254,42Bradford County,359.5,
2255,42Bucks County,262.0,160.8
2256,42Butler County,340.5,170.1
2257,42Cambria County,359.1,
2258,42Cameron County,353.2,
2259,42Carbon County,334.1,165.1
2260,42Centre County,287.4,135.3
2261,42Chester County,282.2,103.7
2262,42Clarion County,370.4,
2263,42Clearfield County,357.7,
2264,42Clinton County,386.7,
2265,42Columbia County,346.9,
2266,42Crawford County,366.8,311.6
2267,42Cumberland County,327.7,149.8
2268,42Dauphin County,333.7,137.7
2269,42Delaware County,320.0,139.6
2270,42Elk County,337.7,
2271,42Erie County,321.0,197.9
2272,42Fayette County,453.1,
2273,42Forest County,349.4,
2274,42Franklin County,307.4,135.4
2275,42Fulton County,357.7,
2276,42Greene County,432.1,
2277,42Huntingdon County,292.2,
2278,42Indiana County,346.9,
2279,42Jefferson County,341.0,
2280,42Juniata County,337.3,
2281,42Lackawanna County,420.0,193.6
2282,42Lancaster County,283.7,127.5
2283,42Lawrence County,409.4,144.1
2284,42Lebanon County,365.3,134.0
2285,42Lehigh County,285.3,150.1
2286,42Luzerne County,391.3,198.8
2287,42Lycoming County,312.0,
2288,42McKean County,395.9,
2289,42Mercer County,409.3,404.9
2290,42Mifflin County,309.2,
2291,42Monroe County,358.4,169.3
2292,42Montgomery County,284.3,123.2
2293,42Montour County,278.6,
2294,42Northampton County,297.6,166.6
2295,42Northumberland County,399.1,152.5
2296,42Perry County,326.7,147.6
2297,42Philadelphia County,397.1,158.1
2298,42Pike County,294.1,178.0
2299,42Potter County,285.4,
2300,42Schuylkill County,477.3,160.6
2301,42Snyder County,308.5,
2302,42Somerset County,356.5,
2303,42Sullivan County,363.0,
2304,42Susquehanna County,334.6,192.7
2305,42Tioga County,323.9,
2306,42Union County,264.5,
2307,42Venango County,394.8,
2308,42Warren County,330.1,
2309,42Washington County,331.0,177.8
2310,42Wayne County,374.8,185.2
2311,42Westmoreland County,348.8,175.1
2312,42Wyoming County,399.3,203.7
2313,42York County,280.2,152.0
2314,72Adjuntas Municipio,234.1,
2315,72Aguada Municipio,215.2,
2316,72Aguadilla Municipio,220.7,
2317,72Aguas Buenas Municipio,194.4,
2318,72Aibonito Municipio,205.7,
2319,72Anasco Municipio,211.0,
2320,72Arecibo Municipio,195.6,
2321,72Arroyo Municipio,230.3,
2322,72Barceloneta Municipio,194.6,
2323,72Barranquitas Municipio,154.5,
2324,72Bayamon Municipio,204.7,
2325,72Cabo Rojo Municipio,230.8,
2326,72Caguas Municipio,199.8,
2327,72Camuy Municipio,183.6,
2328,72Canovanas Municipio,186.4,
2329,72Carolina Municipio,192.3,
2330,72Catano Municipio,200.3,
2331,72Cayey Municipio,198.2,
2332,72Ceiba Municipio,197.4,
2333,72Ciales Municipio,209.6,
2334,72Cidra Municipio,184.3,
2335,72Coamo Municipio,231.5,
2336,72Comerio Municipio,165.7,
2337,72Corozal Municipio,179.1,
2338,72Culebra Municipio,227.5,
2339,72Dorado Municipio,179.5,
2340,72Fajardo Municipio,221.1,
2341,72Florida Municipio,229.0,
2342,72Guanica Municipio,273.1,
2343,72Guayama Municipio,218.4,
2344,72Guayanilla Municipio,276.5,
2345,72Guaynabo Municipio,197.1,
2346,72Gurabo Municipio,186.1,
2347,72Hatillo Municipio,162.0,
2348,72Hormigueros Municipio,222.2,
2349,72Humacao Municipio,165.9,
2350,72Isabela Municipio,200.9,
2351,72Jayuya Municipio,256.5,
2352,72Juana Diaz Municipio,251.1,
2353,72Juncos Municipio,184.9,
2354,72Lajas Municipio,250.9,
2355,72Lares Municipio,284.9,
2356,72Las Marias Municipio,223.7,
2357,72Las Piedras Municipio,176.0,
2358,72Loiza Municipio,189.0,
2359,72Luquillo Municipio,177.4,
2360,72Manati Municipio,213.0,
2361,72Maricao Municipio,201.4,
2362,72Maunabo Municipio,253.6,
2363,72Mayaguez Municipio,216.4,
2364,72Moca Municipio,216.4,
2365,72Morovis Municipio,183.5,
2366,72Naguabo Municipio,175.3,
2367,72Naranjito Municipio,174.3,
2368,72Orocovis Municipio,214.1,
2369,72Patillas Municipio,230.2,
2370,72Penuelas Municipio,269.6,
2371,72Ponce Municipio,273.2,
2372,72Quebradillas Municipio,184.2,
2373,72Rincon Municipio,201.0,
2374,72Rio Grande Municipio,186.6,
2375,72Sabana Grande Municipio,264.3,
2376,72Salinas Municipio,218.8,
2377,72San German Municipio,233.5,
2378,72San Juan Municipio,197.4,
2379,72San Lorenzo Municipio,186.6,
2380,72San Sebastian Municipio,211.2,
2381,72Santa Isabel Municipio,236.5,
2382,72Toa Alta Municipio,194.5,
2383,72Toa Baja Municipio,201.9,
2384,72Trujillo Alto Municipio,192.3,
2385,72Utuado Municipio,183.5,
2386,72Vega Alta Municipio,168.8,
2387,72Vega Baja Municipio,196.2,
2388,72Vieques Municipio,227.5,
2389,72Villalba Municipio,232.7,
2390,72Yabucoa Municipio,152.6,
2391,72Yauco Municipio,275.8,
2392,44Bristol County,277.2,180.3
2393,44Kent County,321.7,151.8
2394,44Newport County,230.9,140.8
2395,44Providence County,321.3,169.4
2396,44Washington County,287.2,124.9
2397,45Abbeville County,338.5,
2398,45Aiken County,338.3,195.6
2399,45Allendale County,429.8,
2400,45Anderson County,380.5,212.8
2401,45Bamberg County,385.0,
2402,45Barnwell County,383.2,
2403,45Beaufort County,186.9,
2404,45Berkeley County,257.8,138.6
2405,45Calhoun County,325.2,
2406,45Charleston County,254.6,139.7
2407,45Cherokee County,510.8,167.7
2408,45Chester County,410.6,
2409,45Chesterfield County,487.8,244.9
2410,45Clarendon County,331.4,122.3
2411,45Colleton County,452.7,132.1
2412,45Darlington County,558.8,
2413,45Dillon County,478.0,451.6
2414,45Dorchester County,272.6,141.2
2415,45Edgefield County,312.7,193.1
2416,45Fairfield County,398.1,
2417,45Florence County,424.8,
2418,45Georgetown County,323.5,130.2
2419,45Greenville County,289.5,164.7
2420,45Greenwood County,324.8,
2421,45Hampton County,355.9,
2422,45Horry County,323.5,146.2
2423,45Jasper County,291.0,158.3
2424,45Kershaw County,313.6,106.7
2425,45Lancaster County,323.1,156.2
2426,45Laurens County,332.3,179.5
2427,45Lee County,527.8,
2428,45Lexington County,308.6,143.4
2429,45McCormick County,284.3,173.8
2430,45Marion County,490.9,216.5
2431,45Marlboro County,656.8,
2432,45Newberry County,325.5,113.6
2433,45Oconee County,343.3,
2434,45Orangeburg County,320.0,155.3
2435,45Pickens County,393.3,165.4
2436,45Richland County,336.9,114.3
2437,45Saluda County,324.5,156.3
2438,45Spartanburg County,338.7,173.7
2439,45Sumter County,309.9,100.4
2440,45Union County,428.2,170.7
2441,45Williamsburg County,311.3,136.0
2442,45York County,263.0,139.3
2443,46Aurora County,319.8,
2444,46Beadle County,317.2,
2445,46Bennett County,404.6,
2446,46Bon Homme County,311.1,
2447,46Brookings County,285.7,
2448,46Brown County,279.6,
2449,46Brule County,327.0,
2450,46Buffalo County,678.8,
2451,46Butte County,280.1,
2452,46Campbell County,349.9,
2453,46Charles Mix County,320.6,
2454,46Clark County,302.7,
2455,46Clay County,330.7,
2456,46Codington County,287.4,
2457,46Corson County,470.3,
2458,46Custer County,276.8,
2459,46Davison County,302.5,
2460,46Day County,324.8,
2461,46Deuel County,280.2,
2462,46Dewey County,420.6,
2463,46Douglas County,307.4,
2464,46Edmunds County,282.9,
2465,46Fall River County,382.8,
2466,46Faulk County,282.9,
2467,46Grant County,305.9,
2468,46Gregory County,351.2,
2469,46Haakon County,281.1,
2470,46Hamlin County,288.3,
2471,46Hand County,324.9,
2472,46Hanson County,313.1,
2473,46Harding County,307.1,
2474,46Hughes County,217.6,
2475,46Hutchinson County,306.2,
2476,46Hyde County,292.2,
2477,46Jackson County,319.0,
2478,46Jerauld County,395.7,
2479,46Jones County,294.2,
2480,46Kingsbury County,285.7,
2481,46Lake County,280.0,
2482,46Lawrence County,267.3,
2483,46Lincoln County,231.5,
2484,46Lyman County,374.9,
2485,46McCook County,392.8,
2486,46McPherson County,289.4,
2487,46Marshall County,247.5,
2488,46Meade County,282.2,
2489,46Mellette County,372.3,
2490,46Miner County,318.0,
2491,46Minnehaha County,328.6,204.1
2492,46Moody County,326.6,
2493,46Oglala Lakota County,81.1,
2494,46Pennington County,305.0,
2495,46Perkins County,267.8,
2496,46Potter County,277.8,
2497,46Roberts County,337.5,
2498,46Sanborn County,325.6,
2499,46Spink County,303.6,
2500,46Stanley County,144.8,
2501,46Sully County,222.7,
2502,46Todd County,394.6,
2503,46Tripp County,318.5,
2504,46Turner County,402.5,
2505,46Union County,231.1,
2506,46Walworth County,318.6,
2507,46Yankton County,326.8,
2508,46Ziebach County,259.4,
2509,47Anderson County,391.9,155.2
2510,47Bedford County,506.1,207.7
2511,47Benton County,476.6,
2512,47Bledsoe County,365.3,
2513,47Blount County,299.0,140.8
2514,47Bradley County,463.0,148.1
2515,47Campbell County,510.6,
2516,47Cannon County,380.2,
2517,47Carroll County,641.3,
2518,47Carter County,425.9,
2519,47Cheatham County,419.7,155.6
2520,47Chester County,440.4,
2521,47Claiborne County,525.4,
2522,47Clay County,458.5,
2523,47Cocke County,660.9,
2524,47Coffee County,498.0,218.2
2525,47Crockett County,600.8,
2526,47Cumberland County,327.4,
2527,47Davidson County,349.3,176.3
2528,47Decatur County,491.8,
2529,47DeKalb County,410.1,
2530,47Dickson County,486.4,127.7
2531,47Dyer County,638.5,
2532,47Fayette County,392.4,189.4
2533,47Fentress County,425.0,
2534,47Franklin County,449.2,197.2
2535,47Gibson County,548.0,
2536,47Giles County,497.5,
2537,47Grainger County,414.2,165.6
2538,47Greene County,450.1,
2539,47Grundy County,504.8,
2540,47Hamblen County,412.1,
2541,47Hamilton County,362.4,157.7
2542,47Hancock County,445.0,
2543,47Hardeman County,459.6,
2544,47Hardin County,579.4,
2545,47Hawkins County,478.3,
2546,47Haywood County,447.3,
2547,47Henderson County,492.7,
2548,47Henry County,529.2,
2549,47Hickman County,446.9,
2550,47Houston County,470.8,
2551,47Humphreys County,488.2,
2552,47Jackson County,402.8,
2553,47Jefferson County,379.7,157.4
2554,47Johnson County,383.3,
2555,47Knox County,349.2,142.0
2556,47Lake County,630.0,
2557,47Lauderdale County,536.4,
2558,47Lawrence County,492.4,
2559,47Lewis County,413.4,
2560,47Lincoln County,504.5,194.9
2561,47Loudon County,294.4,151.8
2562,47McMinn County,470.0,
2563,47McNairy County,594.8,
2564,47Macon County,418.3,
2565,47Madison County,404.0,
2566,47Marion County,447.1,182.1
2567,47Marshall County,492.6,170.4
2568,47Maury County,351.6,
2569,47Meigs County,485.4,
2570,47Monroe County,379.9,
2571,47Montgomery County,382.8,115.0
2572,47Moore County,488.9,
2573,47Morgan County,375.4,
2574,47Obion County,488.3,
2575,47Overton County,460.6,
2576,47Perry County,471.7,
2577,47Pickett County,391.2,
2578,47Polk County,463.8,
2579,47Putnam County,366.7,
2580,47Rhea County,418.9,185.0
2581,47Roane County,444.7,165.9
2582,47Robertson County,422.1,187.6
2583,47Rutherford County,328.9,173.3
2584,47Scott County,460.0,
2585,47Sequatchie County,374.1,183.7
2586,47Sevier County,389.5,143.5
2587,47Shelby County,394.4,195.0
2588,47Smith County,379.9,
2589,47Stewart County,360.6,
2590,47Sullivan County,457.6,
2591,47Sumner County,353.7,209.3
2592,47Tipton County,412.7,189.0
2593,47Trousdale County,350.7,
2594,47Unicoi County,446.9,
2595,47Union County,432.3,
2596,47Van Buren County,357.7,
2597,47Warren County,382.6,
2598,47Washington County,379.4,
2599,47Wayne County,378.4,
2600,47Weakley County,393.9,
2601,47White County,377.8,
2602,47Williamson County,247.0,169.3
2603,47Wilson County,324.8,194.1
2604,48Anderson County,422.6,
2605,48Andrews County,412.6,
2606,48Angelina County,389.6,
2607,48Aransas County,349.2,
2608,48Archer County,364.8,
2609,48Armstrong County,481.7,
2610,48Atascosa County,366.5,167.3
2611,48Austin County,293.6,164.3
2612,48Bailey County,358.7,
2613,48Bandera County,304.4,173.8
2614,48Bastrop County,333.2,131.5
2615,48Baylor County,375.5,
2616,48Bee County,414.0,
2617,48Bell County,334.9,205.0
2618,48Bexar County,338.8,161.6
2619,48Blanco County,258.5,283.5
2620,48Borden County,352.4,
2621,48Bosque County,396.8,267.7
2622,48Bowie County,514.5,
2623,48Brazoria County,341.7,150.1
2624,48Brazos County,324.9,188.3
2625,48Brewster County,253.6,
2626,48Briscoe County,386.4,
2627,48Brooks County,381.7,
2628,48Brown County,450.3,
2629,48Burleson County,541.9,
2630,48Burnet County,299.4,174.6
2631,48Caldwell County,346.9,130.4
2632,48Calhoun County,341.6,
2633,48Callahan County,444.9,
2634,48Cameron County,291.3,131.7
2635,48Camp County,421.8,
2636,48Carson County,442.5,
2637,48Cass County,427.2,
2638,48Castro County,375.7,
2639,48Chambers County,386.0,158.9
2640,48Cherokee County,409.9,
2641,48Childress County,396.8,
2642,48Clay County,353.1,
2643,48Cochran County,381.9,
2644,48Coke County,316.6,
2645,48Coleman County,431.8,
2646,48Collin County,232.6,122.5
2647,48Collingsworth County,451.3,
2648,48Colorado County,384.4,
2649,48Comal County,300.5,100.8
2650,48Comanche County,472.2,
2651,48Concho County,318.0,
2652,48Cooke County,317.2,140.4
2653,48Coryell County,356.4,233.7
2654,48Cottle County,346.1,
2655,48Crane County,402.3,
2656,48Crockett County,363.2,
2657,48Crosby County,416.5,
2658,48Culberson County,341.4,
2659,48Dallam County,297.5,
2660,48Dallas County,321.2,149.6
2661,48Dawson County,430.4,
2662,48Deaf Smith County,357.2,
2663,48Delta County,474.9,
2664,48Denton County,236.7,128.7
2665,48DeWitt County,339.0,
2666,48Dickens County,372.4,
2667,48Dimmit County,342.4,
2668,48Donley County,456.2,
2669,48Duval County,368.5,
2670,48Eastland County,467.7,
2671,48Ector County,422.0,
2672,48Edwards County,319.9,
2673,48Ellis County,317.4,154.9
2674,48El Paso County,293.9,180.6
2675,48Erath County,326.4,
2676,48Falls County,353.4,246.6
2677,48Fannin County,513.0,119.4
2678,48Fayette County,335.0,
2679,48Fisher County,373.9,
2680,48Floyd County,416.5,
2681,48Foard County,360.0,
2682,48Fort Bend County,253.7,160.7
2683,48Franklin County,411.9,
2684,48Freestone County,354.5,
2685,48Frio County,384.1,
2686,48Gaines County,399.1,
2687,48Galveston County,321.8,153.3
2688,48Garza County,392.6,
2689,48Gillespie County,257.1,
2690,48Glasscock County,302.1,
2691,48Goliad County,315.5,
2692,48Gonzales County,324.9,
2693,48Gray County,472.2,
2694,48Grayson County,374.4,183.9
2695,48Gregg County,449.8,
2696,48Grimes County,382.6,159.4
2697,48Guadalupe County,329.1,165.0
2698,48Hale County,423.3,
2699,48Hall County,363.5,
2700,48Hamilton County,320.6,
2701,48Hansford County,390.4,
2702,48Hardeman County,398.3,
2703,48Hardin County,477.3,198.2
2704,48Harris County,307.7,156.3
2705,48Harrison County,372.6,
2706,48Hartley County,274.4,
2707,48Haskell County,405.1,
2708,48Hays County,237.1,190.4
2709,48Hemphill County,389.3,
2710,48Henderson County,478.7,
2711,48Hidalgo County,314.0,129.8
2712,48Hill County,385.8,285.4
2713,48Hockley County,394.3,
2714,48Hood County,304.6,
2715,48Hopkins County,429.6,
2716,48Houston County,367.3,
2717,48Howard County,463.7,
2718,48Hudspeth County,291.6,
2719,48Hunt County,434.0,122.9
2720,48Hutchinson County,592.0,
2721,48Irion County,328.0,
2722,48Jack County,402.0,
2723,48Jackson County,365.9,
2724,48Jasper County,515.8,
2725,48Jeff Davis County,252.4,
2726,48Jefferson County,481.6,214.5
2727,48Jim Hogg County,318.0,
2728,48Jim Wells County,488.8,
2729,48Johnson County,375.7,158.4
2730,48Jones County,428.2,
2731,48Karnes County,472.6,
2732,48Kaufman County,424.8,153.1
2733,48Kendall County,286.5,114.4
2734,48Kenedy County,318.0,
2735,48Kent County,282.6,
2736,48Kerr County,301.5,
2737,48Kimble County,306.8,
2738,48King County,309.8,
2739,48Kinney County,302.7,
2740,48Kleberg County,446.4,
2741,48Knox County,344.6,
2742,48Lamar County,476.5,
2743,48Lamb County,408.8,
2744,48Lampasas County,329.6,208.9
2745,48La Salle County,317.9,
2746,48Lavaca County,336.0,
2747,48Lee County,358.6,141.5
2748,48Leon County,349.1,
2749,48Liberty County,514.3,156.9
2750,48Limestone County,405.8,303.8
2751,48Lipscomb County,372.0,
2752,48Live Oak County,368.3,
2753,48Llano County,264.9,
2754,48Loving County,383.2,
2755,48Lubbock County,411.9,186.0
2756,48Lynn County,402.6,
2757,48McCulloch County,383.0,
2758,48McLennan County,340.2,275.4
2759,48McMullen County,329.6,
2760,48Madison County,402.2,
2761,48Marion County,418.6,
2762,48Martin County,371.2,
2763,48Mason County,226.5,
2764,48Matagorda County,381.9,113.8
2765,48Maverick County,300.3,
2766,48Medina County,363.6,169.1
2767,48Menard County,336.0,
2768,48Midland County,317.5,
2769,48Milam County,315.6,161.0
2770,48Mills County,327.9,
2771,48Mitchell County,352.9,
2772,48Montague County,445.3,
2773,48Montgomery County,332.5,155.5
2774,48Moore County,353.9,
2775,48Morris County,459.7,
2776,48Motley County,390.7,
2777,48Nacogdoches County,370.5,
2778,48Navarro County,420.5,
2779,48Newton County,523.5,
2780,48Nolan County,430.7,
2781,48Nueces County,305.5,94.8
2782,48Ochiltree County,461.5,
2783,48Oldham County,374.1,
2784,48Orange County,545.5,231.0
2785,48Palo Pinto County,430.0,
2786,48Panola County,378.1,
2787,48Parker County,319.1,157.4
2788,48Parmer County,356.4,
2789,48Pecos County,333.5,
2790,48Polk County,556.4,
2791,48Potter County,550.0,141.7
2792,48Presidio County,192.4,
2793,48Rains County,435.2,
2794,48Randall County,366.7,
2795,48Reagan County,310.3,
2796,48Real County,320.7,
2797,48Red River County,531.1,
2798,48Reeves County,360.1,
2799,48Refugio County,342.6,
2800,48Roberts County,478.5,
2801,48Robertson County,437.0,
2802,48Rockwall County,317.6,143.7
2803,48Runnels County,373.7,
2804,48Rusk County,407.0,
2805,48Sabine County,413.7,
2806,48San Augustine County,350.1,
2807,48San Jacinto County,382.9,136.1
2808,48San Patricio County,355.5,
2809,48San Saba County,276.1,
2810,48Schleicher County,344.4,
2811,48Scurry County,276.9,
2812,48Shackelford County,437.0,
2813,48Shelby County,389.3,
2814,48Sherman County,330.2,
2815,48Smith County,417.1,116.0
2816,48Somervell County,324.1,
2817,48Starr County,343.0,
2818,48Stephens County,454.2,
2819,48Sterling County,348.3,
2820,48Stonewall County,370.2,
2821,48Sutton County,329.1,
2822,48Swisher County,389.4,
2823,48Tarrant County,298.8,154.1
2824,48Taylor County,430.1,
2825,48Terrell County,328.2,
2826,48Terry County,414.9,
2827,48Throckmorton County,391.8,
2828,48Titus County,418.5,
2829,48Tom Green County,316.7,
2830,48Travis County,238.6,126.2
2831,48Trinity County,410.6,
2832,48Tyler County,500.3,
2833,48Upshur County,432.3,
2834,48Upton County,359.2,
2835,48Uvalde County,328.5,
2836,48Val Verde County,333.4,
2837,48Van Zandt County,438.5,
2838,48Victoria County,328.2,
2839,48Walker County,344.7,138.8
2840,48Waller County,353.7,158.1
2841,48Ward County,401.7,
2842,48Washington County,288.3,
2843,48Webb County,306.9,
2844,48Wharton County,429.9,157.8
2845,48Wheeler County,448.9,
2846,48Wichita County,374.0,
2847,48Wilbarger County,375.8,
2848,48Willacy County,295.6,
2849,48Williamson County,247.6,141.6
2850,48Wilson County,326.7,166.6
2851,48Winkler County,414.5,
2852,48Wise County,395.2,143.8
2853,48Wood County,422.6,
2854,48Yoakum County,395.3,
2855,48Young County,425.0,
2856,48Zapata County,296.3,
2857,48Zavala County,407.4,
2858,49Beaver County,305.6,
2859,49Box Elder County,352.7,
2860,49Cache County,290.2,
2861,49Carbon County,386.1,267.8
2862,49Daggett County,256.0,
2863,49Davis County,311.4,192.5
2864,49Duchesne County,313.6,263.8
2865,49Emery County,460.9,
2866,49Garfield County,247.1,
2867,49Grand County,264.6,
2868,49Iron County,221.8,
2869,49Juab County,306.3,
2870,49Kane County,307.6,180.9
2871,49Millard County,298.5,
2872,49Morgan County,301.3,
2873,49Piute County,318.5,
2874,49Rich County,261.6,
2875,49Salt Lake County,290.0,201.6
2876,49San Juan County,220.2,
2877,49Sanpete County,293.6,269.8
2878,49Sevier County,322.7,
2879,49Summit County,200.8,194.9
2880,49Tooele County,312.1,199.7
2881,49Uintah County,376.4,
2882,49Utah County,306.7,232.7
2883,49Wasatch County,257.8,207.4
2884,49Washington County,204.1,153.4
2885,49Wayne County,277.5,
2886,49Weber County,333.4,157.4
2887,51Accomack County,420.1,
2888,51Albemarle County,227.7,99.8
2889,51Alleghany County,377.0,
2890,51Amelia County,362.5,128.4
2891,51Amherst County,319.9,
2892,51Appomattox County,336.4,
2893,51Arlington County,180.0,126.4
2894,51Augusta County,274.5,
2895,51Bath County,344.4,
2896,51Bedford County County,286.3,
2897,51Bland County,429.4,
2898,51Botetourt County,307.2,
2899,51Brunswick County,360.2,
2900,51Buchanan County,444.5,
2901,51Buckingham County,292.6,
2902,51Campbell County,308.4,
2903,51Caroline County,290.8,
2904,51Carroll County,273.0,
2905,51Charles City County,307.0,123.6
2906,51Charlotte County,350.4,
2907,51Chesterfield County,294.1,108.4
2908,51Clarke County,279.1,169.6
2909,51Craig County,281.9,
2910,51Culpeper County,264.7,
2911,51Cumberland County,272.6,
2912,51Dickenson County,395.5,
2913,51Dinwiddie County,291.2,119.6
2914,51Essex County,371.0,
2915,51Fairfax County County,169.2,113.0
2916,51Fauquier County,236.7,160.9
2917,51Floyd County,288.7,
2918,51Fluvanna County,248.2,
2919,51Franklin County County,293.4,
2920,51Frederick County,316.4,
2921,51Giles County,406.9,
2922,51Gloucester County,357.7,
2923,51Goochland County,283.4,112.1
2924,51Grayson County,282.2,
2925,51Greene County,293.1,
2926,51Greensville County,530.4,
2927,51Halifax County,357.4,
2928,51Hanover County,284.1,97.0
2929,51Henrico County,284.7,107.7
2930,51Henry County,341.9,
2931,51Highland County,283.3,
2932,51Isle of Wight County,330.5,
2933,51James City County,233.5,170.5
2934,51King and Queen County,367.3,
2935,51King George County,280.4,
2936,51King William County,317.3,
2937,51Lancaster County,352.3,
2938,51Lee County,390.4,
2939,51Loudoun County,199.7,156.9
2940,51Louisa County,340.6,
2941,51Lunenburg County,379.5,
2942,51Madison County,303.8,
2943,51Mathews County,343.4,
2944,51Mecklenburg County,343.3,
2945,51Middlesex County,336.5,
2946,51Montgomery County,276.9,46.7
2947,51Nelson County,344.4,
2948,51New Kent County,317.0,110.8
2949,51Northampton County,365.7,
2950,51Northumberland County,326.2,
2951,51Nottoway County,431.4,
2952,51Orange County,302.1,
2953,51Page County,318.3,
2954,51Patrick County,360.7,
2955,51Pittsylvania County,322.6,
2956,51Powhatan County,287.3,116.3
2957,51Prince Edward County,373.2,
2958,51Prince George County,227.5,122.8
2959,51Prince William County,213.1,159.2
2960,51Pulaski County,399.9,
2961,51Rappahannock County,290.9,
2962,51Richmond County County,363.1,
2963,51Roanoke County County,291.6,57.8
2964,51Rockbridge County,309.6,
2965,51Rockingham County,285.5,
2966,51Russell County,409.6,
2967,51Scott County,389.0,
2968,51Shenandoah County,310.3,
2969,51Smyth County,418.6,
2970,51Southampton County,337.5,
2971,51Spotsylvania County,257.2,68.0
2972,51Stafford County,264.4,145.5
2973,51Surry County,316.1,
2974,51Sussex County,385.2,
2975,51Tazewell County,434.7,
2976,51Warren County,312.3,
2977,51Washington County,341.4,
2978,51Westmoreland County,305.1,
2979,51Wise County,432.9,
2980,51Wythe County,437.9,
2981,51York County,230.2,90.5
2982,51Alexandria City,197.2,144.8
2983,51Bristol City,456.7,
2984,51Buena Vista City,429.6,
2985,51Charlottesville City,297.6,
2986,51Chesapeake City,298.2,161.4
2987,51Colonial Heights City,374.1,123.7
2988,51Covington City,492.6,
2989,51Danville City,502.3,
2990,51Emporia City,557.8,
2991,51Fairfax City,304.9,193.7
2992,51Falls Church City,194.6,113.6
2993,51Franklin City,473.1,
2994,51Fredericksburg City,269.5,
2995,51Galax City,381.6,
2996,51Hampton City,352.0,188.4
2997,51Harrisonburg City,293.1,
2998,51Hopewell City,437.7,128.6
2999,51Lexington City,377.9,
3000,51Lynchburg City,379.7,
3001,51Manassas City,296.9,166.5
3002,51Manassas Park City,180.4,166.5
3003,51Martinsville City,682.4,
3004,51Newport News City,363.9,120.6
3005,51Norfolk City,405.7,168.5
3006,51Norton City,436.3,
3007,51Petersburg City,545.7,122.0
3008,51Poquoson City,308.8,238.3
3009,51Portsmouth City,392.0,185.6
3010,51Radford City,388.8,
3011,51Richmond City,324.7,105.4
3012,51Roanoke City,407.8,
3013,51Salem City,389.7,
3014,51Staunton City,360.8,
3015,51Suffolk City,342.6,157.9
3016,51Virginia Beach City,277.7,152.6
3017,51Waynesboro City,374.1,
3018,51Williamsburg City,228.2,
3019,51Winchester City,315.0,
3020,78Saint Croix (County Equivalent) County,,
3021,78Saint John (County Equivalent) County,,
3022,78Saint Thomas (County Equivalent) County,,
3023,50Addison County,324.5,
3024,50Bennington County,344.2,
3025,50Caledonia County,314.8,
3026,50Chittenden County,239.3,211.2
3027,50Essex County,324.0,
3028,50Franklin County,329.0,
3029,50Grand Isle County,271.8,
3030,50Lamoille County,290.9,
3031,50Orange County,308.7,
3032,50Orleans County,332.1,
3033,50Rutland County,369.5,
3034,50Washington County,305.9,
3035,50Windham County,273.4,
3036,50Windsor County,297.9,
3037,53Adams County,269.1,
3038,53Asotin County,302.8,
3039,53Benton County,269.3,146.0
3040,53Chelan County,240.3,136.1
3041,53Clallam County,269.0,
3042,53Clark County,280.5,146.0
3043,53Columbia County,271.1,
3044,53Cowlitz County,331.3,154.0
3045,53Douglas County,248.1,
3046,53Ferry County,288.5,
3047,53Franklin County,259.6,110.0
3048,53Garfield County,308.1,
3049,53Grant County,302.8,167.3
3050,53Grays Harbor County,320.3,144.0
3051,53Island County,245.0,136.8
3052,53Jefferson County,255.4,
3053,53King County,224.5,135.6
3054,53Kitsap County,272.5,194.1
3055,53Kittitas County,250.1,143.4
3056,53Klickitat County,203.8,187.6
3057,53Lewis County,349.9,193.1
3058,53Lincoln County,281.3,145.4
3059,53Mason County,294.1,179.9
3060,53Okanogan County,270.0,194.3
3061,53Pacific County,410.5,
3062,53Pend Oreille County,265.4,158.5
3063,53Pierce County,293.2,191.2
3064,53San Juan County,165.3,204.6
3065,53Skagit County,251.5,169.0
3066,53Skamania County,219.5,151.3
3067,53Snohomish County,242.0,136.8
3068,53Spokane County,268.3,153.2
3069,53Stevens County,271.5,162.2
3070,53Thurston County,248.5,173.0
3071,53Wahkiakum County,318.5,
3072,53Walla Walla County,265.3,118.3
3073,53Whatcom County,235.5,206.9
3074,53Whitman County,289.3,112.7
3075,53Yakima County,409.5,197.0
3076,55Adams County,288.7,
3077,55Ashland County,368.4,
3078,55Barron County,313.0,
3079,55Bayfield County,259.6,
3080,55Brown County,344.3,439.9
3081,55Buffalo County,308.0,
3082,55Burnett County,280.2,
3083,55Calumet County,286.4,180.3
3084,55Chippewa County,323.0,
3085,55Clark County,313.8,272.2
3086,55Columbia County,280.2,159.3
3087,55Crawford County,270.5,
3088,55Dane County,240.3,154.9
3089,55Dodge County,375.4,149.4
3090,55Door County,279.3,
3091,55Douglas County,283.7,
3092,55Dunn County,291.6,
3093,55Eau Claire County,314.6,
3094,55Florence County,284.9,
3095,55Fond du Lac County,312.2,159.7
3096,55Forest County,343.9,
3097,55Grant County,284.7,
3098,55Green County,303.6,155.0
3099,55Green Lake County,381.9,
3100,55Iowa County,270.0,161.2
3101,55Iron County,364.5,
3102,55Jackson County,299.8,
3103,55Jefferson County,313.5,152.9
3104,55Juneau County,293.0,
3105,55Kenosha County,328.9,175.9
3106,55Kewaunee County,297.2,
3107,55La Crosse County,287.8,153.7
3108,55Lafayette County,285.9,
3109,55Langlade County,323.3,
3110,55Lincoln County,315.6,
3111,55Manitowoc County,333.8,201.3
3112,55Marathon County,303.1,254.2
3113,55Marinette County,468.5,
3114,55Marquette County,295.7,
3115,55Menominee County,345.4,
3116,55Milwaukee County,379.1,221.9
3117,55Monroe County,282.7,
3118,55Oconto County,374.5,434.4
3119,55Oneida County,328.7,
3120,55Outagamie County,302.4,279.0
3121,55Ozaukee County,278.3,191.9
3122,55Pepin County,302.6,
3123,55Pierce County,270.8,113.6
3124,55Polk County,293.2,103.5
3125,55Portage County,293.3,221.2
3126,55Price County,343.3,
3127,55Racine County,342.6,176.6
3128,55Richland County,281.0,
3129,55Rock County,327.3,152.6
3130,55Rusk County,327.3,
3131,55St. Croix County,263.7,
3132,55Sauk County,279.2,159.4
3133,55Sawyer County,309.2,
3134,55Shawano County,309.1,329.3
3135,55Sheboygan County,317.9,208.9
3136,55Taylor County,324.2,309.4
3137,55Trempealeau County,303.5,
3138,55Vernon County,278.2,
3139,55Vilas County,339.0,
3140,55Walworth County,315.1,100.2
3141,55Washburn County,301.3,
3142,55Washington County,298.2,171.9
3143,55Waukesha County,245.8,157.4
3144,55Waupaca County,313.2,267.4
3145,55Waushara County,310.7,
3146,55Winnebago County,261.0,213.9
3147,55Wood County,294.0,236.5
3148,54Barbour County,365.3,
3149,54Berkeley County,324.3,239.0
3150,54Boone County,408.2,
3151,54Braxton County,347.8,
3152,54Brooke County,401.6,
3153,54Cabell County,356.3,
3154,54Calhoun County,358.3,
3155,54Clay County,363.1,
3156,54Doddridge County,306.8,
3157,54Fayette County,407.9,
3158,54Gilmer County,371.5,
3159,54Grant County,337.0,
3160,54Greenbrier County,377.3,
3161,54Hampshire County,314.8,
3162,54Hancock County,434.0,
3163,54Hardy County,341.3,
3164,54Harrison County,388.6,
3165,54Jackson County,352.4,
3166,54Jefferson County,307.9,168.4
3167,54Kanawha County,362.4,
3168,54Lewis County,444.4,
3169,54Lincoln County,395.9,
3170,54Logan County,502.1,
3171,54McDowell County,466.0,
3172,54Marion County,481.4,
3173,54Marshall County,382.4,
3174,54Mason County,370.4,
3175,54Mercer County,435.0,
3176,54Mineral County,403.0,
3177,54Mingo County,524.7,
3178,54Monongalia County,333.4,
3179,54Monroe County,390.6,
3180,54Morgan County,342.4,
3181,54Nicholas County,360.1,
3182,54Ohio County,404.6,
3183,54Pendleton County,291.8,
3184,54Pleasants County,434.1,
3185,54Pocahontas County,349.0,
3186,54Preston County,374.9,
3187,54Putnam County,360.2,
3188,54Raleigh County,474.4,
3189,54Randolph County,339.2,
3190,54Ritchie County,398.9,
3191,54Roane County,355.0,
3192,54Summers County,415.6,
3193,54Taylor County,388.4,
3194,54Tucker County,414.3,
3195,54Tyler County,350.0,
3196,54Upshur County,344.0,
3197,54Wayne County,342.6,
3198,54Webster County,355.3,
3199,54Wetzel County,369.4,
3200,54Wirt County,375.2,
3201,54Wood County,411.1,
3202,54Wyoming County,474.8,
3203,56Albany County,252.5,
3204,56Big Horn County,317.3,
3205,56Campbell County,332.8,
3206,56Carbon County,315.4,
3207,56Converse County,294.4,
3208,56Crook County,312.4,
3209,56Fremont County,335.6,
3210,56Goshen County,274.6,
3211,56Hot Springs County,330.7,
3212,56Johnson County,320.2,
3213,56Laramie County,264.5,120.7
3214,56Lincoln County,303.7,
3215,56Natrona County,318.4,
3216,56Niobrara County,274.8,
3217,56Park County,307.5,
3218,56Platte County,270.9,
3219,56Sheridan County,288.3,
3220,56Sublette County,256.5,
3221,56Sweetwater County,348.8,
3222,56Teton County,155.9,
3223,56Uinta County,376.1,
3224,56Washakie County,328.3,
3225,56Weston County,307.4,
