Query,Best Match
01autauga,01autauga
01baldwin,01baldwin
01barbour,01barbour
01bibb,01bibb
01blount,01blount
01bullock,01bullock
01butler,01butler
01calhoun,01calhoun
01chambers,01chambers
01cherokee,01cherokee
01chilton,01chilton
01choctaw,01choctaw
01clarke,01clarke
01clay,01clay
01cleburne,01cleburne
01coffee,01coffee
01colbert,01colbert
01conecuh,01conecuh
01coosa,01coosa
01covington,01covington
01crenshaw,01crenshaw
01cullman,01cullman
01dale,01dale
01dallas,01dallas
01dekalb,01dekalb
01elmore,01elmore
01escambia,01escambia
01etowah,01etowah
01fayette,01fayette
01franklin,01franklin
01geneva,01geneva
01greene,01greene
01hale,01hale
01henry,01henry
01houston,01houston
01jackson,01jackson
01jefferson,01jefferson
01lamar,01lamar
01lauderdale,01lauderdale
01lawrence,01lawrence
01lee,01lee
01limestone,01limestone
01lowndes,01lowndes
01macon,01macon
01madison,01madison
01marengo,01marengo
01marion,01marion
01marshall,01marshall
01mobile,01mobile
01monroe,01monroe
01montgomery,01montgomery
01morgan,01morgan
01perry,01perry
01pickens,01pickens
01pike,01pike
01randolph,01randolph
01russell,01russell
01shelby,01shelby
01st. clair,01st.clair
01sumter,01sumter
01talladega,01talladega
01tallapoosa,01tallapoosa
01tuscaloosa,01tuscaloosa
01walker,01walker
01washington,01washington
01wilcox,01wilcox
01winston,01winston
02aleutians east borough,02aleutianswest
02aleutians west census area,02aleutianswest
02anchorage municipality,02anchorage
02bethel census area,02bethel
02bristol bay borough,02bristolbay
02chugach census area,02denali
02copper river census area,02dillingham
02denali borough,02denali
02dillingham census area,02dillingham
02fairbanks north star borough,02fairbanksnorthstar
02haines borough,02haines
02hoonah-angoon census area,02hoonah-angoon
02juneau city and borough,02juneau
02kenai peninsula borough,02kenaipeninsula
02ketchikan gateway borough,02ketchikangateway
02kodiak island borough,02kodiakisland
02kusilvak census area,02kodiakisland
02lake and peninsula borough,02lakeandpeninsula
02matanuska-susitna borough,02matanuska-susitna
02nome census area,02nome
02north slope borough,02northwestarctic
02northwest arctic borough,02northwestarctic
02petersburg borough,02princeofwales-hyder
02prince of wales-hyder census area,02princeofwales-hyder
02sitka city and borough,02sitka
02skagway municipality,02sitka
02southeast fairbanks census area,02southeastfairbanks
02wrangell city and borough,02wadehampton
02yakutat city and borough,02yakutat
02yukon-koyukuk census area,02yukon-koyukuk
04apache,04apache
04cochise,04cochise
04coconino,04coconino
04gila,04gila
04graham,04graham
04greenlee,04greenlee
04la paz,04lapaz
04maricopa,04maricopa
04mohave,04mohave
04navajo,04navajo
04pima,04pima
04pinal,04pinal
04santa cruz,04santacruz
04yavapai,04yavapai
04yuma,04yuma
05arkansas,05arkansas
05ashley,05ashley
05baxter,05baxter
05benton,05benton
05boone,05boone
05bradley,05bradley
05calhoun,05calhoun
05carroll,05carroll
05chicot,05chicot
05clark,05clark
05clay,05clay
05cleburne,05cleburne
05cleveland,05cleveland
05columbia,05columbia
05conway,05conway
05craighead,05craighead
05crawford,05crawford
05crittenden,05crittenden
05cross,05cross
05dallas,05dallas
05desha,05desha
05drew,05drew
05faulkner,05faulkner
05franklin,05franklin
05fulton,05fulton
05garland,05garland
05grant,05grant
05greene,05greene
05hempstead,05hempstead
05hot spring,05hotspring
05howard,05howard
05independence,05independence
05izard,05izard
05jackson,05jackson
05jefferson,05jefferson
05johnson,05johnson
05lafayette,05lafayette
05lawrence,05lawrence
05lee,05lee
05lincoln,05lincoln
05little river,05littleriver
05logan,05logan
05lonoke,05lonoke
05madison,05madison
05marion,05marion
05miller,05miller
05mississippi,05mississippi
05monroe,05monroe
05montgomery,05montgomery
05nevada,05nevada
05newton,05newton
05ouachita,05ouachita
05perry,05perry
05phillips,05phillips
05pike,05pike
05poinsett,05poinsett
05polk,05polk
05pope,05pope
05prairie,05prairie
05pulaski,05pulaski
05randolph,05randolph
05saline,05saline
05scott,05scott
05searcy,05searcy
05sebastian,05sebastian
05sevier,05sevier
05sharp,05sharp
05st. francis,05st.francis
05stone,05stone
05union,05union
05van buren,05vanburen
05washington,05washington
05white,05white
05woodruff,05woodruff
05yell,05yell
06alameda,06alameda
06alpine,06alpine
06amador,06amador
06butte,06butte
06calaveras,06calaveras
06colusa,06colusa
06contra costa,06contracosta
06del norte,06delnorte
06el dorado,06eldorado
06fresno,06fresno
06glenn,06glenn
06humboldt,06humboldt
06imperial,06imperial
06inyo,06inyo
06kern,06kern
06kings,06kings
06lake,06lake
06lassen,06lassen
06los angeles,06losangeles
06madera,06madera
06marin,06marin
06mariposa,06mariposa
06mendocino,06mendocino
06merced,06merced
06modoc,06modoc
06mono,06mono
06monterey,06monterey
06napa,06napa
06nevada,06nevada
06orange,06orange
06placer,06placer
06plumas,06plumas
06riverside,06riverside
06sacramento,06sacramento
06san benito,06sanbenito
06san bernardino,06santabarbara
06san diego,06sanmateo
06san francisco,06sanmateo
06san joaquin,06sanmateo
06san luis obispo,06sanmateo
06san mateo,06sanfrancisco
06santa barbara,06santabarbara
06santa clara,06santaclara
06santa cruz,06santaclara
06shasta,06shasta
06sierra,06sierra
06siskiyou,06siskiyou
06solano,06solano
06sonoma,06sonoma
06stanislaus,06stanislaus
06sutter,06sutter
06tehama,06tehama
06trinity,06trinity
06tulare,06tulare
06tuolumne,06tuolumne
06ventura,06ventura
06yolo,06yolo
06yuba,06yuba
08adams,08adams
08alamosa,08alamosa
08arapahoe,08arapahoe
08archuleta,08archuleta
08baca,08baca
08bent,08bent
08boulder,08boulder
08broomfield,08broomfield
08chaffee,08chaffee
08cheyenne,08cheyenne
08clear creek,08clearcreek
08conejos,08conejos
08costilla,08costilla
08crowley,08crowley
08custer,08custer
08delta,08delta
08denver,08denver
08dolores,08dolores
08douglas,08douglas
08eagle,08eagle
08el paso,08elpaso
08elbert,08elbert
08fremont,08fremont
08garfield,08garfield
08gilpin,08gilpin
08grand,08grand
08gunnison,08gunnison
08hinsdale,08hinsdale
08huerfano,08huerfano
08jackson,08jackson
08jefferson,08jefferson
08kiowa,08kiowa
08kit carson,08kitcarson
08la plata,08laplata
08lake,08lake
08larimer,08larimer
08las animas,08lasanimas
08lincoln,08lincoln
08logan,08logan
08mesa,08mesa
08mineral,08mineral
08moffat,08moffat
08montezuma,08montezuma
08montrose,08montrose
08morgan,08morgan
08otero,08otero
08ouray,08ouray
08park,08park
08phillips,08phillips
08pitkin,08pitkin
08prowers,08prowers
08pueblo,08pueblo
08rio blanco,08rioblanco
08rio grande,08riogrande
08routt,08routt
08saguache,08saguache
08san juan,08sanjuan
08san miguel,08sanjuan
08sedgwick,08sedgwick
08summit,08summit
08teller,08teller
08washington,08washington
08weld,08weld
08yuma,08yuma
09fairfield,09fairfield
09hartford,09hartford
09litchfield,09litchfield
09middlesex,09middlesex
09new haven,09newlondon
09new london,09newlondon
09tolland,09tolland
09windham,09windham
10kent,10kent
10new castle,10newcastle
10sussex,10sussex
11district of columbia,13gordon
12alachua,12alachua
12baker,12baker
12bay,12bay
12bradford,12bradford
12brevard,12brevard
12broward,12broward
12calhoun,12calhoun
12charlotte,12charlotte
12citrus,12citrus
12clay,12clay
12collier,12collier
12columbia,12columbia
12desoto,12desoto
12dixie,12dixie
12duval,12duval
12escambia,12escambia
12flagler,12flagler
12franklin,12franklin
12gadsden,12gadsden
12gilchrist,12gilchrist
12glades,12glades
12gulf,12gulf
12hamilton,12hamilton
12hardee,12hardee
12hendry,12hendry
12hernando,12hernando
12highlands,12highlands
12hillsborough,12hillsborough
12holmes,12holmes
12indian river,12indianriver
12jackson,12jackson
12jefferson,12jefferson
12lafayette,12lafayette
12lake,12lake
12lee,12lee
12leon,12leon
12levy,12levy
12liberty,12liberty
12madison,12madison
12manatee,12manatee
12marion,12marion
12martin,12martin
12miami-dade,12miami-dade
12monroe,12monroe
12nassau,12nassau
12okaloosa,12okaloosa
12okeechobee,12okeechobee
12orange,12orange
12osceola,12osceola
12palm beach,12palmbeach
12pasco,12pasco
12pinellas,12pinellas
12polk,12polk
12putnam,12putnam
12santa rosa,12santarosa
12sarasota,12sarasota
12seminole,12seminole
12st. johns,12st.johns
12st. lucie,12st.lucie
12sumter,12sumter
12suwannee,12suwannee
12taylor,12taylor
12union,12union
12volusia,12volusia
12wakulla,12wakulla
12walton,12walton
12washington,12washington
13appling,13appling
13atkinson,13atkinson
13bacon,13bacon
13baker,13baker
13baldwin,13baldwin
13banks,13banks
13barrow,13barrow
13bartow,13bartow
13ben hill,13benhill
13berrien,13berrien
13bibb,13bibb
13bleckley,13bleckley
13brantley,13brantley
13brooks,13brooks
13bryan,13bryan
13bulloch,13bulloch
13burke,13burke
13butts,13butts
13calhoun,13calhoun
13camden,13camden
13candler,13candler
13carroll,13carroll
13catoosa,13catoosa
13charlton,13charlton
13chatham,13chatham
13chattahoochee,13chattahoochee
13chattooga,13chattooga
13cherokee,13cherokee
13clarke,13clarke
13clay,13clay
13clayton,13clayton
13clinch,13clinch
13cobb,13cobb
13coffee,13coffee
13colquitt,13colquitt
13columbia,13columbia
13cook,13cook
13coweta,13coweta
13crawford,13crawford
13crisp,13crisp
13dade,13dade
13dawson,13dawson
13decatur,13decatur
13dekalb,13dekalb
13dodge,13dodge
13dooly,13dooly
13dougherty,13dougherty
13douglas,13douglas
13early,13early
13echols,13echols
13effingham,13effingham
13elbert,13elbert
13emanuel,13emanuel
13evans,13evans
13fannin,13fannin
13fayette,13fayette
13floyd,13floyd
13forsyth,13forsyth
13franklin,13franklin
13fulton,13fulton
13gilmer,13gilmer
13glascock,13glascock
13glynn,13glynn
13gordon,13gordon
13grady,13grady
13greene,13greene
13gwinnett,13gwinnett
13habersham,13habersham
13hall,13hall
13hancock,13hancock
13haralson,13haralson
13harris,13harris
13hart,13hart
13heard,13heard
13henry,13henry
13houston,13houston
13irwin,13irwin
13jackson,13jackson
13jasper,13jasper
13jeff davis,13jefferson
13jefferson,13jefferson
13jenkins,13jenkins
13johnson,13johnson
13jones,13jones
13lamar,13lamar
13lanier,13lanier
13laurens,13laurens
13lee,13lee
13liberty,13liberty
13lincoln,13lincoln
13long,13long
13lowndes,13lowndes
13lumpkin,13lumpkin
13macon,13macon
13madison,13madison
13marion,13marion
13mcduffie,13mcduffie
13mcintosh,13mcintosh
13meriwether,13meriwether
13miller,13miller
13mitchell,13mitchell
13monroe,13monroe
13montgomery,13montgomery
13morgan,13morgan
13murray,13murray
13muscogee,13muscogee
13newton,13newton
13oconee,13oconee
13oglethorpe,13oglethorpe
13paulding,13paulding
13peach,13peach
13pickens,13pickens
13pierce,13pierce
13pike,13pike
13polk,13polk
13pulaski,13pulaski
13putnam,13putnam
13quitman,13quitman
13rabun,13rabun
13randolph,13randolph
13richmond,13richmond
13rockdale,13rockdale
13schley,13schley
13screven,13screven
13seminole,13seminole
13spalding,13spalding
13stephens,13stephens
13stewart,13stewart
13sumter,13sumter
13talbot,13talbot
13taliaferro,13taliaferro
13tattnall,13tattnall
13taylor,13taylor
13telfair,13telfair
13terrell,13terrell
13thomas,13thomas
13tift,13tift
13toombs,13toombs
13towns,13towns
13treutlen,13treutlen
13troup,13troup
13turner,13turner
13twiggs,13twiggs
13union,13union
13upson,13upson
13walker,13walker
13walton,13walton
13ware,13ware
13warren,13warren
13washington,13washington
13wayne,13wayne
13webster,13webster
13wheeler,13wheeler
13white,13white
13whitfield,13whitfield
13wilcox,13wilcox
13wilkes,13wilkes
13wilkinson,13wilkinson
13worth,13worth
15hawaii,15hawaiʻi
15honolulu,15honolulu
15kalawao,15kalawao
15kauai,15kauaʻi
15maui,15maui
16ada,16ada
16adams,16adams
16bannock,16bannock
16bear lake,16bearlake
16benewah,16benewah
16bingham,16bingham
16blaine,16blaine
16boise,16boise
16bonner,16bonner
16bonneville,16bonneville
16boundary,16boundary
16butte,16butte
16camas,16camas
16canyon,16canyon
16caribou,16caribou
16cassia,16cassia
16clark,16clark
16clearwater,16clearwater
16custer,16custer
16elmore,16elmore
16franklin,16franklin
16fremont,16fremont
16gem,16gem
16gooding,16gooding
16idaho,16idaho
16jefferson,16jefferson
16jerome,16jerome
16kootenai,16kootenai
16latah,16latah
16lemhi,16lemhi
16lewis,16lewis
16lincoln,16lincoln
16madison,16madison
16minidoka,16minidoka
16nez perce,16nezperce
16oneida,16oneida
16owyhee,16owyhee
16payette,16payette
16power,16power
16shoshone,16shoshone
16teton,16teton
16twin falls,16twinfalls
16valley,16valley
16washington,16washington
17adams,17adams
17alexander,17alexander
17bond,17bond
17boone,17boone
17brown,17brown
17bureau,17bureau
17calhoun,17calhoun
17carroll,17carroll
17cass,17cass
17champaign,17champaign
17christian,17christian
17clark,17clark
17clay,17clay
17clinton,17clinton
17coles,17coles
17cook,17cook
17crawford,17crawford
17cumberland,17cumberland
17de witt,17dewitt
17dekalb,17dekalb
17douglas,17douglas
17dupage,17dupage
17edgar,17edgar
17edwards,17edwards
17effingham,17effingham
17fayette,17fayette
17ford,17ford
17franklin,17franklin
17fulton,17fulton
17gallatin,17gallatin
17greene,17greene
17grundy,17grundy
17hamilton,17hamilton
17hancock,17hancock
17hardin,17hardin
17henderson,17henderson
17henry,17henry
17iroquois,17iroquois
17jackson,17jackson
17jasper,17jasper
17jefferson,17jefferson
17jersey,17jersey
17jo daviess,17johnson
17johnson,17johnson
17kane,17kane
17kankakee,17kankakee
17kendall,17kendall
17knox,17knox
17lake,17lake
17lasalle,17lasalle
17lawrence,17lawrence
17lee,17lee
17livingston,17livingston
17logan,17logan
17macon,17macon
17macoupin,17macoupin
17madison,17madison
17marion,17marion
17marshall,17marshall
17mason,17mason
17massac,17massac
17mcdonough,17mcdonough
17mchenry,17mchenry
17mclean,17mclean
17menard,17menard
17mercer,17mercer
17monroe,17monroe
17montgomery,17montgomery
17morgan,17morgan
17moultrie,17moultrie
17ogle,17ogle
17peoria,17peoria
17perry,17perry
17piatt,17piatt
17pike,17pike
17pope,17pope
17pulaski,17pulaski
17putnam,17putnam
17randolph,17randolph
17richland,17richland
17rock island,17rockisland
17saline,17saline
17sangamon,17sangamon
17schuyler,17schuyler
17scott,17scott
17shelby,17shelby
17st. clair,17st.clair
17stark,17stark
17stephenson,17stephenson
17tazewell,17tazewell
17union,17union
17vermilion,17vermilion
17wabash,17wabash
17warren,17warren
17washington,17washington
17wayne,17wayne
17white,17white
17whiteside,17whiteside
17will,17will
17williamson,17williamson
17winnebago,17winnebago
17woodford,17woodford
18adams,18adams
18allen,18allen
18bartholomew,18bartholomew
18benton,18benton
18blackford,18blackford
18boone,18boone
18brown,18brown
18carroll,18carroll
18cass,18cass
18clark,18clark
18clay,18clay
18clinton,18clinton
18crawford,18crawford
18daviess,18daviess
18dearborn,18dearborn
18decatur,18decatur
18dekalb,18dekalb
18delaware,18delaware
18dubois,18dubois
18elkhart,18elkhart
18fayette,18fayette
18floyd,18floyd
18fountain,18fountain
18franklin,18franklin
18fulton,18fulton
18gibson,18gibson
18grant,18grant
18greene,18greene
18hamilton,18hamilton
18hancock,18hancock
18harrison,18harrison
18hendricks,18hendricks
18henry,18henry
18howard,18howard
18huntington,18huntington
18jackson,18jackson
18jasper,18jasper
18jay,18jay
18jefferson,18jefferson
18jennings,18jennings
18johnson,18johnson
18knox,18knox
18kosciusko,18kosciusko
18lagrange,18lagrange
18lake,18lake
18laporte,18laporte
18lawrence,18lawrence
18madison,18madison
18marion,18marion
18marshall,18marshall
18martin,18martin
18miami,18miami
18monroe,18monroe
18montgomery,18montgomery
18morgan,18morgan
18newton,18newton
18noble,18noble
18ohio,18ohio
18orange,18orange
18owen,18owen
18parke,18parke
18perry,18perry
18pike,18pike
18porter,18porter
18posey,18posey
18pulaski,18pulaski
18putnam,18putnam
18randolph,18randolph
18ripley,18ripley
18rush,18rush
18scott,18scott
18shelby,18shelby
18spencer,18spencer
18st. joseph,18st.joseph
18starke,18starke
18steuben,18steuben
18sullivan,18sullivan
18switzerland,18switzerland
18tippecanoe,18tippecanoe
18tipton,18tipton
18union,18union
18vanderburgh,18vanderburgh
18vermillion,18vermillion
18vigo,18vigo
18wabash,18wabash
18warren,18warren
18warrick,18warrick
18washington,18washington
18wayne,18wayne
18wells,18wells
18white,18white
18whitley,18whitley
19adair,19adair
19adams,19adams
19allamakee,19allamakee
19appanoose,19appanoose
19audubon,19audubon
19benton,19benton
19black hawk,19blackhawk
19boone,19boone
19bremer,19bremer
19buchanan,19buchanan
19buena vista,19buenavista
19butler,19butler
19calhoun,19calhoun
19carroll,19carroll
19cass,19cass
19cedar,19cedar
19cerro gordo,19cerrogordo
19cherokee,19cherokee
19chickasaw,19chickasaw
19clarke,19clarke
19clay,19clay
19clayton,19clayton
19clinton,19clinton
19crawford,19crawford
19dallas,19dallas
19davis,19davis
19decatur,19decatur
19delaware,19delaware
19des moines,19desmoines
19dickinson,19dickinson
19dubuque,19dubuque
19emmet,19emmet
19fayette,19fayette
19floyd,19floyd
19franklin,19franklin
19fremont,19fremont
19greene,19greene
19grundy,19grundy
19guthrie,19guthrie
19hamilton,19hamilton
19hancock,19hancock
19hardin,19hardin
19harrison,19harrison
19henry,19henry
19howard,19howard
19humboldt,19humboldt
19ida,19ida
19iowa,19iowa
19jackson,19jackson
19jasper,19jasper
19jefferson,19jefferson
19johnson,19johnson
19jones,19jones
19keokuk,19keokuk
19kossuth,19kossuth
19lee,19lee
19linn,19linn
19louisa,19louisa
19lucas,19lucas
19lyon,19lyon
19madison,19madison
19mahaska,19mahaska
19marion,19marion
19marshall,19marshall
19mills,19mills
19mitchell,19mitchell
19monona,19monona
19monroe,19monroe
19montgomery,19montgomery
19muscatine,19muscatine
19o'brien,19o'brien
19osceola,19osceola
19page,19page
19palo alto,19paloalto
19plymouth,19plymouth
19pocahontas,19pocahontas
19polk,19polk
19pottawattamie,19pottawattamie
19poweshiek,19poweshiek
19ringgold,19ringgold
19sac,19sac
19scott,19scott
19shelby,19shelby
19sioux,19sioux
19story,19story
19tama,19tama
19taylor,19taylor
19union,19union
19van buren,19vanburen
19wapello,19wapello
19warren,19warren
19washington,19washington
19wayne,19wayne
19webster,19webster
19winnebago,19winnebago
19winneshiek,19winneshiek
19woodbury,19woodbury
19worth,19worth
19wright,19wright
20allen,20allen
20anderson,20anderson
20atchison,20atchison
20barber,20barber
20barton,20barton
20bourbon,20bourbon
20brown,20brown
20butler,20butler
20chase,20chase
20chautauqua,20chautauqua
20cherokee,20cherokee
20cheyenne,20cheyenne
20clark,20clark
20clay,20clay
20cloud,20cloud
20coffey,20coffey
20comanche,20comanche
20cowley,20cowley
20crawford,20crawford
20decatur,20decatur
20dickinson,20dickinson
20doniphan,20doniphan
20douglas,20douglas
20edwards,20edwards
20elk,20elk
20ellis,20ellis
20ellsworth,20ellsworth
20finney,20finney
20ford,20ford
20franklin,20franklin
20geary,20geary
20gove,20gove
20graham,20graham
20grant,20grant
20gray,20gray
20greeley,20greeley
20greenwood,20greenwood
20hamilton,20hamilton
20harper,20harper
20harvey,20harvey
20haskell,20haskell
20hodgeman,20hodgeman
20jackson,20jackson
20jefferson,20jefferson
20jewell,20jewell
20johnson,20johnson
20kearny,20kearny
20kingman,20kingman
20kiowa,20kiowa
20labette,20labette
20lane,20lane
20leavenworth,20leavenworth
20lincoln,20lincoln
20linn,20linn
20logan,20logan
20lyon,20lyon
20marion,20marion
20marshall,20marshall
20mcpherson,20mcpherson
20meade,20meade
20miami,20miami
20mitchell,20mitchell
20montgomery,20montgomery
20morris,20morris
20morton,20morton
20nemaha,20nemaha
20neosho,20neosho
20ness,20ness
20norton,20norton
20osage,20osage
20osborne,20osborne
20ottawa,20ottawa
20pawnee,20pawnee
20phillips,20phillips
20pottawatomie,20pottawatomie
20pratt,20pratt
20rawlins,20rawlins
20reno,20reno
20republic,20republic
20rice,20rice
20riley,20riley
20rooks,20rooks
20rush,20rush
20russell,20russell
20saline,20saline
20scott,20scott
20sedgwick,20sedgwick
20seward,20seward
20shawnee,20shawnee
20sheridan,20sheridan
20sherman,20sherman
20smith,20smith
20stafford,20stafford
20stanton,20stanton
20stevens,20stevens
20sumner,20sumner
20thomas,20thomas
20trego,20trego
20wabaunsee,20wabaunsee
20wallace,20wallace
20washington,20washington
20wichita,20wichita
20wilson,20wilson
20woodson,20woodson
20wyandotte,20wyandotte
21adair,21adair
21allen,21allen
21anderson,21anderson
21ballard,21ballard
21barren,21barren
21bath,21bath
21bell,21bell
21boone,21boone
21bourbon,21bourbon
21boyd,21boyd
21boyle,21boyle
21bracken,21bracken
21breathitt,21breathitt
21breckinridge,21breckinridge
21bullitt,21bullitt
21butler,21butler
21caldwell,21caldwell
21calloway,21calloway
21campbell,21campbell
21carlisle,21carlisle
21carroll,21carroll
21carter,21carter
21casey,21casey
21christian,21christian
21clark,21clark
21clay,21clay
21clinton,21clinton
21crittenden,21crittenden
21cumberland,21cumberland
21daviess,21daviess
21edmonson,21edmonson
21elliott,21elliott
21estill,21estill
21fayette,21fayette
21fleming,21fleming
21floyd,21floyd
21franklin,21franklin
21fulton,21fulton
21gallatin,21gallatin
21garrard,21garrard
21grant,21grant
21graves,21graves
21grayson,21grayson
21green,21green
21greenup,21greenup
21hancock,21hancock
21hardin,21hardin
21harlan,21harlan
21harrison,21harrison
21hart,21hart
21henderson,21henderson
21henry,21henry
21hickman,21hickman
21hopkins,21hopkins
21jackson,21jackson
21jefferson,21jefferson
21jessamine,21jessamine
21johnson,21johnson
21kenton,21kenton
21knott,21knott
21knox,21knox
21larue,21larue
21laurel,21laurel
21lawrence,21lawrence
21lee,21lee
21leslie,21leslie
21letcher,21letcher
21lewis,21lewis
21lincoln,21lincoln
21livingston,21livingston
21logan,21logan
21lyon,21lyon
21madison,21madison
21magoffin,21magoffin
21marion,21marion
21marshall,21marshall
21martin,21martin
21mason,21mason
21mccracken,21mccracken
21mccreary,21mccreary
21mclean,21mclean
21meade,21meade
21menifee,21menifee
21mercer,21mercer
21metcalfe,21metcalfe
21monroe,21monroe
21montgomery,21montgomery
21morgan,21morgan
21muhlenberg,21muhlenberg
21nelson,21nelson
21nicholas,21nicholas
21ohio,21ohio
21oldham,21oldham
21owen,21owen
21owsley,21owsley
21pendleton,21pendleton
21perry,21perry
21pike,21pike
21powell,21powell
21pulaski,21pulaski
21robertson,21robertson
21rockcastle,21rockcastle
21rowan,21rowan
21russell,21russell
21scott,21scott
21shelby,21shelby
21simpson,21simpson
21spencer,21spencer
21taylor,21taylor
21todd,21todd
21trigg,21trigg
21trimble,21trimble
21union,21union
21warren,21warren
21washington,21washington
21wayne,21wayne
21webster,21webster
21whitley,21whitley
21wolfe,21wolfe
21woodford,21woodford
22acadia parish,22acadia
22allen parish,22allen
22ascension parish,22ascension
22assumption parish,22assumption
22avoyelles parish,22avoyelles
22beauregard parish,22beauregard
22bienville parish,22bienville
22bossier parish,22bossier
22caddo parish,22caddo
22calcasieu parish,22calcasieu
22caldwell parish,22caldwell
22cameron parish,22cameron
22catahoula parish,22catahoula
22claiborne parish,22claiborne
22concordia parish,22concordia
22de soto parish,22desoto
22east baton rouge parish,22eastcarroll
22east carroll parish,22eastfeliciana
22east feliciana parish,22eastfeliciana
22evangeline parish,22evangeline
22franklin parish,22franklin
22grant parish,22grant
22iberia parish,22iberia
22iberville parish,22iberville
22jackson parish,22jackson
22jefferson davis parish,22jefferson
22jefferson parish,22jefferson
22lafayette parish,22lafayette
22lafourche parish,22lafourche
22lasalle parish,22lasalle
22lincoln parish,22lincoln
22livingston parish,22livingston
22madison parish,22madison
22morehouse parish,22morehouse
22natchitoches parish,22natchitoches
22orleans parish,22orleans
22ouachita parish,22ouachita
22plaquemines parish,22plaquemines
22pointe coupee parish,22pointecoupee
22rapides parish,22rapides
22red river parish,22redriver
22richland parish,22richland
22sabine parish,22sabine
22st. bernard parish,22st.bernard
22st. charles parish,22st.charles
22st. helena parish,22st.helena
22st. james parish,22st.james
22st. john the baptist parish,22st.johnthebaptist
22st. landry parish,22st.landry
22st. martin parish,22st.martin
22st. mary parish,22st.mary
22st. tammany parish,22st.tammany
22tangipahoa parish,22tangipahoa
22tensas parish,22tensas
22terrebonne parish,22terrebonne
22union parish,22union
22vermilion parish,22vermilion
22vernon parish,22vernon
22washington parish,22washington
22webster parish,22webster
22west baton rouge parish,22westfeliciana
22west carroll parish,22westfeliciana
22west feliciana parish,22westfeliciana
22winn parish,22winn
23androscoggin,23androscoggin
23aroostook,23aroostook
23cumberland,23cumberland
23franklin,23franklin
23hancock,23hancock
23kennebec,23kennebec
23knox,23knox
23lincoln,23lincoln
23oxford,23oxford
23penobscot,23penobscot
23piscataquis,23piscataquis
23sagadahoc,23sagadahoc
23somerset,23somerset
23waldo,23waldo
23washington,23washington
23york,23york
24allegany,24allegany
24anne arundel,24annearundel
24baltimore,24baltimore
24baltimore city,24baltimore
24calvert,24calvert
24caroline,24caroline
24carroll,24carroll
24cecil,24cecil
24charles,24charles
24dorchester,24dorchester
24frederick,24frederick
24garrett,24garrett
24harford,24harford
24howard,24howard
24kent,24kent
24montgomery,24montgomery
24prince george's,24princegeorge's
24queen anne's,24queenanne's
24somerset,24somerset
24st. mary's,24st.mary's
24talbot,24talbot
24washington,24washington
24wicomico,24wicomico
24worcester,24worcester
25barnstable,25barnstable
25berkshire,25berkshire
25bristol,25bristol
25dukes,25dukes
25essex,25essex
25franklin,25franklin
25hampden,25hampden
25hampshire,25hampshire
25middlesex,25middlesex
25nantucket,25nantucket
25norfolk,25norfolk
25plymouth,25plymouth
25suffolk,25suffolk
25worcester,25worcester
26alcona,26alcona
26alger,26alger
26allegan,26allegan
26alpena,26alpena
26antrim,26antrim
26arenac,26arenac
26baraga,26baraga
26barry,26barry
26bay,26bay
26benzie,26benzie
26berrien,26berrien
26branch,26branch
26calhoun,26calhoun
26cass,26cass
26charlevoix,26charlevoix
26cheboygan,26cheboygan
26chippewa,26chippewa
26clare,26clare
26clinton,26clinton
26crawford,26crawford
26delta,26delta
26dickinson,26dickinson
26eaton,26eaton
26emmet,26emmet
26genesee,26genesee
26gladwin,26gladwin
26gogebic,26gogebic
26grand traverse,26grandtraverse
26gratiot,26gratiot
26hillsdale,26hillsdale
26houghton,26houghton
26huron,26huron
26ingham,26ingham
26ionia,26ionia
26iosco,26iosco
26iron,26iron
26isabella,26isabella
26jackson,26jackson
26kalamazoo,26kalamazoo
26kalkaska,26kalkaska
26kent,26kent
26keweenaw,26keweenaw
26lake,26lake
26lapeer,26lapeer
26leelanau,26leelanau
26lenawee,26lenawee
26livingston,26livingston
26luce,26luce
26mackinac,26mackinac
26macomb,26macomb
26manistee,26manistee
26marquette,26marquette
26mason,26mason
26mecosta,26mecosta
26menominee,26menominee
26midland,26midland
26missaukee,26missaukee
26monroe,26monroe
26montcalm,26montcalm
26montmorency,26montmorency
26muskegon,26muskegon
26newaygo,26newaygo
26oakland,26oakland
26oceana,26oceana
26ogemaw,26ogemaw
26ontonagon,26ontonagon
26osceola,26osceola
26oscoda,26oscoda
26otsego,26otsego
26ottawa,26ottawa
26presque isle,26presqueisle
26roscommon,26roscommon
26saginaw,26saginaw
26sanilac,26sanilac
26schoolcraft,26schoolcraft
26shiawassee,26shiawassee
26st. clair,26st.clair
26st. joseph,26st.joseph
26tuscola,26tuscola
26van buren,26vanburen
26washtenaw,26washtenaw
26wayne,26wayne
26wexford,26wexford
27aitkin,27aitkin
27anoka,27anoka
27becker,27becker
27beltrami,27beltrami
27benton,27benton
27big stone,27bigstone
27blue earth,27blueearth
27brown,27brown
27carlton,27carlton
27carver,27carver
27cass,27cass
27chippewa,27chippewa
27chisago,27chisago
27clay,27clay
27clearwater,27clearwater
27cook,27cook
27cottonwood,27cottonwood
27crow wing,27crowwing
27dakota,27dakota
27dodge,27dodge
27douglas,27douglas
27faribault,27faribault
27fillmore,27fillmore
27freeborn,27freeborn
27goodhue,27goodhue
27grant,27grant
27hennepin,27hennepin
27houston,27houston
27hubbard,27hubbard
27isanti,27isanti
27itasca,27itasca
27jackson,27jackson
27kanabec,27kanabec
27kandiyohi,27kandiyohi
27kittson,27kittson
27koochiching,27koochiching
27lac qui parle,27lacquiparle
27lake,27lake
27lake of the woods,27lakeofthewoods
27le sueur,27lesueur
27lincoln,27lincoln
27lyon,27lyon
27mahnomen,27mahnomen
27marshall,27marshall
27martin,27martin
27mcleod,27mcleod
27meeker,27meeker
27mille lacs,27millelacs
27morrison,27morrison
27mower,27mower
27murray,27murray
27nicollet,27nicollet
27nobles,27nobles
27norman,27norman
27olmsted,27olmsted
27otter tail,27ottertail
27pennington,27pennington
27pine,27pine
27pipestone,27pipestone
27polk,27polk
27pope,27pope
27ramsey,27ramsey
27red lake,27redlake
27redwood,27redwood
27renville,27renville
27rice,27rice
27rock,27rock
27roseau,27roseau
27scott,27scott
27sherburne,27sherburne
27sibley,27sibley
27st. louis,27st.louis
27stearns,27stearns
27steele,27steele
27stevens,27stevens
27swift,27swift
27todd,27todd
27traverse,27traverse
27wabasha,27wabasha
27wadena,27wadena
27waseca,27waseca
27washington,27washington
27watonwan,27watonwan
27wilkin,27wilkin
27winona,27winona
27wright,27wright
27yellow medicine,27yellowmedicine
28adams,28adams
28alcorn,28alcorn
28amite,28amite
28attala,28attala
28benton,28benton
28bolivar,28bolivar
28calhoun,28calhoun
28carroll,28carroll
28chickasaw,28chickasaw
28choctaw,28choctaw
28claiborne,28claiborne
28clarke,28clarke
28clay,28clay
28coahoma,28coahoma
28copiah,28copiah
28covington,28covington
28desoto,28desoto
28forrest,28forrest
28franklin,28franklin
28george,28george
28greene,28greene
28grenada,28grenada
28hancock,28hancock
28harrison,28harrison
28hinds,28hinds
28holmes,28holmes
28humphreys,28humphreys
28issaquena,28issaquena
28itawamba,28itawamba
28jackson,28jackson
28jasper,28jasper
28jefferson,28jefferson
28jefferson davis,28jefferson
28jones,28jones
28kemper,28kemper
28lafayette,28lafayette
28lamar,28lamar
28lauderdale,28lauderdale
28lawrence,28lawrence
28leake,28leake
28lee,28lee
28leflore,28leflore
28lincoln,28lincoln
28lowndes,28lowndes
28madison,28madison
28marion,28marion
28marshall,28marshall
28monroe,28monroe
28montgomery,28montgomery
28neshoba,28neshoba
28newton,28newton
28noxubee,28noxubee
28oktibbeha,28oktibbeha
28panola,28panola
28pearl river,28pearlriver
28perry,28perry
28pike,28pike
28pontotoc,28pontotoc
28prentiss,28prentiss
28quitman,28quitman
28rankin,28rankin
28scott,28scott
28sharkey,28sharkey
28simpson,28simpson
28smith,28smith
28stone,28stone
28sunflower,28sunflower
28tallahatchie,28tallahatchie
28tate,28tate
28tippah,28tippah
28tishomingo,28tishomingo
28tunica,28tunica
28union,28union
28walthall,28walthall
28warren,28warren
28washington,28washington
28wayne,28wayne
28webster,28webster
28wilkinson,28wilkinson
28winston,28winston
28yalobusha,28yalobusha
28yazoo,28yazoo
29adair,29adair
29andrew,29andrew
29atchison,29atchison
29audrain,29audrain
29barry,29barry
29barton,29barton
29bates,29bates
29benton,29benton
29bollinger,29bollinger
29boone,29boone
29buchanan,29buchanan
29butler,29butler
29caldwell,29caldwell
29callaway,29callaway
29camden,29camden
29cape girardeau,29capegirardeau
29carroll,29carroll
29carter,29carter
29cass,29cass
29cedar,29cedar
29chariton,29chariton
29christian,29christian
29clark,29clark
29clay,29clay
29clinton,29clinton
29cole,29cole
29cooper,29cooper
29crawford,29crawford
29dade,29dade
29dallas,29dallas
29daviess,29daviess
29dekalb,29dekalb
29dent,29dent
29douglas,29douglas
29dunklin,29dunklin
29franklin,29franklin
29gasconade,29gasconade
29gentry,29gentry
29greene,29greene
29grundy,29grundy
29harrison,29harrison
29henry,29henry
29hickory,29hickory
29holt,29holt
29howard,29howard
29howell,29howell
29iron,29iron
29jackson,29jackson
29jasper,29jasper
29jefferson,29jefferson
29johnson,29johnson
29knox,29knox
29laclede,29laclede
29lafayette,29lafayette
29lawrence,29lawrence
29lewis,29lewis
29lincoln,29lincoln
29linn,29linn
29livingston,29livingston
29macon,29macon
29madison,29madison
29maries,29maries
29marion,29marion
29mcdonald,29mcdonald
29mercer,29mercer
29miller,29miller
29mississippi,29mississippi
29moniteau,29moniteau
29monroe,29monroe
29montgomery,29montgomery
29morgan,29morgan
29new madrid,29newmadrid
29newton,29newton
29nodaway,29nodaway
29oregon,29oregon
29osage,29osage
29ozark,29ozark
29pemiscot,29pemiscot
29perry,29perry
29pettis,29pettis
29phelps,29phelps
29pike,29pike
29platte,29platte
29polk,29polk
29pulaski,29pulaski
29putnam,29putnam
29ralls,29ralls
29randolph,29randolph
29ray,29ray
29reynolds,29reynolds
29ripley,29ripley
29saline,29saline
29schuyler,29schuyler
29scotland,29scotland
29scott,29scott
29shannon,29shannon
29shelby,29shelby
29st. charles,29st.charles
29st. clair,29st.clair
29st. francois,29st.francois
29st. louis,29st.louis
29st. louis city,29st.louis
29ste. genevieve,29ste.genevieve
29stoddard,29stoddard
29stone,29stone
29sullivan,29sullivan
29taney,29taney
29texas,29texas
29vernon,29vernon
29warren,29warren
29washington,29washington
29wayne,29wayne
29webster,29webster
29worth,29worth
29wright,29wright
30beaverhead,30beaverhead
30big horn,30bighorn
30blaine,30blaine
30broadwater,30broadwater
30carbon,30carbon
30carter,30carter
30cascade,30cascade
30chouteau,30chouteau
30custer,30custer
30daniels,30daniels
30dawson,30dawson
30deer lodge,30deerlodge
30fallon,30fallon
30fergus,30fergus
30flathead,30flathead
30gallatin,30gallatin
30garfield,30garfield
30glacier,30glacier
30golden valley,30goldenvalley
30granite,30granite
30hill,30hill
30jefferson,30jefferson
30judith basin,30judithbasin
30lake,30lake
30lewis and clark,30lewisandclark
30liberty,30liberty
30lincoln,30lincoln
30madison,30madison
30mccone,30mccone
30meagher,30meagher
30mineral,30mineral
30missoula,30missoula
30musselshell,30musselshell
30park,30park
30petroleum,30petroleum
30phillips,30phillips
30pondera,30pondera
30powder river,30powderriver
30powell,30powell
30prairie,30prairie
30ravalli,30ravalli
30richland,30richland
30roosevelt,30roosevelt
30rosebud,30rosebud
30sanders,30sanders
30sheridan,30sheridan
30silver bow,30silverbow
30stillwater,30stillwater
30sweet grass,30sweetgrass
30teton,30teton
30toole,30toole
30treasure,30treasure
30valley,30valley
30wheatland,30wheatland
30wibaux,30wibaux
30yellowstone,30yellowstone
31adams,31adams
31antelope,31antelope
31arthur,31arthur
31banner,31banner
31blaine,31blaine
31boone,31boone
31box butte,31boxbutte
31boyd,31boyd
31brown,31brown
31buffalo,31buffalo
31burt,31burt
31butler,31butler
31cass,31cass
31cedar,31cedar
31chase,31chase
31cherry,31cherry
31cheyenne,31cheyenne
31clay,31clay
31colfax,31colfax
31cuming,31cuming
31custer,31custer
31dakota,31dakota
31dawes,31dawes
31dawson,31dawson
31deuel,31deuel
31dixon,31dixon
31dodge,31dodge
31douglas,31douglas
31dundy,31dundy
31fillmore,31fillmore
31franklin,31franklin
31frontier,31frontier
31furnas,31furnas
31gage,31gage
31garden,31garden
31garfield,31garfield
31gosper,31gosper
31grant,31grant
31greeley,31greeley
31hall,31hall
31hamilton,31hamilton
31harlan,31harlan
31hayes,31hayes
31hitchcock,31hitchcock
31holt,31holt
31hooker,31hooker
31howard,31howard
31jefferson,31jefferson
31johnson,31johnson
31kearney,31kearney
31keith,31keith
31keya paha,31keyapaha
31kimball,31kimball
31knox,31knox
31lancaster,31lancaster
31lincoln,31lincoln
31logan,31logan
31loup,31loup
31madison,31madison
31mcpherson,31mcpherson
31merrick,31merrick
31morrill,31morrill
31nance,31nance
31nemaha,31nemaha
31nuckolls,31nuckolls
31otoe,31otoe
31pawnee,31pawnee
31perkins,31perkins
31phelps,31phelps
31pierce,31pierce
31platte,31platte
31polk,31polk
31red willow,31redwillow
31richardson,31richardson
31rock,31rock
31saline,31saline
31sarpy,31sarpy
31saunders,31saunders
31scotts bluff,31scottsbluff
31seward,31seward
31sheridan,31sheridan
31sherman,31sherman
31sioux,31sioux
31stanton,31stanton
31thayer,31thayer
31thomas,31thomas
31thurston,31thurston
31valley,31valley
31washington,31washington
31wayne,31wayne
31webster,31webster
31wheeler,31wheeler
31york,31york
32carson city,32carsoncity
32churchill,32churchill
32clark,32clark
32douglas,32douglas
32elko,32elko
32esmeralda,32esmeralda
32eureka,32eureka
32humboldt,32humboldt
32lander,32lander
32lincoln,32lincoln
32lyon,32lyon
32mineral,32mineral
32nye,32nye
32pershing,32pershing
32storey,32storey
32washoe,32washoe
32white pine,32whitepine
33belknap,33belknap
33carroll,33carroll
33cheshire,33cheshire
33coos,33coos
33grafton,33grafton
33hillsborough,33hillsborough
33merrimack,33merrimack
33rockingham,33rockingham
33strafford,33strafford
33sullivan,33sullivan
34atlantic,34atlantic
34bergen,34bergen
34burlington,34burlington
34camden,34camden
34cape may,34capemay
34cumberland,34cumberland
34essex,34essex
34gloucester,34gloucester
34hudson,34hudson
34hunterdon,34hunterdon
34mercer,34mercer
34middlesex,34middlesex
34monmouth,34monmouth
34morris,34morris
34ocean,34ocean
34passaic,34passaic
34salem,34salem
34somerset,34somerset
34sussex,34sussex
34union,34union
34warren,34warren
35bernalillo,35bernalillo
35catron,35catron
35chaves,35chaves
35cibola,35cibola
35colfax,35colfax
35curry,35curry
35de baca,35debaca
35doña ana,35donaana
35eddy,35eddy
35grant,35grant
35guadalupe,35guadalupe
35harding,35harding
35hidalgo,35hidalgo
35lea,35lea
35lincoln,35lincoln
35los alamos,35losalamos
35luna,35luna
35mckinley,35mckinley
35mora,35mora
35otero,35otero
35quay,35quay
35rio arriba,35rioarriba
35roosevelt,35roosevelt
35san juan,35sanjuan
35san miguel,35sanjuan
35sandoval,35sandoval
35santa fe,35santafe
35sierra,35sierra
35socorro,35socorro
35taos,35taos
35torrance,35torrance
35union,35union
35valencia,35valencia
36albany,36albany
36allegany,36allegany
36bronx,36bronx
36broome,36broome
36cattaraugus,36cattaraugus
36cayuga,36cayuga
36chautauqua,36chautauqua
36chemung,36chemung
36chenango,36chenango
36clinton,36clinton
36columbia,36columbia
36cortland,36cortland
36delaware,36delaware
36dutchess,36dutchess
36erie,36erie
36essex,36essex
36franklin,36franklin
36fulton,36fulton
36genesee,36genesee
36greene,36greene
36hamilton,36hamilton
36herkimer,36herkimer
36jefferson,36jefferson
36kings,36kings
36lewis,36lewis
36livingston,36livingston
36madison,36madison
36monroe,36monroe
36montgomery,36montgomery
36nassau,36nassau
36new york,36newyork
36niagara,36niagara
36oneida,36oneida
36onondaga,36onondaga
36ontario,36ontario
36orange,36orange
36orleans,36orleans
36oswego,36oswego
36otsego,36otsego
36putnam,36putnam
36queens,36queens
36rensselaer,36rensselaer
36richmond,36richmond
36rockland,36rockland
36saratoga,36saratoga
36schenectady,36schenectady
36schoharie,36schoharie
36schuyler,36schuyler
36seneca,36seneca
36st. lawrence,36st.lawrence
36steuben,36steuben
36suffolk,36suffolk
36sullivan,36sullivan
36tioga,36tioga
36tompkins,36tompkins
36ulster,36ulster
36warren,36warren
36washington,36washington
36wayne,36wayne
36westchester,36westchester
36wyoming,36wyoming
36yates,36yates
37alamance,37alamance
37alexander,37alexander
37alleghany,37alleghany
37anson,37anson
37ashe,37ashe
37avery,37avery
37beaufort,37beaufort
37bertie,37bertie
37bladen,37bladen
37brunswick,37brunswick
37buncombe,37buncombe
37burke,37burke
37cabarrus,37cabarrus
37caldwell,37caldwell
37camden,37camden
37carteret,37carteret
37caswell,37caswell
37catawba,37catawba
37chatham,37chatham
37cherokee,37cherokee
37chowan,37chowan
37clay,37clay
37cleveland,37cleveland
37columbus,37columbus
37craven,37craven
37cumberland,37cumberland
37currituck,37currituck
37dare,37dare
37davidson,37davidson
37davie,37davie
37duplin,37duplin
37durham,37durham
37edgecombe,37edgecombe
37forsyth,37forsyth
37franklin,37franklin
37gaston,37gaston
37gates,37gates
37graham,37graham
37granville,37granville
37greene,37greene
37guilford,37guilford
37halifax,37halifax
37harnett,37harnett
37haywood,37haywood
37henderson,37henderson
37hertford,37hertford
37hoke,37hoke
37hyde,37hyde
37iredell,37iredell
37jackson,37jackson
37johnston,37johnston
37jones,37jones
37lee,37lee
37lenoir,37lenoir
37lincoln,37lincoln
37macon,37macon
37madison,37madison
37martin,37martin
37mcdowell,37mcdowell
37mecklenburg,37mecklenburg
37mitchell,37mitchell
37montgomery,37montgomery
37moore,37moore
37nash,37nash
37new hanover,37newhanover
37northampton,37northampton
37onslow,37onslow
37orange,37orange
37pamlico,37pamlico
37pasquotank,37pasquotank
37pender,37pender
37perquimans,37perquimans
37person,37person
37pitt,37pitt
37polk,37polk
37randolph,37randolph
37richmond,37richmond
37robeson,37robeson
37rockingham,37rockingham
37rowan,37rowan
37rutherford,37rutherford
37sampson,37sampson
37scotland,37scotland
37stanly,37stanly
37stokes,37stokes
37surry,37surry
37swain,37swain
37transylvania,37transylvania
37tyrrell,37tyrrell
37union,37union
37vance,37vance
37wake,37wake
37warren,37warren
37washington,37washington
37watauga,37watauga
37wayne,37wayne
37wilkes,37wilkes
37wilson,37wilson
37yadkin,37yadkin
37yancey,37yancey
38adams,38adams
38barnes,38barnes
38benson,38benson
38billings,38billings
38bottineau,38bottineau
38bowman,38bowman
38burke,38burke
38burleigh,38burleigh
38cass,38cass
38cavalier,38cavalier
38dickey,38dickey
38divide,38divide
38dunn,38dunn
38eddy,38eddy
38emmons,38emmons
38foster,38foster
38golden valley,38goldenvalley
38grand forks,38grandforks
38grant,38grant
38griggs,38griggs
38hettinger,38hettinger
38kidder,38kidder
38lamoure,38lamoure
38logan,38logan
38mchenry,38mchenry
38mcintosh,38mcintosh
38mckenzie,38mckenzie
38mclean,38mclean
38mercer,38mercer
38morton,38morton
38mountrail,38mountrail
38nelson,38nelson
38oliver,38oliver
38pembina,38pembina
38pierce,38pierce
38ramsey,38ramsey
38ransom,38ransom
38renville,38renville
38richland,38richland
38rolette,38rolette
38sargent,38sargent
38sheridan,38sheridan
38sioux,38sioux
38slope,38slope
38stark,38stark
38steele,38steele
38stutsman,38stutsman
38towner,38towner
38traill,38traill
38walsh,38walsh
38ward,38ward
38wells,38wells
38williams,38williams
39adams,39adams
39allen,39allen
39ashland,39ashland
39ashtabula,39ashtabula
39athens,39athens
39auglaize,39auglaize
39belmont,39belmont
39brown,39brown
39butler,39butler
39carroll,39carroll
39champaign,39champaign
39clark,39clark
39clermont,39clermont
39clinton,39clinton
39columbiana,39columbiana
39coshocton,39coshocton
39crawford,39crawford
39cuyahoga,39cuyahoga
39darke,39darke
39defiance,39defiance
39delaware,39delaware
39erie,39erie
39fairfield,39fairfield
39fayette,39fayette
39franklin,39franklin
39fulton,39fulton
39gallia,39gallia
39geauga,39geauga
39greene,39greene
39guernsey,39guernsey
39hamilton,39hamilton
39hancock,39hancock
39hardin,39hardin
39harrison,39harrison
39henry,39henry
39highland,39highland
39hocking,39hocking
39holmes,39holmes
39huron,39huron
39jackson,39jackson
39jefferson,39jefferson
39knox,39knox
39lake,39lake
39lawrence,39lawrence
39licking,39licking
39logan,39logan
39lorain,39lorain
39lucas,39lucas
39madison,39madison
39mahoning,39mahoning
39marion,39marion
39medina,39medina
39meigs,39meigs
39mercer,39mercer
39miami,39miami
39monroe,39monroe
39montgomery,39montgomery
39morgan,39morgan
39morrow,39morrow
39muskingum,39muskingum
39noble,39noble
39ottawa,39ottawa
39paulding,39paulding
39perry,39perry
39pickaway,39pickaway
39pike,39pike
39portage,39portage
39preble,39preble
39putnam,39putnam
39richland,39richland
39ross,39ross
39sandusky,39sandusky
39scioto,39scioto
39seneca,39seneca
39shelby,39shelby
39stark,39stark
39summit,39summit
39trumbull,39trumbull
39tuscarawas,39tuscarawas
39union,39union
39van wert,39vanwert
39vinton,39vinton
39warren,39warren
39washington,39washington
39wayne,39wayne
39williams,39williams
39wood,39wood
39wyandot,39wyandot
40adair,40adair
40alfalfa,40alfalfa
40atoka,40atoka
40beaver,40beaver
40beckham,40beckham
40blaine,40blaine
40bryan,40bryan
40caddo,40caddo
40canadian,40canadian
40carter,40carter
40cherokee,40cherokee
40choctaw,40choctaw
40cimarron,40cimarron
40cleveland,40cleveland
40coal,40coal
40comanche,40comanche
40cotton,40cotton
40craig,40craig
40creek,40creek
40custer,40custer
40delaware,40delaware
40dewey,40dewey
40ellis,40ellis
40garfield,40garfield
40garvin,40garvin
40grady,40grady
40grant,40grant
40greer,40greer
40harmon,40harmon
40harper,40harper
40haskell,40haskell
40hughes,40hughes
40jackson,40jackson
40jefferson,40jefferson
40johnston,40johnston
40kay,40kay
40kingfisher,40kingfisher
40kiowa,40kiowa
40latimer,40latimer
40le flore,40leflore
40lincoln,40lincoln
40logan,40logan
40love,40love
40major,40major
40marshall,40marshall
40mayes,40mayes
40mcclain,40mcclain
40mccurtain,40mccurtain
40mcintosh,40mcintosh
40murray,40murray
40muskogee,40muskogee
40noble,40noble
40nowata,40nowata
40okfuskee,40okfuskee
40oklahoma,40oklahoma
40okmulgee,40okmulgee
40osage,40osage
40ottawa,40ottawa
40pawnee,40pawnee
40payne,40payne
40pittsburg,40pittsburg
40pontotoc,40pontotoc
40pottawatomie,40pottawatomie
40pushmataha,40pushmataha
40roger mills,40rogermills
40rogers,40rogers
40seminole,40seminole
40sequoyah,40sequoyah
40stephens,40stephens
40texas,40texas
40tillman,40tillman
40tulsa,40tulsa
40wagoner,40wagoner
40washington,40washington
40washita,40washita
40woods,40woods
40woodward,40woodward
41baker,41baker
41benton,41benton
41clackamas,41clackamas
41clatsop,41clatsop
41columbia,41columbia
41coos,41coos
41crook,41crook
41curry,41curry
41deschutes,41deschutes
41douglas,41douglas
41gilliam,41gilliam
41grant,41grant
41harney,41harney
41hood river,41hoodriver
41jackson,41jackson
41jefferson,41jefferson
41josephine,41josephine
41klamath,41klamath
41lake,41lake
41lane,41lane
41lincoln,41lincoln
41linn,41linn
41malheur,41malheur
41marion,41marion
41morrow,41morrow
41multnomah,41multnomah
41polk,41polk
41sherman,41sherman
41tillamook,41tillamook
41umatilla,41umatilla
41union,41union
41wallowa,41wallowa
41wasco,41wasco
41washington,41washington
41wheeler,41wheeler
41yamhill,41yamhill
42adams,42adams
42allegheny,42allegheny
42armstrong,42armstrong
42beaver,42beaver
42bedford,42bedford
42berks,42berks
42blair,42blair
42bradford,42bradford
42bucks,42bucks
42butler,42butler
42cambria,42cambria
42cameron,42cameron
42carbon,42carbon
42centre,42centre
42chester,42chester
42clarion,42clarion
42clearfield,42clearfield
42clinton,42clinton
42columbia,42columbia
42crawford,42crawford
42cumberland,42cumberland
42dauphin,42dauphin
42delaware,42delaware
42elk,42elk
42erie,42erie
42fayette,42fayette
42forest,42forest
42franklin,42franklin
42fulton,42fulton
42greene,42greene
42huntingdon,42huntingdon
42indiana,42indiana
42jefferson,42jefferson
42juniata,42juniata
42lackawanna,42lackawanna
42lancaster,42lancaster
42lawrence,42lawrence
42lebanon,42lebanon
42lehigh,42lehigh
42luzerne,42luzerne
42lycoming,42lycoming
42mckean,42mckean
42mercer,42mercer
42mifflin,42mifflin
42monroe,42monroe
42montgomery,42montgomery
42montour,42montour
42northampton,42northampton
42northumberland,42northumberland
42perry,42perry
42philadelphia,42philadelphia
42pike,42pike
42potter,42potter
42schuylkill,42schuylkill
42snyder,42snyder
42somerset,42somerset
42sullivan,42sullivan
42susquehanna,42susquehanna
42tioga,42tioga
42union,42union
42venango,42venango
42warren,42warren
42washington,42washington
42wayne,42wayne
42westmoreland,42westmoreland
42wyoming,42wyoming
42york,42york
44bristol,44bristol
44kent,44kent
44newport,44newport
44providence,44providence
44washington,44washington
45abbeville,45abbeville
45aiken,45aiken
45allendale,45allendale
45anderson,45anderson
45bamberg,45bamberg
45barnwell,45barnwell
45beaufort,45beaufort
45berkeley,45berkeley
45calhoun,45calhoun
45charleston,45charleston
45cherokee,45cherokee
45chester,45chester
45chesterfield,45chesterfield
45clarendon,45clarendon
45colleton,45colleton
45darlington,45darlington
45dillon,45dillon
45dorchester,45dorchester
45edgefield,45edgefield
45fairfield,45fairfield
45florence,45florence
45georgetown,45georgetown
45greenville,45greenville
45greenwood,45greenwood
45hampton,45hampton
45horry,45horry
45jasper,45jasper
45kershaw,45kershaw
45lancaster,45lancaster
45laurens,45laurens
45lee,45lee
45lexington,45lexington
45marion,45marion
45marlboro,45marlboro
45mccormick,45mccormick
45newberry,45newberry
45oconee,45oconee
45orangeburg,45orangeburg
45pickens,45pickens
45richland,45richland
45saluda,45saluda
45spartanburg,45spartanburg
45sumter,45sumter
45union,45union
45williamsburg,45williamsburg
45york,45york
46aurora,46aurora
46beadle,46beadle
46bennett,46bennett
46bon homme,46bonhomme
46brookings,46brookings
46brown,46brown
46brule,46brule
46buffalo,46buffalo
46butte,46butte
46campbell,46campbell
46charles mix,46charlesmix
46clark,46clark
46clay,46clay
46codington,46codington
46corson,46corson
46custer,46custer
46davison,46davison
46day,46day
46deuel,46deuel
46dewey,46dewey
46douglas,46douglas
46edmunds,46edmunds
46fall river,46fallriver
46faulk,46faulk
46grant,46grant
46gregory,46gregory
46haakon,46haakon
46hamlin,46hamlin
46hand,46hand
46hanson,46hanson
46harding,46harding
46hughes,46hughes
46hutchinson,46hutchinson
46hyde,46hyde
46jackson,46jackson
46jerauld,46jerauld
46jones,46jones
46kingsbury,46kingsbury
46lake,46lake
46lawrence,46lawrence
46lincoln,46lincoln
46lyman,46lyman
46marshall,46marshall
46mccook,46mccook
46mcpherson,46mcpherson
46meade,46meade
46mellette,46mellette
46miner,46miner
46minnehaha,46minnehaha
46moody,46moody
46oglala lakota,46oglalalakota
46pennington,46pennington
46perkins,46perkins
46potter,46potter
46roberts,46roberts
46sanborn,46sanborn
46spink,46spink
46stanley,46stanley
46sully,46sully
46todd,46todd
46tripp,46tripp
46turner,46turner
46union,46union
46walworth,46walworth
46yankton,46yankton
46ziebach,46ziebach
47anderson,47anderson
47bedford,47bedford
47benton,47benton
47bledsoe,47bledsoe
47blount,47blount
47bradley,47bradley
47campbell,47campbell
47cannon,47cannon
47carroll,47carroll
47carter,47carter
47cheatham,47cheatham
47chester,47chester
47claiborne,47claiborne
47clay,47clay
47cocke,47cocke
47coffee,47coffee
47crockett,47crockett
47cumberland,47cumberland
47davidson,47davidson
47decatur,47decatur
47dekalb,47dekalb
47dickson,47dickson
47dyer,47dyer
47fayette,47fayette
47fentress,47fentress
47franklin,47franklin
47gibson,47gibson
47giles,47giles
47grainger,47grainger
47greene,47greene
47grundy,47grundy
47hamblen,47hamblen
47hamilton,47hamilton
47hancock,47hancock
47hardeman,47hardeman
47hardin,47hardin
47hawkins,47hawkins
47haywood,47haywood
47henderson,47henderson
47henry,47henry
47hickman,47hickman
47houston,47houston
47humphreys,47humphreys
47jackson,47jackson
47jefferson,47jefferson
47johnson,47johnson
47knox,47knox
47lake,47lake
47lauderdale,47lauderdale
47lawrence,47lawrence
47lewis,47lewis
47lincoln,47lincoln
47loudon,47loudon
47macon,47macon
47madison,47madison
47marion,47marion
47marshall,47marshall
47maury,47maury
47mcminn,47mcminn
47mcnairy,47mcnairy
47meigs,47meigs
47monroe,47monroe
47montgomery,47montgomery
47moore,47moore
47morgan,47morgan
47obion,47obion
47overton,47overton
47perry,47perry
47pickett,47pickett
47polk,47polk
47putnam,47putnam
47rhea,47rhea
47roane,47roane
47robertson,47robertson
47rutherford,47rutherford
47scott,47scott
47sequatchie,47sequatchie
47sevier,47sevier
47shelby,47shelby
47smith,47smith
47stewart,47stewart
47sullivan,47sullivan
47sumner,47sumner
47tipton,47tipton
47trousdale,47trousdale
47unicoi,47unicoi
47union,47union
47van buren,47vanburen
47warren,47warren
47washington,47washington
47wayne,47wayne
47weakley,47weakley
47white,47white
47williamson,47williamson
47wilson,47wilson
48anderson,48anderson
48andrews,48andrews
48angelina,48angelina
48aransas,48aransas
48archer,48archer
48armstrong,48armstrong
48atascosa,48atascosa
48austin,48austin
48bailey,48bailey
48bandera,48bandera
48bastrop,48bastrop
48baylor,48baylor
48bee,48bee
48bell,48bell
48bexar,48bexar
48blanco,48blanco
48borden,48borden
48bosque,48bosque
48bowie,48bowie
48brazoria,48brazoria
48brazos,48brazos
48brewster,48brewster
48briscoe,48briscoe
48brooks,48brooks
48brown,48brown
48burleson,48burleson
48burnet,48burnet
48caldwell,48caldwell
48calhoun,48calhoun
48callahan,48callahan
48cameron,48cameron
48camp,48camp
48carson,48carson
48cass,48cass
48castro,48castro
48chambers,48chambers
48cherokee,48cherokee
48childress,48childress
48clay,48clay
48cochran,48cochran
48coke,48coke
48coleman,48coleman
48collin,48collin
48collingsworth,48collingsworth
48colorado,48colorado
48comal,48comal
48comanche,48comanche
48concho,48concho
48cooke,48cooke
48coryell,48coryell
48cottle,48cottle
48crane,48crane
48crockett,48crockett
48crosby,48crosby
48culberson,48culberson
48dallam,48dallam
48dallas,48dallas
48dawson,48dawson
48deaf smith,48deafsmith
48delta,48delta
48denton,48denton
48dewitt,48dewitt
48dickens,48dickens
48dimmit,48dimmit
48donley,48donley
48duval,48duval
48eastland,48eastland
48ector,48ector
48edwards,48edwards
48el paso,48ellis
48ellis,48ellis
48erath,48erath
48falls,48falls
48fannin,48fannin
48fayette,48fayette
48fisher,48fisher
48floyd,48floyd
48foard,48foard
48fort bend,48fortbend
48franklin,48franklin
48freestone,48freestone
48frio,48frio
48gaines,48gaines
48galveston,48galveston
48garza,48garza
48gillespie,48gillespie
48glasscock,48glasscock
48goliad,48goliad
48gonzales,48gonzales
48gray,48gray
48grayson,48grayson
48gregg,48gregg
48grimes,48grimes
48guadalupe,48guadalupe
48hale,48hale
48hall,48hall
48hamilton,48hamilton
48hansford,48hansford
48hardeman,48hardeman
48hardin,48hardin
48harris,48harris
48harrison,48harrison
48hartley,48hartley
48haskell,48haskell
48hays,48hays
48hemphill,48hemphill
48henderson,48henderson
48hidalgo,48hidalgo
48hill,48hill
48hockley,48hockley
48hood,48hood
48hopkins,48hopkins
48houston,48houston
48howard,48howard
48hudspeth,48hudspeth
48hunt,48hunt
48hutchinson,48hutchinson
48irion,48irion
48jack,48jack
48jackson,48jackson
48jasper,48jasper
48jeff davis,48jefferson
48jefferson,48jefferson
48jim hogg,48jimhogg
48jim wells,48jimwells
48johnson,48johnson
48jones,48jones
48karnes,48karnes
48kaufman,48kaufman
48kendall,48kendall
48kenedy,48kenedy
48kent,48kent
48kerr,48kerr
48kimble,48kimble
48king,48king
48kinney,48kinney
48kleberg,48kleberg
48knox,48knox
48la salle,48lasalle
48lamar,48lamar
48lamb,48lamb
48lampasas,48lampasas
48lavaca,48lavaca
48lee,48lee
48leon,48leon
48liberty,48liberty
48limestone,48limestone
48lipscomb,48lipscomb
48live oak,48liveoak
48llano,48llano
48loving,48loving
48lubbock,48lubbock
48lynn,48lynn
48madison,48madison
48marion,48marion
48martin,48martin
48mason,48mason
48matagorda,48matagorda
48maverick,48maverick
48mcculloch,48mcculloch
48mclennan,48mclennan
48mcmullen,48mcmullen
48medina,48medina
48menard,48menard
48midland,48midland
48milam,48milam
48mills,48mills
48mitchell,48mitchell
48montague,48montague
48montgomery,48montgomery
48moore,48moore
48morris,48morris
48motley,48motley
48nacogdoches,48nacogdoches
48navarro,48navarro
48newton,48newton
48nolan,48nolan
48nueces,48nueces
48ochiltree,48ochiltree
48oldham,48oldham
48orange,48orange
48palo pinto,48palopinto
48panola,48panola
48parker,48parker
48parmer,48parmer
48pecos,48pecos
48polk,48polk
48potter,48potter
48presidio,48presidio
48rains,48rains
48randall,48randall
48reagan,48reagan
48real,48real
48red river,48redriver
48reeves,48reeves
48refugio,48refugio
48roberts,48roberts
48robertson,48robertson
48rockwall,48rockwall
48runnels,48runnels
48rusk,48rusk
48sabine,48sabine
48san augustine,48sansaba
48san jacinto,48sanjacinto
48san patricio,48sanpatricio
48san saba,48sansaba
48schleicher,48schleicher
48scurry,48scurry
48shackelford,48shackelford
48shelby,48shelby
48sherman,48sherman
48smith,48smith
48somervell,48somervell
48starr,48starr
48stephens,48stephens
48sterling,48sterling
48stonewall,48stonewall
48sutton,48sutton
48swisher,48swisher
48tarrant,48tarrant
48taylor,48taylor
48terrell,48terrell
48terry,48terry
48throckmorton,48throckmorton
48titus,48titus
48tom green,48tomgreen
48travis,48travis
48trinity,48trinity
48tyler,48tyler
48upshur,48upshur
48upton,48upton
48uvalde,48uvalde
48val verde,48valverde
48van zandt,48vanzandt
48victoria,48victoria
48walker,48walker
48waller,48waller
48ward,48ward
48washington,48washington
48webb,48webb
48wharton,48wharton
48wheeler,48wheeler
48wichita,48wichita
48wilbarger,48wilbarger
48willacy,48willacy
48williamson,48williamson
48wilson,48wilson
48winkler,48winkler
48wise,48wise
48wood,48wood
48yoakum,48yoakum
48young,48young
48zapata,48zapata
48zavala,48zavala
49beaver,49beaver
49box elder,49boxelder
49cache,49cache
49carbon,49carbon
49daggett,49daggett
49davis,49davis
49duchesne,49duchesne
49emery,49emery
49garfield,49garfield
49grand,49grand
49iron,49iron
49juab,49juab
49kane,49kane
49millard,49millard
49morgan,49morgan
49piute,49piute
49rich,49rich
49salt lake,49saltlake
49san juan,49sanjuan
49sanpete,49sanpete
49sevier,49sevier
49summit,49summit
49tooele,49tooele
49uintah,49uintah
49utah,49utah
49wasatch,49wasatch
49washington,49washington
49wayne,49wayne
49weber,49weber
50addison,50addison
50bennington,50bennington
50caledonia,50caledonia
50chittenden,50chittenden
50essex,50essex
50franklin,50franklin
50grand isle,50grandisle
50lamoille,50lamoille
50orange,50orange
50orleans,50orleans
50rutland,50rutland
50washington,50washington
50windham,50windham
50windsor,50windsor
51accomack,51accomack
51albemarle,51albemarle
51alexandria city,51alexandria
51alleghany,51alleghany
51amelia,51amelia
51amherst,51amherst
51appomattox,51appomattox
51arlington,51arlington
51augusta,51augusta
51bath,51bath
51bedford,51bedford
51bland,51bland
51botetourt,51botetourt
51bristol city,51bristol
51brunswick,51brunswick
51buchanan,51buchanan
51buckingham,51buckingham
51buena vista city,51buenavista
51campbell,51campbell
51caroline,51caroline
51carroll,51carroll
51charles city,51charlescity
51charlotte,51charlotte
51charlottesville city,51charlottesville
51chesapeake city,51chesapeake
51chesterfield,51chesterfield
51clarke,51clarke
51colonial heights city,51colonialheights
51covington city,51covington
51craig,51craig
51culpeper,51culpeper
51cumberland,51cumberland
51danville city,51danville
51dickenson,51dickenson
51dinwiddie,51dinwiddie
51emporia city,51emporia
51essex,51essex
51fairfax,51fairfax
51fairfax city,51fairfax
51falls church city,51fallschurch
51fauquier,51fauquier
51floyd,51floyd
51fluvanna,51fluvanna
51franklin,51franklin
51franklin city,51franklin
51frederick,51frederick
51fredericksburg city,51fredericksburg
51galax city,51galax
51giles,51giles
51gloucester,51gloucester
51goochland,51goochland
51grayson,51grayson
51greene,51greene
51greensville,51greensville
51halifax,51halifax
51hampton city,51hampton
51hanover,51hanover
51harrisonburg city,51harrisonburg
51henrico,51henrico
51henry,51henry
51highland,51highland
51hopewell city,51hopewell
51isle of wight,51isleofwight
51james city,51jamescity
51king and queen,51kingwilliam
51king george,51kingandqueen
51king william,51kingwilliam
51lancaster,51lancaster
51lee,51lee
51lexington city,51lexington
51loudoun,51loudoun
51louisa,51louisa
51lunenburg,51lunenburg
51lynchburg city,51lynchburg
51madison,51madison
51manassas city,51manassas
51manassas park city,51manassas
51martinsville city,51martinsville
51mathews,51mathews
51mecklenburg,51mecklenburg
51middlesex,51middlesex
51montgomery,51montgomery
51nelson,51nelson
51new kent,51newkent
51newport news city,51newportnews
51norfolk city,51norfolk
51northampton,51northampton
51northumberland,51northumberland
51norton city,51norton
51nottoway,51nottoway
51orange,51orange
51page,51page
51patrick,51patrick
51petersburg city,51petersburg
51pittsylvania,51pittsylvania
51poquoson city,51poquoson
51portsmouth city,51portsmouth
51powhatan,51powhatan
51prince edward,51princegeorge
51prince george,51princewilliam
51prince william,51princewilliam
51pulaski,51pulaski
51radford city,51radford
51rappahannock,51rappahannock
51richmond,51richmond
51richmond city,51richmond
51roanoke,51roanoke
51roanoke city,51roanoke
51rockbridge,51rockbridge
51rockingham,51rockingham
51russell,51russell
51salem city,51salem
51scott,51scott
51shenandoah,51shenandoah
51smyth,51smyth
51southampton,51southampton
51spotsylvania,51spotsylvania
51stafford,51stafford
51staunton city,51staunton
51suffolk city,51suffolk
51surry,51surry
51sussex,51sussex
51tazewell,51tazewell
51virginia beach city,51virginiabeach
51warren,51warren
51washington,51washington
51waynesboro city,51waynesboro
51westmoreland,51westmoreland
51williamsburg city,51williamsburg
51winchester city,51winchester
51wise,51wise
51wythe,51wythe
51york,51york
53adams,53adams
53asotin,53asotin
53benton,53benton
53chelan,53chelan
53clallam,53clallam
53clark,53clark
53columbia,53columbia
53cowlitz,53cowlitz
53douglas,53douglas
53ferry,53ferry
53franklin,53franklin
53garfield,53garfield
53grant,53grant
53grays harbor,53graysharbor
53island,53island
53jefferson,53jefferson
53king,53king
53kitsap,53kitsap
53kittitas,53kittitas
53klickitat,53klickitat
53lewis,53lewis
53lincoln,53lincoln
53mason,53mason
53okanogan,53okanogan
53pacific,53pacific
53pend oreille,53pendoreille
53pierce,53pierce
53san juan,53sanjuan
53skagit,53skagit
53skamania,53skamania
53snohomish,53snohomish
53spokane,53spokane
53stevens,53stevens
53thurston,53thurston
53wahkiakum,53wahkiakum
53walla walla,53wallawalla
53whatcom,53whatcom
53whitman,53whitman
53yakima,53yakima
54barbour,54barbour
54berkeley,54berkeley
54boone,54boone
54braxton,54braxton
54brooke,54brooke
54cabell,54cabell
54calhoun,54calhoun
54clay,54clay
54doddridge,54doddridge
54fayette,54fayette
54gilmer,54gilmer
54grant,54grant
54greenbrier,54greenbrier
54hampshire,54hampshire
54hancock,54hancock
54hardy,54hardy
54harrison,54harrison
54jackson,54jackson
54jefferson,54jefferson
54kanawha,54kanawha
54lewis,54lewis
54lincoln,54lincoln
54logan,54logan
54marion,54marion
54marshall,54marshall
54mason,54mason
54mcdowell,54mcdowell
54mercer,54mercer
54mineral,54mineral
54mingo,54mingo
54monongalia,54monongalia
54monroe,54monroe
54morgan,54morgan
54nicholas,54nicholas
54ohio,54ohio
54pendleton,54pendleton
54pleasants,54pleasants
54pocahontas,54pocahontas
54preston,54preston
54putnam,54putnam
54raleigh,54raleigh
54randolph,54randolph
54ritchie,54ritchie
54roane,54roane
54summers,54summers
54taylor,54taylor
54tucker,54tucker
54tyler,54tyler
54upshur,54upshur
54wayne,54wayne
54webster,54webster
54wetzel,54wetzel
54wirt,54wirt
54wood,54wood
54wyoming,54wyoming
55adams,55adams
55ashland,55ashland
55barron,55barron
55bayfield,55bayfield
55brown,55brown
55buffalo,55buffalo
55burnett,55burnett
55calumet,55calumet
55chippewa,55chippewa
55clark,55clark
55columbia,55columbia
55crawford,55crawford
55dane,55dane
55dodge,55dodge
55door,55door
55douglas,55douglas
55dunn,55dunn
55eau claire,55eauclaire
55florence,55florence
55fond du lac,55fonddulac
55forest,55forest
55grant,55grant
55green,55green
55green lake,55green
55iowa,55iowa
55iron,55iron
55jackson,55jackson
55jefferson,55jefferson
55juneau,55juneau
55kenosha,55kenosha
55kewaunee,55kewaunee
55la crosse,55lacrosse
55lafayette,55lafayette
55langlade,55langlade
55lincoln,55lincoln
55manitowoc,55manitowoc
55marathon,55marathon
55marinette,55marinette
55marquette,55marquette
55menominee,55menominee
55milwaukee,55milwaukee
55monroe,55monroe
55oconto,55oconto
55oneida,55oneida
55outagamie,55outagamie
55ozaukee,55ozaukee
55pepin,55pepin
55pierce,55pierce
55polk,55polk
55portage,55portage
55price,55price
55racine,55racine
55richland,55richland
55rock,55rock
55rusk,55rusk
55sauk,55sauk
55sawyer,55sawyer
55shawano,55shawano
55sheboygan,55sheboygan
55st. croix,55st.croix
55taylor,55taylor
55trempealeau,55trempealeau
55vernon,55vernon
55vilas,55vilas
55walworth,55walworth
55washburn,55washburn
55washington,55washington
55waukesha,55waukesha
55waupaca,55waupaca
55waushara,55waushara
55winnebago,55winnebago
55wood,55wood
56albany,56albany
56big horn,56bighorn
56campbell,56campbell
56carbon,56carbon
56converse,56converse
56crook,56crook
56fremont,56fremont
56goshen,56goshen
56hot springs,56hotsprings
56johnson,56johnson
56laramie,56laramie
56lincoln,56lincoln
56natrona,56natrona
56niobrara,56niobrara
56park,56park
56platte,56platte
56sheridan,56sheridan
56sublette,56sublette
56sweetwater,56sweetwater
56teton,56teton
56uinta,56uinta
56washakie,56washakie
56weston,56weston
