name,varlab
STNAME,State Name
STFIPS,State FIPS Code
fips_str2020,"State-County/Area FIPS Code, NME 2020"
CoName2020,"County/Area Name, NME 2020"
f1anf0,"Population 2020, non-Hispanic Asian/Pacific Islander female, ages 00-04"
f1anf5,"Population 2020, non-Hispanic Asian/Pacific Islander female, ages 05-09"
f1anf10,"Population 2020, non-Hispanic Asian/Pacific Islander female, ages 10-14"
f1anf15,"Population 2020, non-Hispanic Asian/Pacific Islander female, ages 15-19"
f1anf20,"Population 2020, non-Hispanic Asian/Pacific Islander female, ages 20-24"
f1anf25,"Population 2020, non-Hispanic Asian/Pacific Islander female, ages 25-29"
f1anf30,"Population 2020, non-Hispanic Asian/Pacific Islander female, ages 30-34"
f1anf35,"Population 2020, non-Hispanic Asian/Pacific Islander female, ages 35-39"
f1anf40,"Population 2020, non-Hispanic Asian/Pacific Islander female, ages 40-44"
f1anf45,"Population 2020, non-Hispanic Asian/Pacific Islander female, ages 45-49"
f1anf50,"Population 2020, non-Hispanic Asian/Pacific Islander female, ages 50-54"
f1anf55,"Population 2020, non-Hispanic Asian/Pacific Islander female, ages 55-59"
f1anf60,"Population 2020, non-Hispanic Asian/Pacific Islander female, ages 60-64"
f1anf65,"Population 2020, non-Hispanic Asian/Pacific Islander female, ages 65-69"
f1anf70,"Population 2020, non-Hispanic Asian/Pacific Islander female, ages 70-74"
f1anf75,"Population 2020, non-Hispanic Asian/Pacific Islander female, ages 75-79"
f1anf80,"Population 2020, non-Hispanic Asian/Pacific Islander female, ages 80-84"
f1anf85,"Population 2020, non-Hispanic Asian/Pacific Islander female, ages 85 up"
f1anm0,"Population 2020, non-Hispanic Asian/Pacific Islander male, ages 00-04"
f1anm5,"Population 2020, non-Hispanic Asian/Pacific Islander male, ages 05-09"
f1anm10,"Population 2020, non-Hispanic Asian/Pacific Islander male, ages 10-14"
f1anm15,"Population 2020, non-Hispanic Asian/Pacific Islander male, ages 15-19"
f1anm20,"Population 2020, non-Hispanic Asian/Pacific Islander male, ages 20-24"
f1anm25,"Population 2020, non-Hispanic Asian/Pacific Islander male, ages 25-29"
f1anm30,"Population 2020, non-Hispanic Asian/Pacific Islander male, ages 30-34"
f1anm35,"Population 2020, non-Hispanic Asian/Pacific Islander male, ages 35-39"
f1anm40,"Population 2020, non-Hispanic Asian/Pacific Islander male, ages 40-44"
f1anm45,"Population 2020, non-Hispanic Asian/Pacific Islander male, ages 45-49"
f1anm50,"Population 2020, non-Hispanic Asian/Pacific Islander male, ages 50-54"
f1anm55,"Population 2020, non-Hispanic Asian/Pacific Islander male, ages 55-59"
f1anm60,"Population 2020, non-Hispanic Asian/Pacific Islander male, ages 60-64"
f1anm65,"Population 2020, non-Hispanic Asian/Pacific Islander male, ages 65-69"
f1anm70,"Population 2020, non-Hispanic Asian/Pacific Islander male, ages 70-74"
f1anm75,"Population 2020, non-Hispanic Asian/Pacific Islander male, ages 75-79"
f1anm80,"Population 2020, non-Hispanic Asian/Pacific Islander male, ages 80-84"
f1anm85,"Population 2020, non-Hispanic Asian/Pacific Islander male, ages 85 up"
f1bnf0,"Population 2020, non-Hispanic Black female, ages 00-04"
f1bnf5,"Population 2020, non-Hispanic Black female, ages 05-09"
f1bnf10,"Population 2020, non-Hispanic Black female, ages 10-14"
f1bnf15,"Population 2020, non-Hispanic Black female, ages 15-19"
f1bnf20,"Population 2020, non-Hispanic Black female, ages 20-24"
f1bnf25,"Population 2020, non-Hispanic Black female, ages 25-29"
f1bnf30,"Population 2020, non-Hispanic Black female, ages 30-34"
f1bnf35,"Population 2020, non-Hispanic Black female, ages 35-39"
f1bnf40,"Population 2020, non-Hispanic Black female, ages 40-44"
f1bnf45,"Population 2020, non-Hispanic Black female, ages 45-49"
f1bnf50,"Population 2020, non-Hispanic Black female, ages 50-54"
f1bnf55,"Population 2020, non-Hispanic Black female, ages 55-59"
f1bnf60,"Population 2020, non-Hispanic Black female, ages 60-64"
f1bnf65,"Population 2020, non-Hispanic Black female, ages 65-69"
f1bnf70,"Population 2020, non-Hispanic Black female, ages 70-74"
f1bnf75,"Population 2020, non-Hispanic Black female, ages 75-79"
f1bnf80,"Population 2020, non-Hispanic Black female, ages 80-84"
f1bnf85,"Population 2020, non-Hispanic Black female, ages 85 up"
f1bnm0,"Population 2020, non-Hispanic Black male, ages 00-04"
f1bnm5,"Population 2020, non-Hispanic Black male, ages 05-09"
f1bnm10,"Population 2020, non-Hispanic Black male, ages 10-14"
f1bnm15,"Population 2020, non-Hispanic Black male, ages 15-19"
f1bnm20,"Population 2020, non-Hispanic Black male, ages 20-24"
f1bnm25,"Population 2020, non-Hispanic Black male, ages 25-29"
f1bnm30,"Population 2020, non-Hispanic Black male, ages 30-34"
f1bnm35,"Population 2020, non-Hispanic Black male, ages 35-39"
f1bnm40,"Population 2020, non-Hispanic Black male, ages 40-44"
f1bnm45,"Population 2020, non-Hispanic Black male, ages 45-49"
f1bnm50,"Population 2020, non-Hispanic Black male, ages 50-54"
f1bnm55,"Population 2020, non-Hispanic Black male, ages 55-59"
f1bnm60,"Population 2020, non-Hispanic Black male, ages 60-64"
f1bnm65,"Population 2020, non-Hispanic Black male, ages 65-69"
f1bnm70,"Population 2020, non-Hispanic Black male, ages 70-74"
f1bnm75,"Population 2020, non-Hispanic Black male, ages 75-79"
f1bnm80,"Population 2020, non-Hispanic Black male, ages 80-84"
f1bnm85,"Population 2020, non-Hispanic Black male, ages 85 up"
f1thf0,"Population 2020, Hispanic female, ages 00-04"
f1thf5,"Population 2020, Hispanic female, ages 05-09"
f1thf10,"Population 2020, Hispanic female, ages 10-14"
f1thf15,"Population 2020, Hispanic female, ages 15-19"
f1thf20,"Population 2020, Hispanic female, ages 20-24"
f1thf25,"Population 2020, Hispanic female, ages 25-29"
f1thf30,"Population 2020, Hispanic female, ages 30-34"
f1thf35,"Population 2020, Hispanic female, ages 35-39"
f1thf40,"Population 2020, Hispanic female, ages 40-44"
f1thf45,"Population 2020, Hispanic female, ages 45-49"
f1thf50,"Population 2020, Hispanic female, ages 50-54"
f1thf55,"Population 2020, Hispanic female, ages 55-59"
f1thf60,"Population 2020, Hispanic female, ages 60-64"
f1thf65,"Population 2020, Hispanic female, ages 65-69"
f1thf80,"Population 2020, Hispanic female, ages 70-74"
f1thf75,"Population 2020, Hispanic female, ages 75-79"
f1thf70,"Population 2020, Hispanic female, ages 80-84"
f1thf85,"Population 2020, Hispanic female, ages 85 up"
f1thm0,"Population 2020, Hispanic male, ages 00-04"
f1thm5,"Population 2020, Hispanic male, ages 05-09"
f1thm10,"Population 2020, Hispanic male, ages 10-14"
f1thm15,"Population 2020, Hispanic male, ages 15-19"
f1thm20,"Population 2020, Hispanic male, ages 20-24"
f1thm25,"Population 2020, Hispanic male, ages 25-29"
f1thm30,"Population 2020, Hispanic male, ages 30-34"
f1thm35,"Population 2020, Hispanic male, ages 35-39"
f1thm40,"Population 2020, Hispanic male, ages 40-44"
f1thm45,"Population 2020, Hispanic male, ages 45-49"
f1thm50,"Population 2020, Hispanic male, ages 50-54"
f1thm55,"Population 2020, Hispanic male, ages 55-59"
f1thm60,"Population 2020, Hispanic male, ages 60-64"
f1thm65,"Population 2020, Hispanic male, ages 65-69"
f1thm70,"Population 2020, Hispanic male, ages 70-74"
f1thm75,"Population 2020, Hispanic male, ages 75-79"
f1thm80,"Population 2020, Hispanic male, ages 80-84"
f1thm85,"Population 2020, Hispanic male, ages 85 up"
f1itf0,"Population 2020, American Indian/Alaskan Native female, ages 00-04"
f1itf5,"Population 2020, American Indian/Alaskan Native female, ages 05-09"
f1itf10,"Population 2020, American Indian/Alaskan Native female, ages 10-14"
f1itf15,"Population 2020, American Indian/Alaskan Native female, ages 15-19"
f1itf20,"Population 2020, American Indian/Alaskan Native female, ages 20-24"
f1itf25,"Population 2020, American Indian/Alaskan Native female, ages 25-29"
f1itf30,"Population 2020, American Indian/Alaskan Native female, ages 30-34"
f1itf35,"Population 2020, American Indian/Alaskan Native female, ages 35-39"
f1itf40,"Population 2020, American Indian/Alaskan Native female, ages 40-44"
f1itf45,"Population 2020, American Indian/Alaskan Native female, ages 45-49"
f1itf50,"Population 2020, American Indian/Alaskan Native female, ages 50-54"
f1itf55,"Population 2020, American Indian/Alaskan Native female, ages 55-59"
f1itf60,"Population 2020, American Indian/Alaskan Native female, ages 60-64"
f1itf65,"Population 2020, American Indian/Alaskan Native female, ages 65-69"
f1itf70,"Population 2020, American Indian/Alaskan Native female, ages 70-74"
f1itf75,"Population 2020, American Indian/Alaskan Native female, ages 75-79"
f1itf80,"Population 2020, American Indian/Alaskan Native female, ages 80-84"
f1itf85,"Population 2020, American Indian/Alaskan Native female, ages 85 up"
f1itm0,"Population 2020, American Indian/Alaskan Native male, ages 00-04"
f1itm5,"Population 2020, American Indian/Alaskan Native male, ages 05-09"
f1itm10,"Population 2020, American Indian/Alaskan Native male, ages 10-14"
f1itm15,"Population 2020, American Indian/Alaskan Native male, ages 15-19"
f1itm20,"Population 2020, American Indian/Alaskan Native male, ages 20-24"
f1itm25,"Population 2020, American Indian/Alaskan Native male, ages 25-29"
f1itm30,"Population 2020, American Indian/Alaskan Native male, ages 30-34"
f1itm35,"Population 2020, American Indian/Alaskan Native male, ages 35-39"
f1itm40,"Population 2020, American Indian/Alaskan Native male, ages 40-44"
f1itm45,"Population 2020, American Indian/Alaskan Native male, ages 45-49"
f1itm50,"Population 2020, American Indian/Alaskan Native male, ages 50-54"
f1itm55,"Population 2020, American Indian/Alaskan Native male, ages 55-59"
f1itm60,"Population 2020, American Indian/Alaskan Native male, ages 60-64"
f1itm65,"Population 2020, American Indian/Alaskan Native male, ages 65-69"
f1itm70,"Population 2020, American Indian/Alaskan Native male, ages 70-74"
f1itm75,"Population 2020, American Indian/Alaskan Native male, ages 75-79"
f1itm80,"Population 2020, American Indian/Alaskan Native male, ages 80-84"
f1itm85,"Population 2020, American Indian/Alaskan Native male, ages 85 up"
f1wnf0,"Population 2020, non-Hispanic White female, ages 00-04"
f1wnf5,"Population 2020, non-Hispanic White female, ages 05-09"
f1wnf10,"Population 2020, non-Hispanic White female, ages 10-14"
f1wnf15,"Population 2020, non-Hispanic White female, ages 15-19"
f1wnf20,"Population 2020, non-Hispanic White female, ages 20-24"
f1wnf25,"Population 2020, non-Hispanic White female, ages 25-29"
f1wnf30,"Population 2020, non-Hispanic White female, ages 30-34"
f1wnf35,"Population 2020, non-Hispanic White female, ages 35-39"
f1wnf40,"Population 2020, non-Hispanic White female, ages 40-44"
f1wnf45,"Population 2020, non-Hispanic White female, ages 45-49"
f1wnf50,"Population 2020, non-Hispanic White female, ages 50-54"
f1wnf55,"Population 2020, non-Hispanic White female, ages 55-59"
f1wnf60,"Population 2020, non-Hispanic White female, ages 60-64"
f1wnf65,"Population 2020, non-Hispanic White female, ages 65-69"
f1wnf70,"Population 2020, non-Hispanic White female, ages 70-74"
f1wnf75,"Population 2020, non-Hispanic White female, ages 75-79"
f1wnf80,"Population 2020, non-Hispanic White female, ages 80-84"
f1wnf85,"Population 2020, non-Hispanic White female, ages 85 up"
f1wnm0,"Population 2020, non-Hispanic White male, ages 00-04"
f1wnm5,"Population 2020, non-Hispanic White male, ages 05-09"
f1wnm10,"Population 2020, non-Hispanic White male, ages 10-14"
f1wnm15,"Population 2020, non-Hispanic White male, ages 15-19"
f1wnm20,"Population 2020, non-Hispanic White male, ages 20-24"
f1wnm25,"Population 2020, non-Hispanic White male, ages 25-29"
f1wnm30,"Population 2020, non-Hispanic White male, ages 30-34"
f1wnm35,"Population 2020, non-Hispanic White male, ages 35-39"
f1wnm40,"Population 2020, non-Hispanic White male, ages 40-44"
f1wnm45,"Population 2020, non-Hispanic White male, ages 45-49"
f1wnm50,"Population 2020, non-Hispanic White male, ages 50-54"
f1wnm55,"Population 2020, non-Hispanic White male, ages 55-59"
f1wnm60,"Population 2020, non-Hispanic White male, ages 60-64"
f1wnm65,"Population 2020, non-Hispanic White male, ages 65-69"
f1wnm70,"Population 2020, non-Hispanic White male, ages 70-74"
f1wnm75,"Population 2020, non-Hispanic White male, ages 75-79"
f1wnm80,"Population 2020, non-Hispanic White male, ages 80-84"
f1wnm85,"Population 2020, non-Hispanic White male, ages 85 up"
m1anf0,"Net Migrants 2010s, non-Hispanic Asian/Pacific Islander female, ages 00-04"
m1anf5,"Net Migrants 2010s, non-Hispanic Asian/Pacific Islander female, ages 05-09"
m1anf10,"Net Migrants 2010s, non-Hispanic Asian/Pacific Islander female, ages 10-14"
m1anf15,"Net Migrants 2010s, non-Hispanic Asian/Pacific Islander female, ages 15-19"
m1anf20,"Net Migrants 2010s, non-Hispanic Asian/Pacific Islander female, ages 20-24"
m1anf25,"Net Migrants 2010s, non-Hispanic Asian/Pacific Islander female, ages 25-29"
m1anf30,"Net Migrants 2010s, non-Hispanic Asian/Pacific Islander female, ages 30-34"
m1anf35,"Net Migrants 2010s, non-Hispanic Asian/Pacific Islander female, ages 35-39"
m1anf40,"Net Migrants 2010s, non-Hispanic Asian/Pacific Islander female, ages 40-44"
m1anf45,"Net Migrants 2010s, non-Hispanic Asian/Pacific Islander female, ages 45-49"
m1anf50,"Net Migrants 2010s, non-Hispanic Asian/Pacific Islander female, ages 50-54"
m1anf55,"Net Migrants 2010s, non-Hispanic Asian/Pacific Islander female, ages 55-59"
m1anf60,"Net Migrants 2010s, non-Hispanic Asian/Pacific Islander female, ages 60-64"
m1anf65,"Net Migrants 2010s, non-Hispanic Asian/Pacific Islander female, ages 65-69"
m1anf70,"Net Migrants 2010s, non-Hispanic Asian/Pacific Islander female, ages 70-74"
m1anf75,"Net Migrants 2010s, non-Hispanic Asian/Pacific Islander female, ages 75-79"
m1anf80,"Net Migrants 2010s, non-Hispanic Asian/Pacific Islander female, ages 80-84"
m1anf85,"Net Migrants 2010s, non-Hispanic Asian/Pacific Islander female, ages 85 up"
m1anm0,"Net Migrants 2010s, non-Hispanic Asian/Pacific Islander male, ages 00-04"
m1anm5,"Net Migrants 2010s, non-Hispanic Asian/Pacific Islander male, ages 05-09"
m1anm10,"Net Migrants 2010s, non-Hispanic Asian/Pacific Islander male, ages 10-14"
m1anm15,"Net Migrants 2010s, non-Hispanic Asian/Pacific Islander male, ages 15-19"
m1anm20,"Net Migrants 2010s, non-Hispanic Asian/Pacific Islander male, ages 20-24"
m1anm25,"Net Migrants 2010s, non-Hispanic Asian/Pacific Islander male, ages 25-29"
m1anm30,"Net Migrants 2010s, non-Hispanic Asian/Pacific Islander male, ages 30-34"
m1anm35,"Net Migrants 2010s, non-Hispanic Asian/Pacific Islander male, ages 35-39"
m1anm40,"Net Migrants 2010s, non-Hispanic Asian/Pacific Islander male, ages 40-44"
m1anm45,"Net Migrants 2010s, non-Hispanic Asian/Pacific Islander male, ages 45-49"
m1anm50,"Net Migrants 2010s, non-Hispanic Asian/Pacific Islander male, ages 50-54"
m1anm55,"Net Migrants 2010s, non-Hispanic Asian/Pacific Islander male, ages 55-59"
m1anm60,"Net Migrants 2010s, non-Hispanic Asian/Pacific Islander male, ages 60-64"
m1anm65,"Net Migrants 2010s, non-Hispanic Asian/Pacific Islander male, ages 65-69"
m1anm70,"Net Migrants 2010s, non-Hispanic Asian/Pacific Islander male, ages 70-74"
m1anm75,"Net Migrants 2010s, non-Hispanic Asian/Pacific Islander male, ages 75-79"
m1anm80,"Net Migrants 2010s, non-Hispanic Asian/Pacific Islander male, ages 80-84"
m1anm85,"Net Migrants 2010s, non-Hispanic Asian/Pacific Islander male, ages 85 up"
m1bnf0,"Net Migrants 2010s, non-Hispanic Black female, ages 00-04"
m1bnf5,"Net Migrants 2010s, non-Hispanic Black female, ages 05-09"
m1bnf10,"Net Migrants 2010s, non-Hispanic Black female, ages 10-14"
m1bnf15,"Net Migrants 2010s, non-Hispanic Black female, ages 15-19"
m1bnf20,"Net Migrants 2010s, non-Hispanic Black female, ages 20-24"
m1bnf25,"Net Migrants 2010s, non-Hispanic Black female, ages 25-29"
m1bnf30,"Net Migrants 2010s, non-Hispanic Black female, ages 30-34"
m1bnf35,"Net Migrants 2010s, non-Hispanic Black female, ages 35-39"
m1bnf40,"Net Migrants 2010s, non-Hispanic Black female, ages 40-44"
m1bnf45,"Net Migrants 2010s, non-Hispanic Black female, ages 45-49"
m1bnf50,"Net Migrants 2010s, non-Hispanic Black female, ages 50-54"
m1bnf55,"Net Migrants 2010s, non-Hispanic Black female, ages 55-59"
m1bnf60,"Net Migrants 2010s, non-Hispanic Black female, ages 60-64"
m1bnf65,"Net Migrants 2010s, non-Hispanic Black female, ages 65-69"
m1bnf70,"Net Migrants 2010s, non-Hispanic Black female, ages 70-74"
m1bnf75,"Net Migrants 2010s, non-Hispanic Black female, ages 75-79"
m1bnf80,"Net Migrants 2010s, non-Hispanic Black female, ages 80-84"
m1bnf85,"Net Migrants 2010s, non-Hispanic Black female, ages 85 up"
m1bnm0,"Net Migrants 2010s, non-Hispanic Black male, ages 00-04"
m1bnm5,"Net Migrants 2010s, non-Hispanic Black male, ages 05-09"
m1bnm10,"Net Migrants 2010s, non-Hispanic Black male, ages 10-14"
m1bnm15,"Net Migrants 2010s, non-Hispanic Black male, ages 15-19"
m1bnm20,"Net Migrants 2010s, non-Hispanic Black male, ages 20-24"
m1bnm25,"Net Migrants 2010s, non-Hispanic Black male, ages 25-29"
m1bnm30,"Net Migrants 2010s, non-Hispanic Black male, ages 30-34"
m1bnm35,"Net Migrants 2010s, non-Hispanic Black male, ages 35-39"
m1bnm40,"Net Migrants 2010s, non-Hispanic Black male, ages 40-44"
m1bnm45,"Net Migrants 2010s, non-Hispanic Black male, ages 45-49"
m1bnm50,"Net Migrants 2010s, non-Hispanic Black male, ages 50-54"
m1bnm55,"Net Migrants 2010s, non-Hispanic Black male, ages 55-59"
m1bnm60,"Net Migrants 2010s, non-Hispanic Black male, ages 60-64"
m1bnm65,"Net Migrants 2010s, non-Hispanic Black male, ages 65-69"
m1bnm70,"Net Migrants 2010s, non-Hispanic Black male, ages 70-74"
m1bnm75,"Net Migrants 2010s, non-Hispanic Black male, ages 75-79"
m1bnm80,"Net Migrants 2010s, non-Hispanic Black male, ages 80-84"
m1bnm85,"Net Migrants 2010s, non-Hispanic Black male, ages 85 up"
m1thf0,"Net Migrants 2010s, Hispanic female, ages 00-04"
m1thf5,"Net Migrants 2010s, Hispanic female, ages 05-09"
m1thf10,"Net Migrants 2010s, Hispanic female, ages 10-14"
m1thf15,"Net Migrants 2010s, Hispanic female, ages 15-19"
m1thf20,"Net Migrants 2010s, Hispanic female, ages 20-24"
m1thf25,"Net Migrants 2010s, Hispanic female, ages 25-29"
m1thf30,"Net Migrants 2010s, Hispanic female, ages 30-34"
m1thf35,"Net Migrants 2010s, Hispanic female, ages 35-39"
m1thf40,"Net Migrants 2010s, Hispanic female, ages 40-44"
m1thf45,"Net Migrants 2010s, Hispanic female, ages 45-49"
m1thf50,"Net Migrants 2010s, Hispanic female, ages 50-54"
m1thf55,"Net Migrants 2010s, Hispanic female, ages 55-59"
m1thf60,"Net Migrants 2010s, Hispanic female, ages 60-64"
m1thf65,"Net Migrants 2010s, Hispanic female, ages 65-69"
m1thf70,"Net Migrants 2010s, Hispanic female, ages 70-74"
m1thf75,"Net Migrants 2010s, Hispanic female, ages 75-79"
m1thf80,"Net Migrants 2010s, Hispanic female, ages 80-84"
m1thf85,"Net Migrants 2010s, Hispanic female, ages 85 up"
m1thm0,"Net Migrants 2010s, Hispanic male, ages 00-04"
m1thm5,"Net Migrants 2010s, Hispanic male, ages 05-09"
m1thm10,"Net Migrants 2010s, Hispanic male, ages 10-14"
m1thm15,"Net Migrants 2010s, Hispanic male, ages 15-19"
m1thm20,"Net Migrants 2010s, Hispanic male, ages 20-24"
m1thm25,"Net Migrants 2010s, Hispanic male, ages 25-29"
m1thm30,"Net Migrants 2010s, Hispanic male, ages 30-34"
m1thm35,"Net Migrants 2010s, Hispanic male, ages 35-39"
m1thm40,"Net Migrants 2010s, Hispanic male, ages 40-44"
m1thm45,"Net Migrants 2010s, Hispanic male, ages 45-49"
m1thm50,"Net Migrants 2010s, Hispanic male, ages 50-54"
m1thm55,"Net Migrants 2010s, Hispanic male, ages 55-59"
m1thm60,"Net Migrants 2010s, Hispanic male, ages 60-64"
m1thm65,"Net Migrants 2010s, Hispanic male, ages 65-69"
m1thm70,"Net Migrants 2010s, Hispanic male, ages 70-74"
m1thm75,"Net Migrants 2010s, Hispanic male, ages 75-79"
m1thm80,"Net Migrants 2010s, Hispanic male, ages 80-84"
m1thm85,"Net Migrants 2010s, Hispanic male, ages 85 up"
m1itf0,"Net Migrants 2010s, American Indian/Alaskan Native female, ages 00-04"
m1itf5,"Net Migrants 2010s, American Indian/Alaskan Native female, ages 05-09"
m1itf10,"Net Migrants 2010s, American Indian/Alaskan Native female, ages 10-14"
m1itf15,"Net Migrants 2010s, American Indian/Alaskan Native female, ages 15-19"
m1itf20,"Net Migrants 2010s, American Indian/Alaskan Native female, ages 20-24"
m1itf25,"Net Migrants 2010s, American Indian/Alaskan Native female, ages 25-29"
m1itf30,"Net Migrants 2010s, American Indian/Alaskan Native female, ages 30-34"
m1itf35,"Net Migrants 2010s, American Indian/Alaskan Native female, ages 35-39"
m1itf40,"Net Migrants 2010s, American Indian/Alaskan Native female, ages 40-44"
m1itf45,"Net Migrants 2010s, American Indian/Alaskan Native female, ages 45-49"
m1itf50,"Net Migrants 2010s, American Indian/Alaskan Native female, ages 50-54"
m1itf55,"Net Migrants 2010s, American Indian/Alaskan Native female, ages 55-59"
m1itf60,"Net Migrants 2010s, American Indian/Alaskan Native female, ages 60-64"
m1itf65,"Net Migrants 2010s, American Indian/Alaskan Native female, ages 65-69"
m1itf70,"Net Migrants 2010s, American Indian/Alaskan Native female, ages 70-74"
m1itf75,"Net Migrants 2010s, American Indian/Alaskan Native female, ages 75-79"
m1itf80,"Net Migrants 2010s, American Indian/Alaskan Native female, ages 80-84"
m1itf85,"Net Migrants 2010s, American Indian/Alaskan Native female, ages 85 up"
m1itm0,"Net Migrants 2010s, American Indian/Alaskan Native male, ages 00-04"
m1itm5,"Net Migrants 2010s, American Indian/Alaskan Native male, ages 05-09"
m1itm10,"Net Migrants 2010s, American Indian/Alaskan Native male, ages 10-14"
m1itm15,"Net Migrants 2010s, American Indian/Alaskan Native male, ages 15-19"
m1itm20,"Net Migrants 2010s, American Indian/Alaskan Native male, ages 20-24"
m1itm25,"Net Migrants 2010s, American Indian/Alaskan Native male, ages 25-29"
m1itm30,"Net Migrants 2010s, American Indian/Alaskan Native male, ages 30-34"
m1itm35,"Net Migrants 2010s, American Indian/Alaskan Native male, ages 35-39"
m1itm40,"Net Migrants 2010s, American Indian/Alaskan Native male, ages 40-44"
m1itm45,"Net Migrants 2010s, American Indian/Alaskan Native male, ages 45-49"
m1itm50,"Net Migrants 2010s, American Indian/Alaskan Native male, ages 50-54"
m1itm55,"Net Migrants 2010s, American Indian/Alaskan Native male, ages 55-59"
m1itm60,"Net Migrants 2010s, American Indian/Alaskan Native male, ages 60-64"
m1itm65,"Net Migrants 2010s, American Indian/Alaskan Native male, ages 65-69"
m1itm70,"Net Migrants 2010s, American Indian/Alaskan Native male, ages 70-74"
m1itm75,"Net Migrants 2010s, American Indian/Alaskan Native male, ages 75-79"
m1itm80,"Net Migrants 2010s, American Indian/Alaskan Native male, ages 80-84"
m1itm85,"Net Migrants 2010s, American Indian/Alaskan Native male, ages 85 up"
m1wnf0,"Net Migrants 2010s, non-Hispanic White female, ages 00-04"
m1wnf5,"Net Migrants 2010s, non-Hispanic White female, ages 05-09"
m1wnf10,"Net Migrants 2010s, non-Hispanic White female, ages 10-14"
m1wnf15,"Net Migrants 2010s, non-Hispanic White female, ages 15-19"
m1wnf20,"Net Migrants 2010s, non-Hispanic White female, ages 20-24"
m1wnf25,"Net Migrants 2010s, non-Hispanic White female, ages 25-29"
m1wnf30,"Net Migrants 2010s, non-Hispanic White female, ages 30-34"
m1wnf35,"Net Migrants 2010s, non-Hispanic White female, ages 35-39"
m1wnf40,"Net Migrants 2010s, non-Hispanic White female, ages 40-44"
m1wnf45,"Net Migrants 2010s, non-Hispanic White female, ages 45-49"
m1wnf50,"Net Migrants 2010s, non-Hispanic White female, ages 50-54"
m1wnf55,"Net Migrants 2010s, non-Hispanic White female, ages 55-59"
m1wnf60,"Net Migrants 2010s, non-Hispanic White female, ages 60-64"
m1wnf65,"Net Migrants 2010s, non-Hispanic White female, ages 65-69"
m1wnf70,"Net Migrants 2010s, non-Hispanic White female, ages 70-74"
m1wnf75,"Net Migrants 2010s, non-Hispanic White female, ages 75-79"
m1wnf80,"Net Migrants 2010s, non-Hispanic White female, ages 80-84"
m1wnf85,"Net Migrants 2010s, non-Hispanic White female, ages 85 up"
m1wnm0,"Net Migrants 2010s, non-Hispanic White male, ages 00-04"
m1wnm5,"Net Migrants 2010s, non-Hispanic White male, ages 05-09"
m1wnm10,"Net Migrants 2010s, non-Hispanic White male, ages 10-14"
m1wnm15,"Net Migrants 2010s, non-Hispanic White male, ages 15-19"
m1wnm20,"Net Migrants 2010s, non-Hispanic White male, ages 20-24"
m1wnm25,"Net Migrants 2010s, non-Hispanic White male, ages 25-29"
m1wnm30,"Net Migrants 2010s, non-Hispanic White male, ages 30-34"
m1wnm35,"Net Migrants 2010s, non-Hispanic White male, ages 35-39"
m1wnm40,"Net Migrants 2010s, non-Hispanic White male, ages 40-44"
m1wnm45,"Net Migrants 2010s, non-Hispanic White male, ages 45-49"
m1wnm50,"Net Migrants 2010s, non-Hispanic White male, ages 50-54"
m1wnm55,"Net Migrants 2010s, non-Hispanic White male, ages 55-59"
m1wnm60,"Net Migrants 2010s, non-Hispanic White male, ages 60-64"
m1wnm65,"Net Migrants 2010s, non-Hispanic White male, ages 65-69"
m1wnm70,"Net Migrants 2010s, non-Hispanic White male, ages 70-74"
m1wnm75,"Net Migrants 2010s, non-Hispanic White male, ages 75-79"
m1wnm80,"Net Migrants 2010s, non-Hispanic White male, ages 80-84"
m1wnm85,"Net Migrants 2010s, non-Hispanic White male, ages 85 up"
e1anf0,"Expected Population 2020, non-Hispanic Asian/Pacific Islander female, ages 00-04"
e1anf5,"Expected Population 2020, non-Hispanic Asian/Pacific Islander female, ages 05-09"
e1anf10,"Expected Population 2020, non-Hispanic Asian/Pacific Islander female, ages 10-14"
e1anf15,"Expected Population 2020, non-Hispanic Asian/Pacific Islander female, ages 15-19"
e1anf20,"Expected Population 2020, non-Hispanic Asian/Pacific Islander female, ages 20-24"
e1anf25,"Expected Population 2020, non-Hispanic Asian/Pacific Islander female, ages 25-29"
e1anf30,"Expected Population 2020, non-Hispanic Asian/Pacific Islander female, ages 30-34"
e1anf35,"Expected Population 2020, non-Hispanic Asian/Pacific Islander female, ages 35-39"
e1anf40,"Expected Population 2020, non-Hispanic Asian/Pacific Islander female, ages 40-44"
e1anf45,"Expected Population 2020, non-Hispanic Asian/Pacific Islander female, ages 45-49"
e1anf50,"Expected Population 2020, non-Hispanic Asian/Pacific Islander female, ages 50-54"
e1anf55,"Expected Population 2020, non-Hispanic Asian/Pacific Islander female, ages 55-59"
e1anf60,"Expected Population 2020, non-Hispanic Asian/Pacific Islander female, ages 60-64"
e1anf65,"Expected Population 2020, non-Hispanic Asian/Pacific Islander female, ages 65-69"
e1anf70,"Expected Population 2020, non-Hispanic Asian/Pacific Islander female, ages 70-74"
e1anf75,"Expected Population 2020, non-Hispanic Asian/Pacific Islander female, ages 75-79"
e1anf80,"Expected Population 2020, non-Hispanic Asian/Pacific Islander female, ages 80-84"
e1anf85,"Expected Population 2020, non-Hispanic Asian/Pacific Islander female, ages 85 up"
e1anm0,"Expected Population 2020, non-Hispanic Asian/Pacific Islander male, ages 00-04"
e1anm5,"Expected Population 2020, non-Hispanic Asian/Pacific Islander male, ages 05-09"
e1anm10,"Expected Population 2020, non-Hispanic Asian/Pacific Islander male, ages 10-14"
e1anm15,"Expected Population 2020, non-Hispanic Asian/Pacific Islander male, ages 15-19"
e1anm20,"Expected Population 2020, non-Hispanic Asian/Pacific Islander male, ages 20-24"
e1anm25,"Expected Population 2020, non-Hispanic Asian/Pacific Islander male, ages 25-29"
e1anm30,"Expected Population 2020, non-Hispanic Asian/Pacific Islander male, ages 30-34"
e1anm35,"Expected Population 2020, non-Hispanic Asian/Pacific Islander male, ages 35-39"
e1anm40,"Expected Population 2020, non-Hispanic Asian/Pacific Islander male, ages 40-44"
e1anm45,"Expected Population 2020, non-Hispanic Asian/Pacific Islander male, ages 45-49"
e1anm50,"Expected Population 2020, non-Hispanic Asian/Pacific Islander male, ages 50-54"
e1anm55,"Expected Population 2020, non-Hispanic Asian/Pacific Islander male, ages 55-59"
e1anm60,"Expected Population 2020, non-Hispanic Asian/Pacific Islander male, ages 60-64"
e1anm65,"Expected Population 2020, non-Hispanic Asian/Pacific Islander male, ages 65-69"
e1anm70,"Expected Population 2020, non-Hispanic Asian/Pacific Islander male, ages 70-74"
e1anm75,"Expected Population 2020, non-Hispanic Asian/Pacific Islander male, ages 75-79"
e1anm80,"Expected Population 2020, non-Hispanic Asian/Pacific Islander male, ages 80-84"
e1anm85,"Expected Population 2020, non-Hispanic Asian/Pacific Islander male, ages 85 up"
e1bnf0,"Expected Population 2020, non-Hispanic Black female, ages 00-04"
e1bnf5,"Expected Population 2020, non-Hispanic Black female, ages 05-09"
e1bnf10,"Expected Population 2020, non-Hispanic Black female, ages 10-14"
e1bnf15,"Expected Population 2020, non-Hispanic Black female, ages 15-19"
e1bnf20,"Expected Population 2020, non-Hispanic Black female, ages 20-24"
e1bnf25,"Expected Population 2020, non-Hispanic Black female, ages 25-29"
e1bnf30,"Expected Population 2020, non-Hispanic Black female, ages 30-34"
e1bnf35,"Expected Population 2020, non-Hispanic Black female, ages 35-39"
e1bnf40,"Expected Population 2020, non-Hispanic Black female, ages 40-44"
e1bnf45,"Expected Population 2020, non-Hispanic Black female, ages 45-49"
e1bnf50,"Expected Population 2020, non-Hispanic Black female, ages 50-54"
e1bnf55,"Expected Population 2020, non-Hispanic Black female, ages 55-59"
e1bnf60,"Expected Population 2020, non-Hispanic Black female, ages 60-64"
e1bnf65,"Expected Population 2020, non-Hispanic Black female, ages 65-69"
e1bnf70,"Expected Population 2020, non-Hispanic Black female, ages 70-74"
e1bnf75,"Expected Population 2020, non-Hispanic Black female, ages 75-79"
e1bnf80,"Expected Population 2020, non-Hispanic Black female, ages 80-84"
e1bnf85,"Expected Population 2020, non-Hispanic Black female, ages 85 up"
e1bnm0,"Expected Population 2020, non-Hispanic Black male, ages 00-04"
e1bnm5,"Expected Population 2020, non-Hispanic Black male, ages 05-09"
e1bnm10,"Expected Population 2020, non-Hispanic Black male, ages 10-14"
e1bnm15,"Expected Population 2020, non-Hispanic Black male, ages 15-19"
e1bnm20,"Expected Population 2020, non-Hispanic Black male, ages 20-24"
e1bnm25,"Expected Population 2020, non-Hispanic Black male, ages 25-29"
e1bnm30,"Expected Population 2020, non-Hispanic Black male, ages 30-34"
e1bnm35,"Expected Population 2020, non-Hispanic Black male, ages 35-39"
e1bnm40,"Expected Population 2020, non-Hispanic Black male, ages 40-44"
e1bnm45,"Expected Population 2020, non-Hispanic Black male, ages 45-49"
e1bnm50,"Expected Population 2020, non-Hispanic Black male, ages 50-54"
e1bnm55,"Expected Population 2020, non-Hispanic Black male, ages 55-59"
e1bnm60,"Expected Population 2020, non-Hispanic Black male, ages 60-64"
e1bnm65,"Expected Population 2020, non-Hispanic Black male, ages 65-69"
e1bnm70,"Expected Population 2020, non-Hispanic Black male, ages 70-74"
e1bnm75,"Expected Population 2020, non-Hispanic Black male, ages 75-79"
e1bnm80,"Expected Population 2020, non-Hispanic Black male, ages 80-84"
e1bnm85,"Expected Population 2020, non-Hispanic Black male, ages 85 up"
e1thf0,"Expected Population 2020, Hispanic female, ages 00-04"
e1thf5,"Expected Population 2020, Hispanic female, ages 05-09"
e1thf10,"Expected Population 2020, Hispanic female, ages 10-14"
e1thf15,"Expected Population 2020, Hispanic female, ages 15-19"
e1thf20,"Expected Population 2020, Hispanic female, ages 20-24"
e1thf25,"Expected Population 2020, Hispanic female, ages 25-29"
e1thf30,"Expected Population 2020, Hispanic female, ages 30-34"
e1thf35,"Expected Population 2020, Hispanic female, ages 35-39"
e1thf40,"Expected Population 2020, Hispanic female, ages 40-44"
e1thf45,"Expected Population 2020, Hispanic female, ages 45-49"
e1thf50,"Expected Population 2020, Hispanic female, ages 50-54"
e1thf55,"Expected Population 2020, Hispanic female, ages 55-59"
e1thf60,"Expected Population 2020, Hispanic female, ages 60-64"
e1thf65,"Expected Population 2020, Hispanic female, ages 65-69"
e1thf70,"Expected Population 2020, Hispanic female, ages 70-74"
e1thf75,"Expected Population 2020, Hispanic female, ages 75-79"
e1thf80,"Expected Population 2020, Hispanic female, ages 80-84"
e1thf85,"Expected Population 2020, Hispanic female, ages 85 up"
e1thm0,"Expected Population 2020, Hispanic male, ages 00-04"
e1thm5,"Expected Population 2020, Hispanic male, ages 05-09"
e1thm10,"Expected Population 2020, Hispanic male, ages 10-14"
e1thm15,"Expected Population 2020, Hispanic male, ages 15-19"
e1thm20,"Expected Population 2020, Hispanic male, ages 20-24"
e1thm25,"Expected Population 2020, Hispanic male, ages 25-29"
e1thm30,"Expected Population 2020, Hispanic male, ages 30-34"
e1thm35,"Expected Population 2020, Hispanic male, ages 35-39"
e1thm40,"Expected Population 2020, Hispanic male, ages 40-44"
e1thm45,"Expected Population 2020, Hispanic male, ages 45-49"
e1thm50,"Expected Population 2020, Hispanic male, ages 50-54"
e1thm55,"Expected Population 2020, Hispanic male, ages 55-59"
e1thm60,"Expected Population 2020, Hispanic male, ages 60-64"
e1thm65,"Expected Population 2020, Hispanic male, ages 65-69"
e1thm70,"Expected Population 2020, Hispanic male, ages 70-74"
e1thm75,"Expected Population 2020, Hispanic male, ages 75-79"
e1thm80,"Expected Population 2020, Hispanic male, ages 80-84"
e1thm85,"Expected Population 2020, Hispanic male, ages 85 up"
e1itf0,"Expected Population 2020, American Indian/Alaskan Native female, ages 00-04"
e1itf5,"Expected Population 2020, American Indian/Alaskan Native female, ages 05-09"
e1itf10,"Expected Population 2020, American Indian/Alaskan Native female, ages 10-14"
e1itf15,"Expected Population 2020, American Indian/Alaskan Native female, ages 15-19"
e1itf20,"Expected Population 2020, American Indian/Alaskan Native female, ages 20-24"
e1itf25,"Expected Population 2020, American Indian/Alaskan Native female, ages 25-29"
e1itf30,"Expected Population 2020, American Indian/Alaskan Native female, ages 30-34"
e1itf35,"Expected Population 2020, American Indian/Alaskan Native female, ages 35-39"
e1itf40,"Expected Population 2020, American Indian/Alaskan Native female, ages 40-44"
e1itf45,"Expected Population 2020, American Indian/Alaskan Native female, ages 45-49"
e1itf50,"Expected Population 2020, American Indian/Alaskan Native female, ages 50-54"
e1itf55,"Expected Population 2020, American Indian/Alaskan Native female, ages 55-59"
e1itf60,"Expected Population 2020, American Indian/Alaskan Native female, ages 60-64"
e1itf65,"Expected Population 2020, American Indian/Alaskan Native female, ages 65-69"
e1itf70,"Expected Population 2020, American Indian/Alaskan Native female, ages 70-74"
e1itf75,"Expected Population 2020, American Indian/Alaskan Native female, ages 75-79"
e1itf80,"Expected Population 2020, American Indian/Alaskan Native female, ages 80-84"
e1itf85,"Expected Population 2020, American Indian/Alaskan Native female, ages 85 up"
e1itm0,"Expected Population 2020, American Indian/Alaskan Native male, ages 00-04"
e1itm5,"Expected Population 2020, American Indian/Alaskan Native male, ages 05-09"
e1itm10,"Expected Population 2020, American Indian/Alaskan Native male, ages 10-14"
e1itm15,"Expected Population 2020, American Indian/Alaskan Native male, ages 15-19"
e1itm20,"Expected Population 2020, American Indian/Alaskan Native male, ages 20-24"
e1itm25,"Expected Population 2020, American Indian/Alaskan Native male, ages 25-29"
e1itm30,"Expected Population 2020, American Indian/Alaskan Native male, ages 30-34"
e1itm35,"Expected Population 2020, American Indian/Alaskan Native male, ages 35-39"
e1itm40,"Expected Population 2020, American Indian/Alaskan Native male, ages 40-44"
e1itm45,"Expected Population 2020, American Indian/Alaskan Native male, ages 45-49"
e1itm50,"Expected Population 2020, American Indian/Alaskan Native male, ages 50-54"
e1itm55,"Expected Population 2020, American Indian/Alaskan Native male, ages 55-59"
e1itm60,"Expected Population 2020, American Indian/Alaskan Native male, ages 60-64"
e1itm65,"Expected Population 2020, American Indian/Alaskan Native male, ages 65-69"
e1itm70,"Expected Population 2020, American Indian/Alaskan Native male, ages 70-74"
e1itm75,"Expected Population 2020, American Indian/Alaskan Native male, ages 75-79"
e1itm80,"Expected Population 2020, American Indian/Alaskan Native male, ages 80-84"
e1itm85,"Expected Population 2020, American Indian/Alaskan Native male, ages 85 up"
e1wnf0,"Expected Population 2020, non-Hispanic White female, ages 00-04"
e1wnf5,"Expected Population 2020, non-Hispanic White female, ages 05-09"
e1wnf10,"Expected Population 2020, non-Hispanic White female, ages 10-14"
e1wnf15,"Expected Population 2020, non-Hispanic White female, ages 15-19"
e1wnf20,"Expected Population 2020, non-Hispanic White female, ages 20-24"
e1wnf25,"Expected Population 2020, non-Hispanic White female, ages 25-29"
e1wnf30,"Expected Population 2020, non-Hispanic White female, ages 30-34"
e1wnf35,"Expected Population 2020, non-Hispanic White female, ages 35-39"
e1wnf40,"Expected Population 2020, non-Hispanic White female, ages 40-44"
e1wnf45,"Expected Population 2020, non-Hispanic White female, ages 45-49"
e1wnf50,"Expected Population 2020, non-Hispanic White female, ages 50-54"
e1wnf55,"Expected Population 2020, non-Hispanic White female, ages 55-59"
e1wnf60,"Expected Population 2020, non-Hispanic White female, ages 60-64"
e1wnf65,"Expected Population 2020, non-Hispanic White female, ages 65-69"
e1wnf70,"Expected Population 2020, non-Hispanic White female, ages 70-74"
e1wnf75,"Expected Population 2020, non-Hispanic White female, ages 75-79"
e1wnf80,"Expected Population 2020, non-Hispanic White female, ages 80-84"
e1wnf85,"Expected Population 2020, non-Hispanic White female, ages 85 up"
e1wnm0,"Expected Population 2020, non-Hispanic White male, ages 00-04"
e1wnm5,"Expected Population 2020, non-Hispanic White male, ages 05-09"
e1wnm10,"Expected Population 2020, non-Hispanic White male, ages 10-14"
e1wnm15,"Expected Population 2020, non-Hispanic White male, ages 15-19"
e1wnm20,"Expected Population 2020, non-Hispanic White male, ages 20-24"
e1wnm25,"Expected Population 2020, non-Hispanic White male, ages 25-29"
e1wnm30,"Expected Population 2020, non-Hispanic White male, ages 30-34"
e1wnm35,"Expected Population 2020, non-Hispanic White male, ages 35-39"
e1wnm40,"Expected Population 2020, non-Hispanic White male, ages 40-44"
e1wnm45,"Expected Population 2020, non-Hispanic White male, ages 45-49"
e1wnm50,"Expected Population 2020, non-Hispanic White male, ages 50-54"
e1wnm55,"Expected Population 2020, non-Hispanic White male, ages 55-59"
e1wnm60,"Expected Population 2020, non-Hispanic White male, ages 60-64"
e1wnm65,"Expected Population 2020, non-Hispanic White male, ages 65-69"
e1wnm70,"Expected Population 2020, non-Hispanic White male, ages 70-74"
e1wnm75,"Expected Population 2020, non-Hispanic White male, ages 75-79"
e1wnm80,"Expected Population 2020, non-Hispanic White male, ages 80-84"
e1wnm85,"Expected Population 2020, non-Hispanic White male, ages 85 up"
r1anf0,"Net Migration Rate 2010s, non-Hispanic Asian/Pacific Islander female, ages 00-04"
r1anf5,"Net Migration Rate 2010s, non-Hispanic Asian/Pacific Islander female, ages 05-09"
r1anf10,"Net Migration Rate 2010s, non-Hispanic Asian/Pacific Islander female, ages 10-14"
r1anf15,"Net Migration Rate 2010s, non-Hispanic Asian/Pacific Islander female, ages 15-19"
r1anf20,"Net Migration Rate 2010s, non-Hispanic Asian/Pacific Islander female, ages 20-24"
r1anf25,"Net Migration Rate 2010s, non-Hispanic Asian/Pacific Islander female, ages 25-29"
r1anf30,"Net Migration Rate 2010s, non-Hispanic Asian/Pacific Islander female, ages 30-34"
r1anf35,"Net Migration Rate 2010s, non-Hispanic Asian/Pacific Islander female, ages 35-39"
r1anf40,"Net Migration Rate 2010s, non-Hispanic Asian/Pacific Islander female, ages 40-44"
r1anf45,"Net Migration Rate 2010s, non-Hispanic Asian/Pacific Islander female, ages 45-49"
r1anf50,"Net Migration Rate 2010s, non-Hispanic Asian/Pacific Islander female, ages 50-54"
r1anf55,"Net Migration Rate 2010s, non-Hispanic Asian/Pacific Islander female, ages 55-59"
r1anf60,"Net Migration Rate 2010s, non-Hispanic Asian/Pacific Islander female, ages 60-64"
r1anf65,"Net Migration Rate 2010s, non-Hispanic Asian/Pacific Islander female, ages 65-69"
r1anf70,"Net Migration Rate 2010s, non-Hispanic Asian/Pacific Islander female, ages 70-74"
r1anf75,"Net Migration Rate 2010s, non-Hispanic Asian/Pacific Islander female, ages 75-79"
r1anf80,"Net Migration Rate 2010s, non-Hispanic Asian/Pacific Islander female, ages 80-84"
r1anf85,"Net Migration Rate 2010s, non-Hispanic Asian/Pacific Islander female, ages 85 up"
r1anm0,"Net Migration Rate 2010s, non-Hispanic Asian/Pacific Islander male, ages 00-04"
r1anm5,"Net Migration Rate 2010s, non-Hispanic Asian/Pacific Islander male, ages 05-09"
r1anm10,"Net Migration Rate 2010s, non-Hispanic Asian/Pacific Islander male, ages 10-14"
r1anm15,"Net Migration Rate 2010s, non-Hispanic Asian/Pacific Islander male, ages 15-19"
r1anm20,"Net Migration Rate 2010s, non-Hispanic Asian/Pacific Islander male, ages 20-24"
r1anm25,"Net Migration Rate 2010s, non-Hispanic Asian/Pacific Islander male, ages 25-29"
r1anm30,"Net Migration Rate 2010s, non-Hispanic Asian/Pacific Islander male, ages 30-34"
r1anm35,"Net Migration Rate 2010s, non-Hispanic Asian/Pacific Islander male, ages 35-39"
r1anm40,"Net Migration Rate 2010s, non-Hispanic Asian/Pacific Islander male, ages 40-44"
r1anm45,"Net Migration Rate 2010s, non-Hispanic Asian/Pacific Islander male, ages 45-49"
r1anm50,"Net Migration Rate 2010s, non-Hispanic Asian/Pacific Islander male, ages 50-54"
r1anm55,"Net Migration Rate 2010s, non-Hispanic Asian/Pacific Islander male, ages 55-59"
r1anm60,"Net Migration Rate 2010s, non-Hispanic Asian/Pacific Islander male, ages 60-64"
r1anm65,"Net Migration Rate 2010s, non-Hispanic Asian/Pacific Islander male, ages 65-69"
r1anm70,"Net Migration Rate 2010s, non-Hispanic Asian/Pacific Islander male, ages 70-74"
r1anm75,"Net Migration Rate 2010s, non-Hispanic Asian/Pacific Islander male, ages 75-79"
r1anm80,"Net Migration Rate 2010s, non-Hispanic Asian/Pacific Islander male, ages 80-84"
r1anm85,"Net Migration Rate 2010s, non-Hispanic Asian/Pacific Islander male, ages 85 up"
r1bnf0,"Net Migration Rate 2010s, non-Hispanic Black female, ages 00-04"
r1bnf5,"Net Migration Rate 2010s, non-Hispanic Black female, ages 05-09"
r1bnf10,"Net Migration Rate 2010s, non-Hispanic Black female, ages 10-14"
r1bnf15,"Net Migration Rate 2010s, non-Hispanic Black female, ages 15-19"
r1bnf20,"Net Migration Rate 2010s, non-Hispanic Black female, ages 20-24"
r1bnf25,"Net Migration Rate 2010s, non-Hispanic Black female, ages 25-29"
r1bnf30,"Net Migration Rate 2010s, non-Hispanic Black female, ages 30-34"
r1bnf35,"Net Migration Rate 2010s, non-Hispanic Black female, ages 35-39"
r1bnf40,"Net Migration Rate 2010s, non-Hispanic Black female, ages 40-44"
r1bnf45,"Net Migration Rate 2010s, non-Hispanic Black female, ages 45-49"
r1bnf50,"Net Migration Rate 2010s, non-Hispanic Black female, ages 50-54"
r1bnf55,"Net Migration Rate 2010s, non-Hispanic Black female, ages 55-59"
r1bnf60,"Net Migration Rate 2010s, non-Hispanic Black female, ages 60-64"
r1bnf65,"Net Migration Rate 2010s, non-Hispanic Black female, ages 65-69"
r1bnf70,"Net Migration Rate 2010s, non-Hispanic Black female, ages 70-74"
r1bnf75,"Net Migration Rate 2010s, non-Hispanic Black female, ages 75-79"
r1bnf80,"Net Migration Rate 2010s, non-Hispanic Black female, ages 80-84"
r1bnf85,"Net Migration Rate 2010s, non-Hispanic Black female, ages 85 up"
r1bnm0,"Net Migration Rate 2010s, non-Hispanic Black male, ages 00-04"
r1bnm5,"Net Migration Rate 2010s, non-Hispanic Black male, ages 05-09"
r1bnm10,"Net Migration Rate 2010s, non-Hispanic Black male, ages 10-14"
r1bnm15,"Net Migration Rate 2010s, non-Hispanic Black male, ages 15-19"
r1bnm20,"Net Migration Rate 2010s, non-Hispanic Black male, ages 20-24"
r1bnm25,"Net Migration Rate 2010s, non-Hispanic Black male, ages 25-29"
r1bnm30,"Net Migration Rate 2010s, non-Hispanic Black male, ages 30-34"
r1bnm35,"Net Migration Rate 2010s, non-Hispanic Black male, ages 35-39"
r1bnm40,"Net Migration Rate 2010s, non-Hispanic Black male, ages 40-44"
r1bnm45,"Net Migration Rate 2010s, non-Hispanic Black male, ages 45-49"
r1bnm50,"Net Migration Rate 2010s, non-Hispanic Black male, ages 50-54"
r1bnm55,"Net Migration Rate 2010s, non-Hispanic Black male, ages 55-59"
r1bnm60,"Net Migration Rate 2010s, non-Hispanic Black male, ages 60-64"
r1bnm65,"Net Migration Rate 2010s, non-Hispanic Black male, ages 65-69"
r1bnm70,"Net Migration Rate 2010s, non-Hispanic Black male, ages 70-74"
r1bnm75,"Net Migration Rate 2010s, non-Hispanic Black male, ages 75-79"
r1bnm80,"Net Migration Rate 2010s, non-Hispanic Black male, ages 80-84"
r1bnm85,"Net Migration Rate 2010s, non-Hispanic Black male, ages 85 up"
r1thf0,"Net Migration Rate 2010s, Hispanic female, ages 00-04"
r1thf5,"Net Migration Rate 2010s, Hispanic female, ages 05-09"
r1thf10,"Net Migration Rate 2010s, Hispanic female, ages 10-14"
r1thf15,"Net Migration Rate 2010s, Hispanic female, ages 15-19"
r1thf20,"Net Migration Rate 2010s, Hispanic female, ages 20-24"
r1thf25,"Net Migration Rate 2010s, Hispanic female, ages 25-29"
r1thf30,"Net Migration Rate 2010s, Hispanic female, ages 30-34"
r1thf35,"Net Migration Rate 2010s, Hispanic female, ages 35-39"
r1thf40,"Net Migration Rate 2010s, Hispanic female, ages 40-44"
r1thf45,"Net Migration Rate 2010s, Hispanic female, ages 45-49"
r1thf50,"Net Migration Rate 2010s, Hispanic female, ages 50-54"
r1thf55,"Net Migration Rate 2010s, Hispanic female, ages 55-59"
r1thf60,"Net Migration Rate 2010s, Hispanic female, ages 60-64"
r1thf65,"Net Migration Rate 2010s, Hispanic female, ages 65-69"
r1thf70,"Net Migration Rate 2010s, Hispanic female, ages 70-74"
r1thf75,"Net Migration Rate 2010s, Hispanic female, ages 75-79"
r1thf80,"Net Migration Rate 2010s, Hispanic female, ages 80-84"
r1thf85,"Net Migration Rate 2010s, Hispanic female, ages 85 up"
r1thm0,"Net Migration Rate 2010s, Hispanic male, ages 00-04"
r1thm5,"Net Migration Rate 2010s, Hispanic male, ages 05-09"
r1thm10,"Net Migration Rate 2010s, Hispanic male, ages 10-14"
r1thm15,"Net Migration Rate 2010s, Hispanic male, ages 15-19"
r1thm20,"Net Migration Rate 2010s, Hispanic male, ages 20-24"
r1thm25,"Net Migration Rate 2010s, Hispanic male, ages 25-29"
r1thm30,"Net Migration Rate 2010s, Hispanic male, ages 30-34"
r1thm35,"Net Migration Rate 2010s, Hispanic male, ages 35-39"
r1thm40,"Net Migration Rate 2010s, Hispanic male, ages 40-44"
r1thm45,"Net Migration Rate 2010s, Hispanic male, ages 45-49"
r1thm50,"Net Migration Rate 2010s, Hispanic male, ages 50-54"
r1thm55,"Net Migration Rate 2010s, Hispanic male, ages 55-59"
r1thm60,"Net Migration Rate 2010s, Hispanic male, ages 60-64"
r1thm65,"Net Migration Rate 2010s, Hispanic male, ages 65-69"
r1thm70,"Net Migration Rate 2010s, Hispanic male, ages 70-74"
r1thm75,"Net Migration Rate 2010s, Hispanic male, ages 75-79"
r1thm80,"Net Migration Rate 2010s, Hispanic male, ages 80-84"
r1thm85,"Net Migration Rate 2010s, Hispanic male, ages 85 up"
r1itf0,"Net Migration Rate 2010s, American Indian/Alaskan Native female, ages 00-04"
r1itf5,"Net Migration Rate 2010s, American Indian/Alaskan Native female, ages 05-09"
r1itf10,"Net Migration Rate 2010s, American Indian/Alaskan Native female, ages 10-14"
r1itf15,"Net Migration Rate 2010s, American Indian/Alaskan Native female, ages 15-19"
r1itf20,"Net Migration Rate 2010s, American Indian/Alaskan Native female, ages 20-24"
r1itf25,"Net Migration Rate 2010s, American Indian/Alaskan Native female, ages 25-29"
r1itf30,"Net Migration Rate 2010s, American Indian/Alaskan Native female, ages 30-34"
r1itf35,"Net Migration Rate 2010s, American Indian/Alaskan Native female, ages 35-39"
r1itf40,"Net Migration Rate 2010s, American Indian/Alaskan Native female, ages 40-44"
r1itf45,"Net Migration Rate 2010s, American Indian/Alaskan Native female, ages 45-49"
r1itf50,"Net Migration Rate 2010s, American Indian/Alaskan Native female, ages 50-54"
r1itf55,"Net Migration Rate 2010s, American Indian/Alaskan Native female, ages 55-59"
r1itf60,"Net Migration Rate 2010s, American Indian/Alaskan Native female, ages 60-64"
r1itf65,"Net Migration Rate 2010s, American Indian/Alaskan Native female, ages 65-69"
r1itf70,"Net Migration Rate 2010s, American Indian/Alaskan Native female, ages 70-74"
r1itf75,"Net Migration Rate 2010s, American Indian/Alaskan Native female, ages 75-79"
r1itf80,"Net Migration Rate 2010s, American Indian/Alaskan Native female, ages 80-84"
r1itf85,"Net Migration Rate 2010s, American Indian/Alaskan Native female, ages 85 up"
r1itm0,"Net Migration Rate 2010s, American Indian/Alaskan Native male, ages 00-04"
r1itm5,"Net Migration Rate 2010s, American Indian/Alaskan Native male, ages 05-09"
r1itm10,"Net Migration Rate 2010s, American Indian/Alaskan Native male, ages 10-14"
r1itm15,"Net Migration Rate 2010s, American Indian/Alaskan Native male, ages 15-19"
r1itm20,"Net Migration Rate 2010s, American Indian/Alaskan Native male, ages 20-24"
r1itm25,"Net Migration Rate 2010s, American Indian/Alaskan Native male, ages 25-29"
r1itm30,"Net Migration Rate 2010s, American Indian/Alaskan Native male, ages 30-34"
r1itm35,"Net Migration Rate 2010s, American Indian/Alaskan Native male, ages 35-39"
r1itm40,"Net Migration Rate 2010s, American Indian/Alaskan Native male, ages 40-44"
r1itm45,"Net Migration Rate 2010s, American Indian/Alaskan Native male, ages 45-49"
r1itm50,"Net Migration Rate 2010s, American Indian/Alaskan Native male, ages 50-54"
r1itm55,"Net Migration Rate 2010s, American Indian/Alaskan Native male, ages 55-59"
r1itm60,"Net Migration Rate 2010s, American Indian/Alaskan Native male, ages 60-64"
r1itm65,"Net Migration Rate 2010s, American Indian/Alaskan Native male, ages 65-69"
r1itm70,"Net Migration Rate 2010s, American Indian/Alaskan Native male, ages 70-74"
r1itm75,"Net Migration Rate 2010s, American Indian/Alaskan Native male, ages 75-79"
r1itm80,"Net Migration Rate 2010s, American Indian/Alaskan Native male, ages 80-84"
r1itm85,"Net Migration Rate 2010s, American Indian/Alaskan Native male, ages 85 up"
r1wnf0,"Net Migration Rate 2010s, non-Hispanic White female, ages 00-04"
r1wnf5,"Net Migration Rate 2010s, non-Hispanic White female, ages 05-09"
r1wnf10,"Net Migration Rate 2010s, non-Hispanic White female, ages 10-14"
r1wnf15,"Net Migration Rate 2010s, non-Hispanic White female, ages 15-19"
r1wnf20,"Net Migration Rate 2010s, non-Hispanic White female, ages 20-24"
r1wnf25,"Net Migration Rate 2010s, non-Hispanic White female, ages 25-29"
r1wnf30,"Net Migration Rate 2010s, non-Hispanic White female, ages 30-34"
r1wnf35,"Net Migration Rate 2010s, non-Hispanic White female, ages 35-39"
r1wnf40,"Net Migration Rate 2010s, non-Hispanic White female, ages 40-44"
r1wnf45,"Net Migration Rate 2010s, non-Hispanic White female, ages 45-49"
r1wnf50,"Net Migration Rate 2010s, non-Hispanic White female, ages 50-54"
r1wnf55,"Net Migration Rate 2010s, non-Hispanic White female, ages 55-59"
r1wnf60,"Net Migration Rate 2010s, non-Hispanic White female, ages 60-64"
r1wnf65,"Net Migration Rate 2010s, non-Hispanic White female, ages 65-69"
r1wnf70,"Net Migration Rate 2010s, non-Hispanic White female, ages 70-74"
r1wnf75,"Net Migration Rate 2010s, non-Hispanic White female, ages 75-79"
r1wnf80,"Net Migration Rate 2010s, non-Hispanic White female, ages 80-84"
r1wnf85,"Net Migration Rate 2010s, non-Hispanic White female, ages 85 up"
r1wnm0,"Net Migration Rate 2010s, non-Hispanic White male, ages 00-04"
r1wnm5,"Net Migration Rate 2010s, non-Hispanic White male, ages 05-09"
r1wnm10,"Net Migration Rate 2010s, non-Hispanic White male, ages 10-14"
r1wnm15,"Net Migration Rate 2010s, non-Hispanic White male, ages 15-19"
r1wnm20,"Net Migration Rate 2010s, non-Hispanic White male, ages 20-24"
r1wnm25,"Net Migration Rate 2010s, non-Hispanic White male, ages 25-29"
r1wnm30,"Net Migration Rate 2010s, non-Hispanic White male, ages 30-34"
r1wnm35,"Net Migration Rate 2010s, non-Hispanic White male, ages 35-39"
r1wnm40,"Net Migration Rate 2010s, non-Hispanic White male, ages 40-44"
r1wnm45,"Net Migration Rate 2010s, non-Hispanic White male, ages 45-49"
r1wnm50,"Net Migration Rate 2010s, non-Hispanic White male, ages 50-54"
r1wnm55,"Net Migration Rate 2010s, non-Hispanic White male, ages 55-59"
r1wnm60,"Net Migration Rate 2010s, non-Hispanic White male, ages 60-64"
r1wnm65,"Net Migration Rate 2010s, non-Hispanic White male, ages 65-69"
r1wnm70,"Net Migration Rate 2010s, non-Hispanic White male, ages 70-74"
r1wnm75,"Net Migration Rate 2010s, non-Hispanic White male, ages 75-79"
r1wnm80,"Net Migration Rate 2010s, non-Hispanic White male, ages 80-84"
r1wnm85,"Net Migration Rate 2010s, non-Hispanic White male, ages 85 up"
f1ant0,"Population 2020, non-Hispanic Asian/Pacific Islander total, ages 00-04"
f1ant5,"Population 2020, non-Hispanic Asian/Pacific Islander total, ages 05-09"
f1ant10,"Population 2020, non-Hispanic Asian/Pacific Islander total, ages 10-14"
f1ant15,"Population 2020, non-Hispanic Asian/Pacific Islander total, ages 15-19"
f1ant20,"Population 2020, non-Hispanic Asian/Pacific Islander total, ages 20-24"
f1ant25,"Population 2020, non-Hispanic Asian/Pacific Islander total, ages 25-29"
f1ant30,"Population 2020, non-Hispanic Asian/Pacific Islander total, ages 30-34"
f1ant35,"Population 2020, non-Hispanic Asian/Pacific Islander total, ages 35-39"
f1ant40,"Population 2020, non-Hispanic Asian/Pacific Islander total, ages 40-44"
f1ant45,"Population 2020, non-Hispanic Asian/Pacific Islander total, ages 45-49"
f1ant50,"Population 2020, non-Hispanic Asian/Pacific Islander total, ages 50-54"
f1ant55,"Population 2020, non-Hispanic Asian/Pacific Islander total, ages 55-59"
f1ant60,"Population 2020, non-Hispanic Asian/Pacific Islander total, ages 60-64"
f1ant65,"Population 2020, non-Hispanic Asian/Pacific Islander total, ages 65-69"
f1ant70,"Population 2020, non-Hispanic Asian/Pacific Islander total, ages 70-74"
f1ant75,"Population 2020, non-Hispanic Asian/Pacific Islander total, ages 75-79"
f1ant80,"Population 2020, non-Hispanic Asian/Pacific Islander total, ages 80-84"
f1ant85,"Population 2020, non-Hispanic Asian/Pacific Islander total, ages 85 up"
f1bnt0,"Population 2020, non-Hispanic Black total, ages 00-04"
f1bnt5,"Population 2020, non-Hispanic Black total, ages 05-09"
f1bnt10,"Population 2020, non-Hispanic Black total, ages 10-14"
f1bnt15,"Population 2020, non-Hispanic Black total, ages 15-19"
f1bnt20,"Population 2020, non-Hispanic Black total, ages 20-24"
f1bnt25,"Population 2020, non-Hispanic Black total, ages 25-29"
f1bnt30,"Population 2020, non-Hispanic Black total, ages 30-34"
f1bnt35,"Population 2020, non-Hispanic Black total, ages 35-39"
f1bnt40,"Population 2020, non-Hispanic Black total, ages 40-44"
f1bnt45,"Population 2020, non-Hispanic Black total, ages 45-49"
f1bnt50,"Population 2020, non-Hispanic Black total, ages 50-54"
f1bnt55,"Population 2020, non-Hispanic Black total, ages 55-59"
f1bnt60,"Population 2020, non-Hispanic Black total, ages 60-64"
f1bnt65,"Population 2020, non-Hispanic Black total, ages 65-69"
f1bnt70,"Population 2020, non-Hispanic Black total, ages 70-74"
f1bnt75,"Population 2020, non-Hispanic Black total, ages 75-79"
f1bnt80,"Population 2020, non-Hispanic Black total, ages 80-84"
f1bnt85,"Population 2020, non-Hispanic Black total, ages 85 up"
f1tht0,"Population 2020, Hispanic total, ages 00-04"
f1tht5,"Population 2020, Hispanic total, ages 05-09"
f1tht10,"Population 2020, Hispanic total, ages 10-14"
f1tht15,"Population 2020, Hispanic total, ages 15-19"
f1tht20,"Population 2020, Hispanic total, ages 20-24"
f1tht25,"Population 2020, Hispanic total, ages 25-29"
f1tht30,"Population 2020, Hispanic total, ages 30-34"
f1tht35,"Population 2020, Hispanic total, ages 35-39"
f1tht40,"Population 2020, Hispanic total, ages 40-44"
f1tht45,"Population 2020, Hispanic total, ages 45-49"
f1tht50,"Population 2020, Hispanic total, ages 50-54"
f1tht55,"Population 2020, Hispanic total, ages 55-59"
f1tht60,"Population 2020, Hispanic total, ages 60-64"
f1tht65,"Population 2020, Hispanic total, ages 65-69"
f1tht70,"Population 2020, Hispanic total, ages 70-74"
f1tht75,"Population 2020, Hispanic total, ages 75-79"
f1tht80,"Population 2020, Hispanic total, ages 80-84"
f1tht85,"Population 2020, Hispanic total, ages 85 up"
f1itt0,"Population 2020, American Indian/Alaskan Native total, ages 00-04"
f1itt5,"Population 2020, American Indian/Alaskan Native total, ages 05-09"
f1itt10,"Population 2020, American Indian/Alaskan Native total, ages 10-14"
f1itt15,"Population 2020, American Indian/Alaskan Native total, ages 15-19"
f1itt20,"Population 2020, American Indian/Alaskan Native total, ages 20-24"
f1itt25,"Population 2020, American Indian/Alaskan Native total, ages 25-29"
f1itt30,"Population 2020, American Indian/Alaskan Native total, ages 30-34"
f1itt35,"Population 2020, American Indian/Alaskan Native total, ages 35-39"
f1itt40,"Population 2020, American Indian/Alaskan Native total, ages 40-44"
f1itt45,"Population 2020, American Indian/Alaskan Native total, ages 45-49"
f1itt50,"Population 2020, American Indian/Alaskan Native total, ages 50-54"
f1itt55,"Population 2020, American Indian/Alaskan Native total, ages 55-59"
f1itt60,"Population 2020, American Indian/Alaskan Native total, ages 60-64"
f1itt65,"Population 2020, American Indian/Alaskan Native total, ages 65-69"
f1itt70,"Population 2020, American Indian/Alaskan Native total, ages 70-74"
f1itt75,"Population 2020, American Indian/Alaskan Native total, ages 75-79"
f1itt80,"Population 2020, American Indian/Alaskan Native total, ages 80-84"
f1itt85,"Population 2020, American Indian/Alaskan Native total, ages 85 up"
f1wnt0,"Population 2020, non-Hispanic White total, ages 00-04"
f1wnt5,"Population 2020, non-Hispanic White total, ages 05-09"
f1wnt10,"Population 2020, non-Hispanic White total, ages 10-14"
f1wnt15,"Population 2020, non-Hispanic White total, ages 15-19"
f1wnt20,"Population 2020, non-Hispanic White total, ages 20-24"
f1wnt25,"Population 2020, non-Hispanic White total, ages 25-29"
f1wnt30,"Population 2020, non-Hispanic White total, ages 30-34"
f1wnt35,"Population 2020, non-Hispanic White total, ages 35-39"
f1wnt40,"Population 2020, non-Hispanic White total, ages 40-44"
f1wnt45,"Population 2020, non-Hispanic White total, ages 45-49"
f1wnt50,"Population 2020, non-Hispanic White total, ages 50-54"
f1wnt55,"Population 2020, non-Hispanic White total, ages 55-59"
f1wnt60,"Population 2020, non-Hispanic White total, ages 60-64"
f1wnt65,"Population 2020, non-Hispanic White total, ages 65-69"
f1wnt70,"Population 2020, non-Hispanic White total, ages 70-74"
f1wnt75,"Population 2020, non-Hispanic White total, ages 75-79"
f1wnt80,"Population 2020, non-Hispanic White total, ages 80-84"
f1wnt85,"Population 2020, non-Hispanic White total, ages 85 up"
m1ant0,"Net Migrants 2010s, non-Hispanic Asian/Pacific Islander total, ages 00-04"
m1ant5,"Net Migrants 2010s, non-Hispanic Asian/Pacific Islander total, ages 05-09"
m1ant10,"Net Migrants 2010s, non-Hispanic Asian/Pacific Islander total, ages 10-14"
m1ant15,"Net Migrants 2010s, non-Hispanic Asian/Pacific Islander total, ages 15-19"
m1ant20,"Net Migrants 2010s, non-Hispanic Asian/Pacific Islander total, ages 20-24"
m1ant25,"Net Migrants 2010s, non-Hispanic Asian/Pacific Islander total, ages 25-29"
m1ant30,"Net Migrants 2010s, non-Hispanic Asian/Pacific Islander total, ages 30-34"
m1ant35,"Net Migrants 2010s, non-Hispanic Asian/Pacific Islander total, ages 35-39"
m1ant40,"Net Migrants 2010s, non-Hispanic Asian/Pacific Islander total, ages 40-44"
m1ant45,"Net Migrants 2010s, non-Hispanic Asian/Pacific Islander total, ages 45-49"
m1ant50,"Net Migrants 2010s, non-Hispanic Asian/Pacific Islander total, ages 50-54"
m1ant55,"Net Migrants 2010s, non-Hispanic Asian/Pacific Islander total, ages 55-59"
m1ant60,"Net Migrants 2010s, non-Hispanic Asian/Pacific Islander total, ages 60-64"
m1ant65,"Net Migrants 2010s, non-Hispanic Asian/Pacific Islander total, ages 65-69"
m1ant70,"Net Migrants 2010s, non-Hispanic Asian/Pacific Islander total, ages 70-74"
m1ant75,"Net Migrants 2010s, non-Hispanic Asian/Pacific Islander total, ages 75-79"
m1ant80,"Net Migrants 2010s, non-Hispanic Asian/Pacific Islander total, ages 80-84"
m1ant85,"Net Migrants 2010s, non-Hispanic Asian/Pacific Islander total, ages 85 up"
m1bnt0,"Net Migrants 2010s, non-Hispanic Black total, ages 00-04"
m1bnt5,"Net Migrants 2010s, non-Hispanic Black total, ages 05-09"
m1bnt10,"Net Migrants 2010s, non-Hispanic Black total, ages 10-14"
m1bnt15,"Net Migrants 2010s, non-Hispanic Black total, ages 15-19"
m1bnt20,"Net Migrants 2010s, non-Hispanic Black total, ages 20-24"
m1bnt25,"Net Migrants 2010s, non-Hispanic Black total, ages 25-29"
m1bnt30,"Net Migrants 2010s, non-Hispanic Black total, ages 30-34"
m1bnt35,"Net Migrants 2010s, non-Hispanic Black total, ages 35-39"
m1bnt40,"Net Migrants 2010s, non-Hispanic Black total, ages 40-44"
m1bnt45,"Net Migrants 2010s, non-Hispanic Black total, ages 45-49"
m1bnt50,"Net Migrants 2010s, non-Hispanic Black total, ages 50-54"
m1bnt55,"Net Migrants 2010s, non-Hispanic Black total, ages 55-59"
m1bnt60,"Net Migrants 2010s, non-Hispanic Black total, ages 60-64"
m1bnt65,"Net Migrants 2010s, non-Hispanic Black total, ages 65-69"
m1bnt70,"Net Migrants 2010s, non-Hispanic Black total, ages 70-74"
m1bnt75,"Net Migrants 2010s, non-Hispanic Black total, ages 75-79"
m1bnt80,"Net Migrants 2010s, non-Hispanic Black total, ages 80-84"
m1bnt85,"Net Migrants 2010s, non-Hispanic Black total, ages 85 up"
m1tht0,"Net Migrants 2010s, Hispanic total, ages 00-04"
m1tht5,"Net Migrants 2010s, Hispanic total, ages 05-09"
m1tht10,"Net Migrants 2010s, Hispanic total, ages 10-14"
m1tht15,"Net Migrants 2010s, Hispanic total, ages 15-19"
m1tht20,"Net Migrants 2010s, Hispanic total, ages 20-24"
m1tht25,"Net Migrants 2010s, Hispanic total, ages 25-29"
m1tht30,"Net Migrants 2010s, Hispanic total, ages 30-34"
m1tht35,"Net Migrants 2010s, Hispanic total, ages 35-39"
m1tht40,"Net Migrants 2010s, Hispanic total, ages 40-44"
m1tht45,"Net Migrants 2010s, Hispanic total, ages 45-49"
m1tht50,"Net Migrants 2010s, Hispanic total, ages 50-54"
m1tht55,"Net Migrants 2010s, Hispanic total, ages 55-59"
m1tht60,"Net Migrants 2010s, Hispanic total, ages 60-64"
m1tht65,"Net Migrants 2010s, Hispanic total, ages 65-69"
m1tht70,"Net Migrants 2010s, Hispanic total, ages 70-74"
m1tht75,"Net Migrants 2010s, Hispanic total, ages 75-79"
m1tht80,"Net Migrants 2010s, Hispanic total, ages 80-84"
m1tht85,"Net Migrants 2010s, Hispanic total, ages 85 up"
m1itt0,"Net Migrants 2010s, American Indian/Alaskan Native total, ages 00-04"
m1itt5,"Net Migrants 2010s, American Indian/Alaskan Native total, ages 05-09"
m1itt10,"Net Migrants 2010s, American Indian/Alaskan Native total, ages 10-14"
m1itt15,"Net Migrants 2010s, American Indian/Alaskan Native total, ages 15-19"
m1itt20,"Net Migrants 2010s, American Indian/Alaskan Native total, ages 20-24"
m1itt25,"Net Migrants 2010s, American Indian/Alaskan Native total, ages 25-29"
m1itt30,"Net Migrants 2010s, American Indian/Alaskan Native total, ages 30-34"
m1itt35,"Net Migrants 2010s, American Indian/Alaskan Native total, ages 35-39"
m1itt40,"Net Migrants 2010s, American Indian/Alaskan Native total, ages 40-44"
m1itt45,"Net Migrants 2010s, American Indian/Alaskan Native total, ages 45-49"
m1itt50,"Net Migrants 2010s, American Indian/Alaskan Native total, ages 50-54"
m1itt55,"Net Migrants 2010s, American Indian/Alaskan Native total, ages 55-59"
m1itt60,"Net Migrants 2010s, American Indian/Alaskan Native total, ages 60-64"
m1itt65,"Net Migrants 2010s, American Indian/Alaskan Native total, ages 65-69"
m1itt70,"Net Migrants 2010s, American Indian/Alaskan Native total, ages 70-74"
m1itt75,"Net Migrants 2010s, American Indian/Alaskan Native total, ages 75-79"
m1itt80,"Net Migrants 2010s, American Indian/Alaskan Native total, ages 80-84"
m1itt85,"Net Migrants 2010s, American Indian/Alaskan Native total, ages 85 up"
m1wnt0,"Net Migrants 2010s, non-Hispanic White total, ages 00-04"
m1wnt5,"Net Migrants 2010s, non-Hispanic White total, ages 05-09"
m1wnt10,"Net Migrants 2010s, non-Hispanic White total, ages 10-14"
m1wnt15,"Net Migrants 2010s, non-Hispanic White total, ages 15-19"
m1wnt20,"Net Migrants 2010s, non-Hispanic White total, ages 20-24"
m1wnt25,"Net Migrants 2010s, non-Hispanic White total, ages 25-29"
m1wnt30,"Net Migrants 2010s, non-Hispanic White total, ages 30-34"
m1wnt35,"Net Migrants 2010s, non-Hispanic White total, ages 35-39"
m1wnt40,"Net Migrants 2010s, non-Hispanic White total, ages 40-44"
m1wnt45,"Net Migrants 2010s, non-Hispanic White total, ages 45-49"
m1wnt50,"Net Migrants 2010s, non-Hispanic White total, ages 50-54"
m1wnt55,"Net Migrants 2010s, non-Hispanic White total, ages 55-59"
m1wnt60,"Net Migrants 2010s, non-Hispanic White total, ages 60-64"
m1wnt65,"Net Migrants 2010s, non-Hispanic White total, ages 65-69"
m1wnt70,"Net Migrants 2010s, non-Hispanic White total, ages 70-74"
m1wnt75,"Net Migrants 2010s, non-Hispanic White total, ages 75-79"
m1wnt80,"Net Migrants 2010s, non-Hispanic White total, ages 80-84"
m1wnt85,"Net Migrants 2010s, non-Hispanic White total, ages 85 up"
e1ant0,"Expected Population 2020, non-Hispanic Asian/Pacific Islander total, ages 00-04"
e1ant5,"Expected Population 2020, non-Hispanic Asian/Pacific Islander total, ages 05-09"
e1ant10,"Expected Population 2020, non-Hispanic Asian/Pacific Islander total, ages 10-14"
e1ant15,"Expected Population 2020, non-Hispanic Asian/Pacific Islander total, ages 15-19"
e1ant20,"Expected Population 2020, non-Hispanic Asian/Pacific Islander total, ages 20-24"
e1ant25,"Expected Population 2020, non-Hispanic Asian/Pacific Islander total, ages 25-29"
e1ant30,"Expected Population 2020, non-Hispanic Asian/Pacific Islander total, ages 30-34"
e1ant35,"Expected Population 2020, non-Hispanic Asian/Pacific Islander total, ages 35-39"
e1ant40,"Expected Population 2020, non-Hispanic Asian/Pacific Islander total, ages 40-44"
e1ant45,"Expected Population 2020, non-Hispanic Asian/Pacific Islander total, ages 45-49"
e1ant50,"Expected Population 2020, non-Hispanic Asian/Pacific Islander total, ages 50-54"
e1ant55,"Expected Population 2020, non-Hispanic Asian/Pacific Islander total, ages 55-59"
e1ant60,"Expected Population 2020, non-Hispanic Asian/Pacific Islander total, ages 60-64"
e1ant65,"Expected Population 2020, non-Hispanic Asian/Pacific Islander total, ages 65-69"
e1ant70,"Expected Population 2020, non-Hispanic Asian/Pacific Islander total, ages 70-74"
e1ant75,"Expected Population 2020, non-Hispanic Asian/Pacific Islander total, ages 75-79"
e1ant80,"Expected Population 2020, non-Hispanic Asian/Pacific Islander total, ages 80-84"
e1ant85,"Expected Population 2020, non-Hispanic Asian/Pacific Islander total, ages 85 up"
e1bnt0,"Expected Population 2020, non-Hispanic Black total, ages 00-04"
e1bnt5,"Expected Population 2020, non-Hispanic Black total, ages 05-09"
e1bnt10,"Expected Population 2020, non-Hispanic Black total, ages 10-14"
e1bnt15,"Expected Population 2020, non-Hispanic Black total, ages 15-19"
e1bnt20,"Expected Population 2020, non-Hispanic Black total, ages 20-24"
e1bnt25,"Expected Population 2020, non-Hispanic Black total, ages 25-29"
e1bnt30,"Expected Population 2020, non-Hispanic Black total, ages 30-34"
e1bnt35,"Expected Population 2020, non-Hispanic Black total, ages 35-39"
e1bnt40,"Expected Population 2020, non-Hispanic Black total, ages 40-44"
e1bnt45,"Expected Population 2020, non-Hispanic Black total, ages 45-49"
e1bnt50,"Expected Population 2020, non-Hispanic Black total, ages 50-54"
e1bnt55,"Expected Population 2020, non-Hispanic Black total, ages 55-59"
e1bnt60,"Expected Population 2020, non-Hispanic Black total, ages 60-64"
e1bnt65,"Expected Population 2020, non-Hispanic Black total, ages 65-69"
e1bnt70,"Expected Population 2020, non-Hispanic Black total, ages 70-74"
e1bnt75,"Expected Population 2020, non-Hispanic Black total, ages 75-79"
e1bnt80,"Expected Population 2020, non-Hispanic Black total, ages 80-84"
e1bnt85,"Expected Population 2020, non-Hispanic Black total, ages 85 up"
e1tht0,"Expected Population 2020, Hispanic total, ages 00-04"
e1tht5,"Expected Population 2020, Hispanic total, ages 05-09"
e1tht10,"Expected Population 2020, Hispanic total, ages 10-14"
e1tht15,"Expected Population 2020, Hispanic total, ages 15-19"
e1tht20,"Expected Population 2020, Hispanic total, ages 20-24"
e1tht25,"Expected Population 2020, Hispanic total, ages 25-29"
e1tht30,"Expected Population 2020, Hispanic total, ages 30-34"
e1tht35,"Expected Population 2020, Hispanic total, ages 35-39"
e1tht40,"Expected Population 2020, Hispanic total, ages 40-44"
e1tht45,"Expected Population 2020, Hispanic total, ages 45-49"
e1tht50,"Expected Population 2020, Hispanic total, ages 50-54"
e1tht55,"Expected Population 2020, Hispanic total, ages 55-59"
e1tht60,"Expected Population 2020, Hispanic total, ages 60-64"
e1tht65,"Expected Population 2020, Hispanic total, ages 65-69"
e1tht70,"Expected Population 2020, Hispanic total, ages 70-74"
e1tht75,"Expected Population 2020, Hispanic total, ages 75-79"
e1tht80,"Expected Population 2020, Hispanic total, ages 80-84"
e1tht85,"Expected Population 2020, Hispanic total, ages 85 up"
e1itt0,"Expected Population 2020, American Indian/Alaskan Native total, ages 00-04"
e1itt5,"Expected Population 2020, American Indian/Alaskan Native total, ages 05-09"
e1itt10,"Expected Population 2020, American Indian/Alaskan Native total, ages 10-14"
e1itt15,"Expected Population 2020, American Indian/Alaskan Native total, ages 15-19"
e1itt20,"Expected Population 2020, American Indian/Alaskan Native total, ages 20-24"
e1itt25,"Expected Population 2020, American Indian/Alaskan Native total, ages 25-29"
e1itt30,"Expected Population 2020, American Indian/Alaskan Native total, ages 30-34"
e1itt35,"Expected Population 2020, American Indian/Alaskan Native total, ages 35-39"
e1itt40,"Expected Population 2020, American Indian/Alaskan Native total, ages 40-44"
e1itt45,"Expected Population 2020, American Indian/Alaskan Native total, ages 45-49"
e1itt50,"Expected Population 2020, American Indian/Alaskan Native total, ages 50-54"
e1itt55,"Expected Population 2020, American Indian/Alaskan Native total, ages 55-59"
e1itt60,"Expected Population 2020, American Indian/Alaskan Native total, ages 60-64"
e1itt65,"Expected Population 2020, American Indian/Alaskan Native total, ages 65-69"
e1itt70,"Expected Population 2020, American Indian/Alaskan Native total, ages 70-74"
e1itt75,"Expected Population 2020, American Indian/Alaskan Native total, ages 75-79"
e1itt80,"Expected Population 2020, American Indian/Alaskan Native total, ages 80-84"
e1itt85,"Expected Population 2020, American Indian/Alaskan Native total, ages 85 up"
e1wnt0,"Expected Population 2020, non-Hispanic White total, ages 00-04"
e1wnt5,"Expected Population 2020, non-Hispanic White total, ages 05-09"
e1wnt10,"Expected Population 2020, non-Hispanic White total, ages 10-14"
e1wnt15,"Expected Population 2020, non-Hispanic White total, ages 15-19"
e1wnt20,"Expected Population 2020, non-Hispanic White total, ages 20-24"
e1wnt25,"Expected Population 2020, non-Hispanic White total, ages 25-29"
e1wnt30,"Expected Population 2020, non-Hispanic White total, ages 30-34"
e1wnt35,"Expected Population 2020, non-Hispanic White total, ages 35-39"
e1wnt40,"Expected Population 2020, non-Hispanic White total, ages 40-44"
e1wnt45,"Expected Population 2020, non-Hispanic White total, ages 45-49"
e1wnt50,"Expected Population 2020, non-Hispanic White total, ages 50-54"
e1wnt55,"Expected Population 2020, non-Hispanic White total, ages 55-59"
e1wnt60,"Expected Population 2020, non-Hispanic White total, ages 60-64"
e1wnt65,"Expected Population 2020, non-Hispanic White total, ages 65-69"
e1wnt70,"Expected Population 2020, non-Hispanic White total, ages 70-74"
e1wnt75,"Expected Population 2020, non-Hispanic White total, ages 75-79"
e1wnt80,"Expected Population 2020, non-Hispanic White total, ages 80-84"
e1wnt85,"Expected Population 2020, non-Hispanic White total, ages 85 up"
r1ant0,"Net Migration Rate 2010s, non-Hispanic Asian/Pacific Islander total, ages 00-04"
r1ant5,"Net Migration Rate 2010s, non-Hispanic Asian/Pacific Islander total, ages 05-09"
r1ant10,"Net Migration Rate 2010s, non-Hispanic Asian/Pacific Islander total, ages 10-14"
r1ant15,"Net Migration Rate 2010s, non-Hispanic Asian/Pacific Islander total, ages 15-19"
r1ant20,"Net Migration Rate 2010s, non-Hispanic Asian/Pacific Islander total, ages 20-24"
r1ant25,"Net Migration Rate 2010s, non-Hispanic Asian/Pacific Islander total, ages 25-29"
r1ant30,"Net Migration Rate 2010s, non-Hispanic Asian/Pacific Islander total, ages 30-34"
r1ant35,"Net Migration Rate 2010s, non-Hispanic Asian/Pacific Islander total, ages 35-39"
r1ant40,"Net Migration Rate 2010s, non-Hispanic Asian/Pacific Islander total, ages 40-44"
r1ant45,"Net Migration Rate 2010s, non-Hispanic Asian/Pacific Islander total, ages 45-49"
r1ant50,"Net Migration Rate 2010s, non-Hispanic Asian/Pacific Islander total, ages 50-54"
r1ant55,"Net Migration Rate 2010s, non-Hispanic Asian/Pacific Islander total, ages 55-59"
r1ant60,"Net Migration Rate 2010s, non-Hispanic Asian/Pacific Islander total, ages 60-64"
r1ant65,"Net Migration Rate 2010s, non-Hispanic Asian/Pacific Islander total, ages 65-69"
r1ant70,"Net Migration Rate 2010s, non-Hispanic Asian/Pacific Islander total, ages 70-74"
r1ant75,"Net Migration Rate 2010s, non-Hispanic Asian/Pacific Islander total, ages 75-79"
r1ant80,"Net Migration Rate 2010s, non-Hispanic Asian/Pacific Islander total, ages 80-84"
r1ant85,"Net Migration Rate 2010s, non-Hispanic Asian/Pacific Islander total, ages 85 up"
r1bnt0,"Net Migration Rate 2010s, non-Hispanic Black total, ages 00-04"
r1bnt5,"Net Migration Rate 2010s, non-Hispanic Black total, ages 05-09"
r1bnt10,"Net Migration Rate 2010s, non-Hispanic Black total, ages 10-14"
r1bnt15,"Net Migration Rate 2010s, non-Hispanic Black total, ages 15-19"
r1bnt20,"Net Migration Rate 2010s, non-Hispanic Black total, ages 20-24"
r1bnt25,"Net Migration Rate 2010s, non-Hispanic Black total, ages 25-29"
r1bnt30,"Net Migration Rate 2010s, non-Hispanic Black total, ages 30-34"
r1bnt35,"Net Migration Rate 2010s, non-Hispanic Black total, ages 35-39"
r1bnt40,"Net Migration Rate 2010s, non-Hispanic Black total, ages 40-44"
r1bnt45,"Net Migration Rate 2010s, non-Hispanic Black total, ages 45-49"
r1bnt50,"Net Migration Rate 2010s, non-Hispanic Black total, ages 50-54"
r1bnt55,"Net Migration Rate 2010s, non-Hispanic Black total, ages 55-59"
r1bnt60,"Net Migration Rate 2010s, non-Hispanic Black total, ages 60-64"
r1bnt65,"Net Migration Rate 2010s, non-Hispanic Black total, ages 65-69"
r1bnt70,"Net Migration Rate 2010s, non-Hispanic Black total, ages 70-74"
r1bnt75,"Net Migration Rate 2010s, non-Hispanic Black total, ages 75-79"
r1bnt80,"Net Migration Rate 2010s, non-Hispanic Black total, ages 80-84"
r1bnt85,"Net Migration Rate 2010s, non-Hispanic Black total, ages 85 up"
r1tht0,"Net Migration Rate 2010s, Hispanic total, ages 00-04"
r1tht5,"Net Migration Rate 2010s, Hispanic total, ages 05-09"
r1tht10,"Net Migration Rate 2010s, Hispanic total, ages 10-14"
r1tht15,"Net Migration Rate 2010s, Hispanic total, ages 15-19"
r1tht20,"Net Migration Rate 2010s, Hispanic total, ages 20-24"
r1tht25,"Net Migration Rate 2010s, Hispanic total, ages 25-29"
r1tht30,"Net Migration Rate 2010s, Hispanic total, ages 30-34"
r1tht35,"Net Migration Rate 2010s, Hispanic total, ages 35-39"
r1tht40,"Net Migration Rate 2010s, Hispanic total, ages 40-44"
r1tht45,"Net Migration Rate 2010s, Hispanic total, ages 45-49"
r1tht50,"Net Migration Rate 2010s, Hispanic total, ages 50-54"
r1tht55,"Net Migration Rate 2010s, Hispanic total, ages 55-59"
r1tht60,"Net Migration Rate 2010s, Hispanic total, ages 60-64"
r1tht65,"Net Migration Rate 2010s, Hispanic total, ages 65-69"
r1tht70,"Net Migration Rate 2010s, Hispanic total, ages 70-74"
r1tht75,"Net Migration Rate 2010s, Hispanic total, ages 75-79"
r1tht80,"Net Migration Rate 2010s, Hispanic total, ages 80-84"
r1tht85,"Net Migration Rate 2010s, Hispanic total, ages 85 up"
r1itt0,"Net Migration Rate 2010s, American Indian/Alaskan Native total, ages 00-04"
r1itt5,"Net Migration Rate 2010s, American Indian/Alaskan Native total, ages 05-09"
r1itt10,"Net Migration Rate 2010s, American Indian/Alaskan Native total, ages 10-14"
r1itt15,"Net Migration Rate 2010s, American Indian/Alaskan Native total, ages 15-19"
r1itt20,"Net Migration Rate 2010s, American Indian/Alaskan Native total, ages 20-24"
r1itt25,"Net Migration Rate 2010s, American Indian/Alaskan Native total, ages 25-29"
r1itt30,"Net Migration Rate 2010s, American Indian/Alaskan Native total, ages 30-34"
r1itt35,"Net Migration Rate 2010s, American Indian/Alaskan Native total, ages 35-39"
r1itt40,"Net Migration Rate 2010s, American Indian/Alaskan Native total, ages 40-44"
r1itt45,"Net Migration Rate 2010s, American Indian/Alaskan Native total, ages 45-49"
r1itt50,"Net Migration Rate 2010s, American Indian/Alaskan Native total, ages 50-54"
r1itt55,"Net Migration Rate 2010s, American Indian/Alaskan Native total, ages 55-59"
r1itt60,"Net Migration Rate 2010s, American Indian/Alaskan Native total, ages 60-64"
r1itt65,"Net Migration Rate 2010s, American Indian/Alaskan Native total, ages 65-69"
r1itt70,"Net Migration Rate 2010s, American Indian/Alaskan Native total, ages 70-74"
r1itt75,"Net Migration Rate 2010s, American Indian/Alaskan Native total, ages 75-79"
r1itt80,"Net Migration Rate 2010s, American Indian/Alaskan Native total, ages 80-84"
r1itt85,"Net Migration Rate 2010s, American Indian/Alaskan Native total, ages 85 up"
r1wnt0,"Net Migration Rate 2010s, non-Hispanic White total, ages 00-04"
r1wnt5,"Net Migration Rate 2010s, non-Hispanic White total, ages 05-09"
r1wnt10,"Net Migration Rate 2010s, non-Hispanic White total, ages 10-14"
r1wnt15,"Net Migration Rate 2010s, non-Hispanic White total, ages 15-19"
r1wnt20,"Net Migration Rate 2010s, non-Hispanic White total, ages 20-24"
r1wnt25,"Net Migration Rate 2010s, non-Hispanic White total, ages 25-29"
r1wnt30,"Net Migration Rate 2010s, non-Hispanic White total, ages 30-34"
r1wnt35,"Net Migration Rate 2010s, non-Hispanic White total, ages 35-39"
r1wnt40,"Net Migration Rate 2010s, non-Hispanic White total, ages 40-44"
r1wnt45,"Net Migration Rate 2010s, non-Hispanic White total, ages 45-49"
r1wnt50,"Net Migration Rate 2010s, non-Hispanic White total, ages 50-54"
r1wnt55,"Net Migration Rate 2010s, non-Hispanic White total, ages 55-59"
r1wnt60,"Net Migration Rate 2010s, non-Hispanic White total, ages 60-64"
r1wnt65,"Net Migration Rate 2010s, non-Hispanic White total, ages 65-69"
r1wnt70,"Net Migration Rate 2010s, non-Hispanic White total, ages 70-74"
r1wnt75,"Net Migration Rate 2010s, non-Hispanic White total, ages 75-79"
r1wnt80,"Net Migration Rate 2010s, non-Hispanic White total, ages 80-84"
r1wnt85,"Net Migration Rate 2010s, non-Hispanic White total, ages 85 up"
f1anft,"Population 2020, non-Hispanic Asian/Pacific Islander female total"
f1bnft,"Population 2020, non-Hispanic Black female total"
f1thft,"Population 2020, Hispanic female total"
f1itft,"Population 2020, American Indian/Alaskan Native female total"
f1wnft,"Population 2020, non-Hispanic White female total"
f1anmt,"Population 2020, non-Hispanic Asian/Pacific Islander male total"
f1bnmt,"Population 2020, non-Hispanic Black male total"
f1thmt,"Population 2020, Hispanic male total"
f1itmt,"Population 2020, American Indian/Alaskan Native male total"
f1wnmt,"Population 2020, non-Hispanic White male total"
m1anft,"Net Migrants 2010s, non-Hispanic Asian/Pacific Islander female total"
m1bnft,"Net Migrants 2010s, non-Hispanic Black female total"
m1thft,"Net Migrants 2010s, Hispanic female total"
m1itft,"Net Migrants 2010s, American Indian/Alaskan Native female total"
m1wnft,"Net Migrants 2010s, non-Hispanic White female total"
m1anmt,"Net Migrants 2010s, non-Hispanic Asian/Pacific Islander male total"
m1bnmt,"Net Migrants 2010s, non-Hispanic Black male total"
m1thmt,"Net Migrants 2010s, Hispanic male total"
m1itmt,"Net Migrants 2010s, American Indian/Alaskan Native male total"
m1wnmt,"Net Migrants 2010s, non-Hispanic White male total"
e1anft,"Expected Population 2020, non-Hispanic Asian/Pacific Islander female total"
e1bnft,"Expected Population 2020, non-Hispanic Black female total"
e1thft,"Expected Population 2020, Hispanic female total"
e1itft,"Expected Population 2020, American Indian/Alaskan Native female total"
e1wnft,"Expected Population 2020, non-Hispanic White female total"
e1anmt,"Expected Population 2020, non-Hispanic Asian/Pacific Islander male total"
e1bnmt,"Expected Population 2020, non-Hispanic Black male total"
e1thmt,"Expected Population 2020, Hispanic male total"
e1itmt,"Expected Population 2020, American Indian/Alaskan Native male total"
e1wnmt,"Expected Population 2020, non-Hispanic White male total"
r1anft,"Net Migration Rate 2010s, non-Hispanic Asian/Pacific Islander female total"
r1bnft,"Net Migration Rate 2010s, non-Hispanic Black female total"
r1thft,"Net Migration Rate 2010s, Hispanic female total"
r1itft,"Net Migration Rate 2010s, American Indian/Alaskan Native female total"
r1wnft,"Net Migration Rate 2010s, non-Hispanic White female total"
r1anmt,"Net Migration Rate 2010s, non-Hispanic Asian/Pacific Islander male total"
r1bnmt,"Net Migration Rate 2010s, non-Hispanic Black male total"
r1thmt,"Net Migration Rate 2010s, Hispanic male total"
r1itmt,"Net Migration Rate 2010s, American Indian/Alaskan Native male total"
r1wnmt,"Net Migration Rate 2010s, non-Hispanic White male total"
f1antt,"Population 2020, non-Hispanic Asian/Pacific Islander total"
f1bntt,"Population 2020, non-Hispanic Black total"
f1thtt,"Population 2020, Hispanic total"
f1ittt,"Population 2020, American Indian/Alaskan Native total"
f1wntt,"Population 2020, non-Hispanic White total"
m1antt,"Net Migrants 2010s, non-Hispanic Asian/Pacific Islander total"
m1bntt,"Net Migrants 2010s, non-Hispanic Black total"
m1thtt,"Net Migrants 2010s, Hispanic total"
m1ittt,"Net Migrants 2010s, American Indian/Alaskan Native total"
m1wntt,"Net Migrants 2010s, non-Hispanic White total"
e1antt,"Expected Population 2020, non-Hispanic Asian/Pacific Islander total"
e1bntt,"Expected Population 2020, non-Hispanic Black total"
e1thtt,"Expected Population 2020, Hispanic total"
e1ittt,"Expected Population 2020, American Indian/Alaskan Native total"
e1wntt,"Expected Population 2020, non-Hispanic White total"
r1antt,"Net Migration Rate 2010s, non-Hispanic Asian/Pacific Islander total"
r1bntt,"Net Migration Rate 2010s, non-Hispanic Black total"
r1thtt,"Net Migration Rate 2010s, Hispanic total"
r1ittt,"Net Migration Rate 2010s, American Indian/Alaskan Native total"
r1wntt,"Net Migration Rate 2010s, non-Hispanic White total"
f1ttf0,"Population 2020, female total, ages 00-04"
f1ttf5,"Population 2020, female total, ages 05-09"
f1ttf10,"Population 2020, female total, ages 10-14"
f1ttf15,"Population 2020, female total, ages 15-19"
f1ttf20,"Population 2020, female total, ages 20-24"
f1ttf25,"Population 2020, female total, ages 25-29"
f1ttf30,"Population 2020, female total, ages 30-34"
f1ttf35,"Population 2020, female total, ages 35-39"
f1ttf40,"Population 2020, female total, ages 40-44"
f1ttf45,"Population 2020, female total, ages 45-49"
f1ttf50,"Population 2020, female total, ages 50-54"
f1ttf55,"Population 2020, female total, ages 55-59"
f1ttf60,"Population 2020, female total, ages 60-64"
f1ttf65,"Population 2020, female total, ages 65-69"
f1ttf70,"Population 2020, female total, ages 70-74"
f1ttf75,"Population 2020, female total, ages 75-79"
f1ttf80,"Population 2020, female total, ages 80-84"
f1ttf85,"Population 2020, female total, ages 85 up"
f1ttm0,"Population 2020, male total, ages 00-04"
f1ttm5,"Population 2020, male total, ages 05-09"
f1ttm10,"Population 2020, male total, ages 10-14"
f1ttm15,"Population 2020, male total, ages 15-19"
f1ttm20,"Population 2020, male total, ages 20-24"
f1ttm25,"Population 2020, male total, ages 25-29"
f1ttm30,"Population 2020, male total, ages 30-34"
f1ttm35,"Population 2020, male total, ages 35-39"
f1ttm40,"Population 2020, male total, ages 40-44"
f1ttm45,"Population 2020, male total, ages 45-49"
f1ttm50,"Population 2020, male total, ages 50-54"
f1ttm55,"Population 2020, male total, ages 55-59"
f1ttm60,"Population 2020, male total, ages 60-64"
f1ttm65,"Population 2020, male total, ages 65-69"
f1ttm70,"Population 2020, male total, ages 70-74"
f1ttm75,"Population 2020, male total, ages 75-79"
f1ttm80,"Population 2020, male total, ages 80-84"
f1ttm85,"Population 2020, male total, ages 85 up"
m1ttf0,"Net Migrants 2010s, female total, ages 00-04"
m1ttf5,"Net Migrants 2010s, female total, ages 05-09"
m1ttf10,"Net Migrants 2010s, female total, ages 10-14"
m1ttf15,"Net Migrants 2010s, female total, ages 15-19"
m1ttf20,"Net Migrants 2010s, female total, ages 20-24"
m1ttf25,"Net Migrants 2010s, female total, ages 25-29"
m1ttf30,"Net Migrants 2010s, female total, ages 30-34"
m1ttf35,"Net Migrants 2010s, female total, ages 35-39"
m1ttf40,"Net Migrants 2010s, female total, ages 40-44"
m1ttf45,"Net Migrants 2010s, female total, ages 45-49"
m1ttf50,"Net Migrants 2010s, female total, ages 50-54"
m1ttf55,"Net Migrants 2010s, female total, ages 55-59"
m1ttf60,"Net Migrants 2010s, female total, ages 60-64"
m1ttf65,"Net Migrants 2010s, female total, ages 65-69"
m1ttf70,"Net Migrants 2010s, female total, ages 70-74"
m1ttf75,"Net Migrants 2010s, female total, ages 75-79"
m1ttf80,"Net Migrants 2010s, female total, ages 80-84"
m1ttf85,"Net Migrants 2010s, female total, ages 85 up"
m1ttm0,"Net Migrants 2010s, male total, ages 00-04"
m1ttm5,"Net Migrants 2010s, male total, ages 05-09"
m1ttm10,"Net Migrants 2010s, male total, ages 10-14"
m1ttm15,"Net Migrants 2010s, male total, ages 15-19"
m1ttm20,"Net Migrants 2010s, male total, ages 20-24"
m1ttm25,"Net Migrants 2010s, male total, ages 25-29"
m1ttm30,"Net Migrants 2010s, male total, ages 30-34"
m1ttm35,"Net Migrants 2010s, male total, ages 35-39"
m1ttm40,"Net Migrants 2010s, male total, ages 40-44"
m1ttm45,"Net Migrants 2010s, male total, ages 45-49"
m1ttm50,"Net Migrants 2010s, male total, ages 50-54"
m1ttm55,"Net Migrants 2010s, male total, ages 55-59"
m1ttm60,"Net Migrants 2010s, male total, ages 60-64"
m1ttm65,"Net Migrants 2010s, male total, ages 65-69"
m1ttm70,"Net Migrants 2010s, male total, ages 70-74"
m1ttm75,"Net Migrants 2010s, male total, ages 75-79"
m1ttm80,"Net Migrants 2010s, male total, ages 80-84"
m1ttm85,"Net Migrants 2010s, male total, ages 85 up"
e1ttf0,"Expected Population 2020, female total, ages 00-04"
e1ttf5,"Expected Population 2020, female total, ages 05-09"
e1ttf10,"Expected Population 2020, female total, ages 10-14"
e1ttf15,"Expected Population 2020, female total, ages 15-19"
e1ttf20,"Expected Population 2020, female total, ages 20-24"
e1ttf25,"Expected Population 2020, female total, ages 25-29"
e1ttf30,"Expected Population 2020, female total, ages 30-34"
e1ttf35,"Expected Population 2020, female total, ages 35-39"
e1ttf40,"Expected Population 2020, female total, ages 40-44"
e1ttf45,"Expected Population 2020, female total, ages 45-49"
e1ttf50,"Expected Population 2020, female total, ages 50-54"
e1ttf55,"Expected Population 2020, female total, ages 55-59"
e1ttf60,"Expected Population 2020, female total, ages 60-64"
e1ttf65,"Expected Population 2020, female total, ages 65-69"
e1ttf70,"Expected Population 2020, female total, ages 70-74"
e1ttf75,"Expected Population 2020, female total, ages 75-79"
e1ttf80,"Expected Population 2020, female total, ages 80-84"
e1ttf85,"Expected Population 2020, female total, ages 85 up"
e1ttm0,"Expected Population 2020, male total, ages 00-04"
e1ttm5,"Expected Population 2020, male total, ages 05-09"
e1ttm10,"Expected Population 2020, male total, ages 10-14"
e1ttm15,"Expected Population 2020, male total, ages 15-19"
e1ttm20,"Expected Population 2020, male total, ages 20-24"
e1ttm25,"Expected Population 2020, male total, ages 25-29"
e1ttm30,"Expected Population 2020, male total, ages 30-34"
e1ttm35,"Expected Population 2020, male total, ages 35-39"
e1ttm40,"Expected Population 2020, male total, ages 40-44"
e1ttm45,"Expected Population 2020, male total, ages 45-49"
e1ttm50,"Expected Population 2020, male total, ages 50-54"
e1ttm55,"Expected Population 2020, male total, ages 55-59"
e1ttm60,"Expected Population 2020, male total, ages 60-64"
e1ttm65,"Expected Population 2020, male total, ages 65-69"
e1ttm70,"Expected Population 2020, male total, ages 70-74"
e1ttm75,"Expected Population 2020, male total, ages 75-79"
e1ttm80,"Expected Population 2020, male total, ages 80-84"
e1ttm85,"Expected Population 2020, male total, ages 85 up"
r1ttf0,"Net Migration Rate 2010s, female total, ages 00-04"
r1ttf5,"Net Migration Rate 2010s, female total, ages 05-09"
r1ttf10,"Net Migration Rate 2010s, female total, ages 10-14"
r1ttf15,"Net Migration Rate 2010s, female total, ages 15-19"
r1ttf20,"Net Migration Rate 2010s, female total, ages 20-24"
r1ttf25,"Net Migration Rate 2010s, female total, ages 25-29"
r1ttf30,"Net Migration Rate 2010s, female total, ages 30-34"
r1ttf35,"Net Migration Rate 2010s, female total, ages 35-39"
r1ttf40,"Net Migration Rate 2010s, female total, ages 40-44"
r1ttf45,"Net Migration Rate 2010s, female total, ages 45-49"
r1ttf50,"Net Migration Rate 2010s, female total, ages 50-54"
r1ttf55,"Net Migration Rate 2010s, female total, ages 55-59"
r1ttf60,"Net Migration Rate 2010s, female total, ages 60-64"
r1ttf65,"Net Migration Rate 2010s, female total, ages 65-69"
r1ttf70,"Net Migration Rate 2010s, female total, ages 70-74"
r1ttf75,"Net Migration Rate 2010s, female total, ages 75-79"
r1ttf80,"Net Migration Rate 2010s, female total, ages 80-84"
r1ttf85,"Net Migration Rate 2010s, female total, ages 85 up"
r1ttm0,"Net Migration Rate 2010s, male total, ages 00-04"
r1ttm5,"Net Migration Rate 2010s, male total, ages 05-09"
r1ttm10,"Net Migration Rate 2010s, male total, ages 10-14"
r1ttm15,"Net Migration Rate 2010s, male total, ages 15-19"
r1ttm20,"Net Migration Rate 2010s, male total, ages 20-24"
r1ttm25,"Net Migration Rate 2010s, male total, ages 25-29"
r1ttm30,"Net Migration Rate 2010s, male total, ages 30-34"
r1ttm35,"Net Migration Rate 2010s, male total, ages 35-39"
r1ttm40,"Net Migration Rate 2010s, male total, ages 40-44"
r1ttm45,"Net Migration Rate 2010s, male total, ages 45-49"
r1ttm50,"Net Migration Rate 2010s, male total, ages 50-54"
r1ttm55,"Net Migration Rate 2010s, male total, ages 55-59"
r1ttm60,"Net Migration Rate 2010s, male total, ages 60-64"
r1ttm65,"Net Migration Rate 2010s, male total, ages 65-69"
r1ttm70,"Net Migration Rate 2010s, male total, ages 70-74"
r1ttm75,"Net Migration Rate 2010s, male total, ages 75-79"
r1ttm80,"Net Migration Rate 2010s, male total, ages 80-84"
r1ttm85,"Net Migration Rate 2010s, male total, ages 85 up"
f1ttt0,"Population 2020, total, ages 00-04"
f1ttt5,"Population 2020, total, ages 05-09"
f1ttt10,"Population 2020, total, ages 10-14"
f1ttt15,"Population 2020, total, ages 15-19"
f1ttt20,"Population 2020, total, ages 20-24"
f1ttt25,"Population 2020, total, ages 25-29"
f1ttt30,"Population 2020, total, ages 30-34"
f1ttt35,"Population 2020, total, ages 35-39"
f1ttt40,"Population 2020, total, ages 40-44"
f1ttt45,"Population 2020, total, ages 45-49"
f1ttt50,"Population 2020, total, ages 50-54"
f1ttt55,"Population 2020, total, ages 55-59"
f1ttt60,"Population 2020, total, ages 60-64"
f1ttt65,"Population 2020, total, ages 65-69"
f1ttt70,"Population 2020, total, ages 70-74"
f1ttt75,"Population 2020, total, ages 75-79"
f1ttt80,"Population 2020, total, ages 80-84"
f1ttt85,"Population 2020, total, ages 85 up"
m1ttt0,"Net Migrants 2010s, total, ages 00-04"
m1ttt5,"Net Migrants 2010s, total, ages 05-09"
m1ttt10,"Net Migrants 2010s, total, ages 10-14"
m1ttt15,"Net Migrants 2010s, total, ages 15-19"
m1ttt20,"Net Migrants 2010s, total, ages 20-24"
m1ttt25,"Net Migrants 2010s, total, ages 25-29"
m1ttt30,"Net Migrants 2010s, total, ages 30-34"
m1ttt35,"Net Migrants 2010s, total, ages 35-39"
m1ttt40,"Net Migrants 2010s, total, ages 40-44"
m1ttt45,"Net Migrants 2010s, total, ages 45-49"
m1ttt50,"Net Migrants 2010s, total, ages 50-54"
m1ttt55,"Net Migrants 2010s, total, ages 55-59"
m1ttt60,"Net Migrants 2010s, total, ages 60-64"
m1ttt65,"Net Migrants 2010s, total, ages 65-69"
m1ttt70,"Net Migrants 2010s, total, ages 70-74"
m1ttt75,"Net Migrants 2010s, total, ages 75-79"
m1ttt80,"Net Migrants 2010s, total, ages 80-84"
m1ttt85,"Net Migrants 2010s, total, ages 85 up"
e1ttt0,"Expected Population 2020, total, ages 00-04"
e1ttt5,"Expected Population 2020, total, ages 05-09"
e1ttt10,"Expected Population 2020, total, ages 10-14"
e1ttt15,"Expected Population 2020, total, ages 15-19"
e1ttt20,"Expected Population 2020, total, ages 20-24"
e1ttt25,"Expected Population 2020, total, ages 25-29"
e1ttt30,"Expected Population 2020, total, ages 30-34"
e1ttt35,"Expected Population 2020, total, ages 35-39"
e1ttt40,"Expected Population 2020, total, ages 40-44"
e1ttt45,"Expected Population 2020, total, ages 45-49"
e1ttt50,"Expected Population 2020, total, ages 50-54"
e1ttt55,"Expected Population 2020, total, ages 55-59"
e1ttt60,"Expected Population 2020, total, ages 60-64"
e1ttt65,"Expected Population 2020, total, ages 65-69"
e1ttt70,"Expected Population 2020, total, ages 70-74"
e1ttt75,"Expected Population 2020, total, ages 75-79"
e1ttt80,"Expected Population 2020, total, ages 80-84"
e1ttt85,"Expected Population 2020, total, ages 85 up"
r1ttt0,"Net Migration Rate 2010s, total, ages 00-04"
r1ttt5,"Net Migration Rate 2010s, total, ages 05-09"
r1ttt10,"Net Migration Rate 2010s, total, ages 10-14"
r1ttt15,"Net Migration Rate 2010s, total, ages 15-19"
r1ttt20,"Net Migration Rate 2010s, total, ages 20-24"
r1ttt25,"Net Migration Rate 2010s, total, ages 25-29"
r1ttt30,"Net Migration Rate 2010s, total, ages 30-34"
r1ttt35,"Net Migration Rate 2010s, total, ages 35-39"
r1ttt40,"Net Migration Rate 2010s, total, ages 40-44"
r1ttt45,"Net Migration Rate 2010s, total, ages 45-49"
r1ttt50,"Net Migration Rate 2010s, total, ages 50-54"
r1ttt55,"Net Migration Rate 2010s, total, ages 55-59"
r1ttt60,"Net Migration Rate 2010s, total, ages 60-64"
r1ttt65,"Net Migration Rate 2010s, total, ages 65-69"
r1ttt70,"Net Migration Rate 2010s, total, ages 70-74"
r1ttt75,"Net Migration Rate 2010s, total, ages 75-79"
r1ttt80,"Net Migration Rate 2010s, total, ages 80-84"
r1ttt85,"Net Migration Rate 2010s, total, ages 85 up"
f1ttft,"Population 2020, female total"
f1ttmt,"Population 2020, male total"
m1ttft,"Net Migrants 2010s, female total"
m1ttmt,"Net Migrants 2010s, male total"
e1ttft,"Expected Population 2020, female total"
e1ttmt,"Expected Population 2020, male total"
r1ttft,"Net Migration Rate 2010s, female total"
r1ttmt,"Net Migration Rate 2010s, male total"
f1tttt,"Population 2020, total"
m1tttt,"Net Migrants 2010s, total"
e1tttt,"Expected Population 2020, total"
r1tttt,"Net Migration Rate 2010s, total"
